
PLAY [verify] ******************************************************************

TASK [Gathering Facts] *********************************************************
ok: [localhost]

TASK [/stigforge/roles/rhel9_stig : StigForge apply rhel9_stig profile stig] ***
included: /stigforge/roles/rhel9_stig/tasks/stig.yml for localhost

TASK [/stigforge/roles/rhel9_stig : Gather the package facts] ******************
ok: [localhost]

TASK [/stigforge/roles/rhel9_stig : Ensure aide is installed] ******************
skipping: [localhost]

TASK [/stigforge/roles/rhel9_stig : Build and Test AIDE Database - Ensure AIDE Is Installed] ***
skipping: [localhost] => (item=aide) 
skipping: [localhost]

TASK [/stigforge/roles/rhel9_stig : Ensure aide is installed] ******************
skipping: [localhost] => (item=aide) 
skipping: [localhost]

TASK [/stigforge/roles/rhel9_stig : Ensure AIDE is installed] ******************
skipping: [localhost]

TASK [/stigforge/roles/rhel9_stig : Install cron] ******************************
skipping: [localhost]

TASK [/stigforge/roles/rhel9_stig : Ensure AIDE is installed] ******************
skipping: [localhost] => (item=aide) 
skipping: [localhost]

TASK [/stigforge/roles/rhel9_stig : Configure AIDE to Use FIPS 140-2 for Validating Hashes - Ensure aide is installed] ***
skipping: [localhost]

TASK [/stigforge/roles/rhel9_stig : Ensure crypto-policies is installed] *******
ok: [localhost]

TASK [/stigforge/roles/rhel9_stig : Ensure sudo is installed] ******************
skipping: [localhost]

TASK [/stigforge/roles/rhel9_stig : Ensure gnutls-utils is installed] **********
changed: [localhost]

TASK [/stigforge/roles/rhel9_stig : Ensure nss-tools is installed] *************
changed: [localhost]

TASK [/stigforge/roles/rhel9_stig : Ensure rng-tools is installed] *************
skipping: [localhost]

TASK [/stigforge/roles/rhel9_stig : Uninstall gssproxy Package: Ensure gssproxy is removed] ***
ok: [localhost]

TASK [/stigforge/roles/rhel9_stig : Uninstall iprutils Package: Ensure iprutils is removed] ***
ok: [localhost]

TASK [/stigforge/roles/rhel9_stig : Uninstall tuned Package: Ensure tuned is removed] ***
ok: [localhost]

TASK [/stigforge/roles/rhel9_stig : Lock Accounts Must Persist - Ensure necessary SELinux packages are installed] ***
changed: [localhost] => (item=python3-libselinux)
changed: [localhost] => (item=python3-policycoreutils)
changed: [localhost] => (item=policycoreutils-python-utils)

TASK [/stigforge/roles/rhel9_stig : Ensure rsyslog-gnutls is installed] ********
skipping: [localhost]

TASK [/stigforge/roles/rhel9_stig : Ensure rsyslog is installed] ***************
skipping: [localhost]

TASK [/stigforge/roles/rhel9_stig : Ensure libreswan is installed] *************
changed: [localhost]

TASK [/stigforge/roles/rhel9_stig : Ensure NetworkManager is installed] ********
skipping: [localhost] => (item=NetworkManager) 
skipping: [localhost]

TASK [/stigforge/roles/rhel9_stig : Ensure policycoreutils-python-utils is installed] ***
skipping: [localhost]

TASK [/stigforge/roles/rhel9_stig : Ensure policycoreutils is installed] *******
skipping: [localhost]

TASK [/stigforge/roles/rhel9_stig : Ensure cronie is installed] ****************
skipping: [localhost]

TASK [/stigforge/roles/rhel9_stig : Ensure fapolicyd is installed] *************
skipping: [localhost]

TASK [/stigforge/roles/rhel9_stig : Uninstall vsftpd Package: Ensure vsftpd is removed] ***
ok: [localhost]

TASK [/stigforge/roles/rhel9_stig : Ensure postfix is installed] ***************
skipping: [localhost]

TASK [/stigforge/roles/rhel9_stig : Ensure s-nail is installed] ****************
skipping: [localhost]

TASK [/stigforge/roles/rhel9_stig : Uninstall Sendmail Package: Ensure sendmail is removed] ***
skipping: [localhost]

TASK [/stigforge/roles/rhel9_stig : Uninstall nfs-utils Package: Ensure nfs-utils is removed] ***
ok: [localhost]

TASK [/stigforge/roles/rhel9_stig : Ensure chrony is installed] ****************
skipping: [localhost]

TASK [/stigforge/roles/rhel9_stig : Uninstall telnet-server Package: Ensure telnet-server is removed] ***
ok: [localhost]

TASK [/stigforge/roles/rhel9_stig : Uninstall tftp-server Package: Ensure tftp-server is removed] ***
ok: [localhost]

TASK [/stigforge/roles/rhel9_stig : Ensure openssh-clients is installed] *******
skipping: [localhost]

TASK [/stigforge/roles/rhel9_stig : Ensure openssh-server is installed] ********
skipping: [localhost]

TASK [/stigforge/roles/rhel9_stig : Enable SSH Server firewalld Firewall Exception - Ensure firewalld and NetworkManager packages are installed] ***
skipping: [localhost] => (item=firewalld) 
skipping: [localhost] => (item=NetworkManager) 
skipping: [localhost]

TASK [/stigforge/roles/rhel9_stig : Ensure usbguard is installed] **************
skipping: [localhost]

TASK [/stigforge/roles/rhel9_stig : Ensure audispd-plugins is installed] *******
skipping: [localhost]

TASK [/stigforge/roles/rhel9_stig : Ensure audit is installed] *****************
skipping: [localhost]

TASK [/stigforge/roles/rhel9_stig : Gather the package facts] ******************
ok: [localhost]

TASK [/stigforge/roles/rhel9_stig : Disable debug-shell SystemD Service - Collect systemd Services Present in the System] ***
skipping: [localhost]

TASK [/stigforge/roles/rhel9_stig : Disable debug-shell SystemD Service - Ensure debug-shell.service is Masked] ***
skipping: [localhost]

TASK [/stigforge/roles/rhel9_stig : Unit Socket Exists - debug-shell.socket] ***
skipping: [localhost]

TASK [/stigforge/roles/rhel9_stig : Disable debug-shell SystemD Service - Disable Socket debug-shell] ***
skipping: [localhost]

TASK [/stigforge/roles/rhel9_stig : Enable rsyslog Service - Enable Service rsyslog] ***
skipping: [localhost]

TASK [/stigforge/roles/rhel9_stig : Enable systemd-journald Service - Enable Service systemd-journald] ***
skipping: [localhost]

TASK [/stigforge/roles/rhel9_stig : Disable the Automounter - Collect systemd Services Present in the System] ***
skipping: [localhost]

TASK [/stigforge/roles/rhel9_stig : Disable the Automounter - Ensure autofs.service is Masked] ***
skipping: [localhost]

TASK [/stigforge/roles/rhel9_stig : Unit Socket Exists - autofs.socket] ********
skipping: [localhost]

TASK [/stigforge/roles/rhel9_stig : Disable the Automounter - Disable Socket autofs] ***
skipping: [localhost]

TASK [/stigforge/roles/rhel9_stig : Disable KDump Kernel Crash Analyzer (kdump) - Collect systemd Services Present in the System] ***
skipping: [localhost]

TASK [/stigforge/roles/rhel9_stig : Disable KDump Kernel Crash Analyzer (kdump) - Ensure kdump.service is Masked] ***
skipping: [localhost]

TASK [/stigforge/roles/rhel9_stig : Unit Socket Exists - kdump.socket] *********
skipping: [localhost]

TASK [/stigforge/roles/rhel9_stig : Disable KDump Kernel Crash Analyzer (kdump) - Disable Socket kdump] ***
skipping: [localhost]

TASK [/stigforge/roles/rhel9_stig : Enable the File Access Policy Service - Enable Service fapolicyd] ***
skipping: [localhost]

TASK [/stigforge/roles/rhel9_stig : The Chronyd service is enabled - Enable Service chronyd] ***
skipping: [localhost]

TASK [/stigforge/roles/rhel9_stig : Enable the OpenSSH Service - Enable Service sshd] ***
skipping: [localhost]

TASK [/stigforge/roles/rhel9_stig : Enable the USBGuard Service - Enable Service usbguard] ***
skipping: [localhost]

TASK [/stigforge/roles/rhel9_stig : Enable auditd Service - Enable Service auditd] ***
skipping: [localhost]

TASK [/stigforge/roles/rhel9_stig : Gather the service facts] ******************
skipping: [localhost]

TASK [/stigforge/roles/rhel9_stig : Build and Test AIDE Database - Build and Test AIDE Database] ***
skipping: [localhost]

TASK [/stigforge/roles/rhel9_stig : Build and Test AIDE Database - Check Whether the Stock AIDE Database Exists] ***
skipping: [localhost]

TASK [/stigforge/roles/rhel9_stig : Build and Test AIDE Database - Stage AIDE Database] ***
skipping: [localhost]

TASK [/stigforge/roles/rhel9_stig : Set audit_tools fact] **********************
skipping: [localhost]

TASK [/stigforge/roles/rhel9_stig : Ensure existing AIDE configuration for audit tools are correct] ***
skipping: [localhost]

TASK [/stigforge/roles/rhel9_stig : Configure AIDE to properly protect audit tools] ***
skipping: [localhost]

TASK [/stigforge/roles/rhel9_stig : Configure Periodic Execution of AIDE] ******
skipping: [localhost]

TASK [/stigforge/roles/rhel9_stig : Configure Notification of Post-AIDE Scan Details] ***
skipping: [localhost]

TASK [/stigforge/roles/rhel9_stig : Configure AIDE to Use FIPS 140-2 for Validating Hashes - Set-fact aide config file and forbidden hashes] ***
skipping: [localhost]

TASK [/stigforge/roles/rhel9_stig : Configure AIDE to Use FIPS 140-2 for Validating Hashes - Remove forbidden hashes] ***
skipping: [localhost]

TASK [/stigforge/roles/rhel9_stig : Configure AIDE to Use FIPS 140-2 for Validating Hashes - Set sha512] ***
skipping: [localhost]

TASK [/stigforge/roles/rhel9_stig : Get rules groups] **************************
skipping: [localhost]

TASK [/stigforge/roles/rhel9_stig : Ensure the acl rule is present when aide is installed.] ***
skipping: [localhost]

TASK [/stigforge/roles/rhel9_stig : Get rules groups] **************************
skipping: [localhost]

TASK [/stigforge/roles/rhel9_stig : Ensure the xattrs rule is present when aide is installed.] ***
skipping: [localhost]

TASK [/stigforge/roles/rhel9_stig : Set the file_audit_tools_group_ownership_newgroup variable if represented by gid] ***
skipping: [localhost]

TASK [/stigforge/roles/rhel9_stig : Test for existence /sbin/auditctl] *********
skipping: [localhost]

TASK [/stigforge/roles/rhel9_stig : Ensure group owner on /sbin/auditctl] ******
skipping: [localhost]

TASK [/stigforge/roles/rhel9_stig : Test for existence /sbin/aureport] *********
skipping: [localhost]

TASK [/stigforge/roles/rhel9_stig : Ensure group owner on /sbin/aureport] ******
skipping: [localhost]

TASK [/stigforge/roles/rhel9_stig : Test for existence /sbin/ausearch] *********
skipping: [localhost]

TASK [/stigforge/roles/rhel9_stig : Ensure group owner on /sbin/ausearch] ******
skipping: [localhost]

TASK [/stigforge/roles/rhel9_stig : Test for existence /sbin/autrace] **********
skipping: [localhost]

TASK [/stigforge/roles/rhel9_stig : Ensure group owner on /sbin/autrace] *******
skipping: [localhost]

TASK [/stigforge/roles/rhel9_stig : Test for existence /sbin/auditd] ***********
skipping: [localhost]

TASK [/stigforge/roles/rhel9_stig : Ensure group owner on /sbin/auditd] ********
skipping: [localhost]

TASK [/stigforge/roles/rhel9_stig : Test for existence /sbin/rsyslogd] *********
skipping: [localhost]

TASK [/stigforge/roles/rhel9_stig : Ensure group owner on /sbin/rsyslogd] ******
skipping: [localhost]

TASK [/stigforge/roles/rhel9_stig : Test for existence /sbin/augenrules] *******
skipping: [localhost]

TASK [/stigforge/roles/rhel9_stig : Ensure group owner on /sbin/augenrules] ****
skipping: [localhost]

TASK [/stigforge/roles/rhel9_stig : Set the file_audit_tools_ownership_newown variable if represented by uid] ***
skipping: [localhost]

TASK [/stigforge/roles/rhel9_stig : Test for existence /sbin/auditctl] *********
skipping: [localhost]

TASK [/stigforge/roles/rhel9_stig : Ensure owner on /sbin/auditctl] ************
skipping: [localhost]

TASK [/stigforge/roles/rhel9_stig : Test for existence /sbin/aureport] *********
skipping: [localhost]

TASK [/stigforge/roles/rhel9_stig : Ensure owner on /sbin/aureport] ************
skipping: [localhost]

TASK [/stigforge/roles/rhel9_stig : Test for existence /sbin/ausearch] *********
skipping: [localhost]

TASK [/stigforge/roles/rhel9_stig : Ensure owner on /sbin/ausearch] ************
skipping: [localhost]

TASK [/stigforge/roles/rhel9_stig : Test for existence /sbin/autrace] **********
skipping: [localhost]

TASK [/stigforge/roles/rhel9_stig : Ensure owner on /sbin/autrace] *************
skipping: [localhost]

TASK [/stigforge/roles/rhel9_stig : Test for existence /sbin/auditd] ***********
skipping: [localhost]

TASK [/stigforge/roles/rhel9_stig : Ensure owner on /sbin/auditd] **************
skipping: [localhost]

TASK [/stigforge/roles/rhel9_stig : Test for existence /sbin/rsyslogd] *********
skipping: [localhost]

TASK [/stigforge/roles/rhel9_stig : Ensure owner on /sbin/rsyslogd] ************
skipping: [localhost]

TASK [/stigforge/roles/rhel9_stig : Test for existence /sbin/augenrules] *******
skipping: [localhost]

TASK [/stigforge/roles/rhel9_stig : Ensure owner on /sbin/augenrules] **********
skipping: [localhost]

TASK [/stigforge/roles/rhel9_stig : Test for existence /sbin/auditctl] *********
skipping: [localhost]

TASK [/stigforge/roles/rhel9_stig : Ensure permission u-s,g-ws,o-wt on /sbin/auditctl] ***
skipping: [localhost]

TASK [/stigforge/roles/rhel9_stig : Test for existence /sbin/aureport] *********
skipping: [localhost]

TASK [/stigforge/roles/rhel9_stig : Ensure permission u-s,g-ws,o-wt on /sbin/aureport] ***
skipping: [localhost]

TASK [/stigforge/roles/rhel9_stig : Test for existence /sbin/ausearch] *********
skipping: [localhost]

TASK [/stigforge/roles/rhel9_stig : Ensure permission u-s,g-ws,o-wt on /sbin/ausearch] ***
skipping: [localhost]

TASK [/stigforge/roles/rhel9_stig : Test for existence /sbin/autrace] **********
skipping: [localhost]

TASK [/stigforge/roles/rhel9_stig : Ensure permission u-s,g-ws,o-wt on /sbin/autrace] ***
skipping: [localhost]

TASK [/stigforge/roles/rhel9_stig : Test for existence /sbin/auditd] ***********
skipping: [localhost]

TASK [/stigforge/roles/rhel9_stig : Ensure permission u-s,g-ws,o-wt on /sbin/auditd] ***
skipping: [localhost]

TASK [/stigforge/roles/rhel9_stig : Test for existence /sbin/rsyslogd] *********
skipping: [localhost]

TASK [/stigforge/roles/rhel9_stig : Ensure permission u-s,g-ws,o-wt on /sbin/rsyslogd] ***
skipping: [localhost]

TASK [/stigforge/roles/rhel9_stig : Test for existence /sbin/augenrules] *******
skipping: [localhost]

TASK [/stigforge/roles/rhel9_stig : Ensure permission u-s,g-ws,o-wt on /sbin/augenrules] ***
skipping: [localhost]

TASK [/stigforge/roles/rhel9_stig : Implement STIG Sub Crypto Policy - Create custom crypto policy - cipher] ***
changed: [localhost]

TASK [/stigforge/roles/rhel9_stig : Implement STIG Sub Crypto Policy - Create custom crypto policy - mac] ***
changed: [localhost]

TASK [/stigforge/roles/rhel9_stig : Implement STIG Sub Crypto Policy - Update crypto-policies] ***
changed: [localhost]

TASK [/stigforge/roles/rhel9_stig : Configure BIND to use System Crypto Policy - Check BIND configuration file exists] ***
skipping: [localhost]

TASK [/stigforge/roles/rhel9_stig : Configure BIND to use System Crypto Policy - Aborting remediation, file not found] ***
skipping: [localhost]

TASK [/stigforge/roles/rhel9_stig : Configure BIND to use System Crypto Policy - Insert crypto-policy into BIND config] ***
skipping: [localhost]

TASK [/stigforge/roles/rhel9_stig : Configure System Cryptography Policy] ******
ok: [localhost]

TASK [/stigforge/roles/rhel9_stig : Verify that Crypto Policy is Set (runtime)] ***
changed: [localhost]

TASK [/stigforge/roles/rhel9_stig : Configure Kerberos to use System Crypto Policy] ***
ok: [localhost]

TASK [/stigforge/roles/rhel9_stig : Configure Libreswan to use System Crypto Policy] ***
ok: [localhost]

TASK [/stigforge/roles/rhel9_stig : Run dconf update] **************************
skipping: [localhost]

TASK [/stigforge/roles/rhel9_stig : Disable the GNOME3 Login Restart and Shutdown Buttons] ***
skipping: [localhost]

TASK [/stigforge/roles/rhel9_stig : Prevent user modification of GNOME disablement of Login Restart and Shutdown Buttons] ***
skipping: [localhost]

TASK [/stigforge/roles/rhel9_stig : Dconf Update] ******************************
skipping: [localhost]

TASK [/stigforge/roles/rhel9_stig : Disable the GNOME3 Login User List] ********
skipping: [localhost]

TASK [/stigforge/roles/rhel9_stig : Prevent user modification of GNOME3 disablement of Login User List] ***
skipping: [localhost]

TASK [/stigforge/roles/rhel9_stig : Dconf Update] ******************************
skipping: [localhost]

TASK [/stigforge/roles/rhel9_stig : Detect if removal-action can be found on /etc/dconf/db/local.d/] ***
skipping: [localhost]

TASK [/stigforge/roles/rhel9_stig : Configure removal-action - default file] ***
skipping: [localhost]

TASK [/stigforge/roles/rhel9_stig : Configure removal-action - existing files] ***
skipping: [localhost]

TASK [/stigforge/roles/rhel9_stig : Detect if lock for removal-action can be found on /etc/dconf/db/local.d/] ***
skipping: [localhost]

TASK [/stigforge/roles/rhel9_stig : Prevent user modification removal-action - default file] ***
skipping: [localhost]

TASK [/stigforge/roles/rhel9_stig : Prevent user modification removal-action - existing files] ***
skipping: [localhost]

TASK [/stigforge/roles/rhel9_stig : Dconf Update - removal-action] *************
skipping: [localhost]

TASK [/stigforge/roles/rhel9_stig : Disable GDM Automatic Login] ***************
skipping: [localhost]

TASK [/stigforge/roles/rhel9_stig : Disable GNOME3 Automounting - automount-open] ***
skipping: [localhost]

TASK [/stigforge/roles/rhel9_stig : Prevent user modification of GNOME3 Automounting - automount-open] ***
skipping: [localhost]

TASK [/stigforge/roles/rhel9_stig : Dconf Update] ******************************
skipping: [localhost]

TASK [/stigforge/roles/rhel9_stig : Disable GNOME3 Automounting - autorun-never] ***
skipping: [localhost]

TASK [/stigforge/roles/rhel9_stig : Prevent user modification of GNOME3 Automounting - autorun-never] ***
skipping: [localhost]

TASK [/stigforge/roles/rhel9_stig : Dconf Update] ******************************
skipping: [localhost]

TASK [/stigforge/roles/rhel9_stig : Set GNOME3 Screensaver Lock Delay After Activation Period] ***
skipping: [localhost]

TASK [/stigforge/roles/rhel9_stig : Dconf Update] ******************************
skipping: [localhost]

TASK [/stigforge/roles/rhel9_stig : Dconf Update] ******************************
skipping: [localhost]

TASK [/stigforge/roles/rhel9_stig : Enable GNOME3 Screensaver Lock After Idle Period] ***
skipping: [localhost]

TASK [/stigforge/roles/rhel9_stig : Prevent user modification of GNOME lock-enabled] ***
skipping: [localhost]

TASK [/stigforge/roles/rhel9_stig : Enable GNOME3 Screensaver Lock After Idle Period] ***
skipping: [localhost]

TASK [/stigforge/roles/rhel9_stig : Prevent user modification of GNOME disable-lock-screen] ***
skipping: [localhost]

TASK [/stigforge/roles/rhel9_stig : Check GNOME3 screenserver disable-lock-screen false] ***
skipping: [localhost]

TASK [/stigforge/roles/rhel9_stig : Update GNOME3 screenserver disable-lock-screen false] ***
skipping: [localhost]

TASK [/stigforge/roles/rhel9_stig : Dconf Update] ******************************
skipping: [localhost]

TASK [/stigforge/roles/rhel9_stig : Implement Blank Screensaver] ***************
skipping: [localhost]

TASK [/stigforge/roles/rhel9_stig : Prevent user modification of GNOME picture-uri] ***
skipping: [localhost]

TASK [/stigforge/roles/rhel9_stig : Dconf Update] ******************************
skipping: [localhost]

TASK [/stigforge/roles/rhel9_stig : Prevent user modification of GNOME lock-delay] ***
skipping: [localhost]

TASK [/stigforge/roles/rhel9_stig : Dconf Update] ******************************
skipping: [localhost]

TASK [/stigforge/roles/rhel9_stig : Disable Ctrl-Alt-Del Reboot Key Sequence in GNOME3] ***
skipping: [localhost]

TASK [/stigforge/roles/rhel9_stig : Prevent user modification of GNOME disablement of Ctrl-Alt-Del] ***
skipping: [localhost]

TASK [/stigforge/roles/rhel9_stig : Dconf Update] ******************************
skipping: [localhost]

TASK [/stigforge/roles/rhel9_stig : Find /etc/sudoers.d/ files] ****************
skipping: [localhost]

TASK [/stigforge/roles/rhel9_stig : Remove lines containing !authenticate from sudoers files] ***
skipping: [localhost]

TASK [/stigforge/roles/rhel9_stig : Find out if /etc/sudoers.d/* files contain Defaults targetpw to be deduplicated] ***
skipping: [localhost]

TASK [/stigforge/roles/rhel9_stig : Remove found occurrences of Defaults targetpw from /etc/sudoers.d/* files] ***
skipping: [localhost]

TASK [/stigforge/roles/rhel9_stig : Find out if /etc/sudoers.d/* files contain Defaults rootpw to be deduplicated] ***
skipping: [localhost]

TASK [/stigforge/roles/rhel9_stig : Remove found occurrences of Defaults rootpw from /etc/sudoers.d/* files] ***
skipping: [localhost]

TASK [/stigforge/roles/rhel9_stig : Find out if /etc/sudoers.d/* files contain Defaults runaspw to be deduplicated] ***
skipping: [localhost]

TASK [/stigforge/roles/rhel9_stig : Remove found occurrences of Defaults runaspw from /etc/sudoers.d/* files] ***
skipping: [localhost]

TASK [/stigforge/roles/rhel9_stig : Remove any ocurrences of Defaults targetpw in /etc/sudoers] ***
skipping: [localhost]

TASK [/stigforge/roles/rhel9_stig : Remove any ocurrences of Defaults rootpw in /etc/sudoers] ***
skipping: [localhost]

TASK [/stigforge/roles/rhel9_stig : Remove any ocurrences of Defaults runaspw in /etc/sudoers] ***
skipping: [localhost]

TASK [/stigforge/roles/rhel9_stig : Check for duplicate values] ****************
skipping: [localhost]

TASK [/stigforge/roles/rhel9_stig : Deduplicate values from /etc/sudoers] ******
skipping: [localhost]

TASK [/stigforge/roles/rhel9_stig : Insert correct line into /etc/sudoers] *****
skipping: [localhost]

TASK [/stigforge/roles/rhel9_stig : Check for duplicate values] ****************
skipping: [localhost]

TASK [/stigforge/roles/rhel9_stig : Deduplicate values from /etc/sudoers] ******
skipping: [localhost]

TASK [/stigforge/roles/rhel9_stig : Insert correct line into /etc/sudoers] *****
skipping: [localhost]

TASK [/stigforge/roles/rhel9_stig : Check for duplicate values] ****************
skipping: [localhost]

TASK [/stigforge/roles/rhel9_stig : Deduplicate values from /etc/sudoers] ******
skipping: [localhost]

TASK [/stigforge/roles/rhel9_stig : Insert correct line into /etc/sudoers] *****
skipping: [localhost]

TASK [/stigforge/roles/rhel9_stig : Ensure dnf Removes Previous Package Versions - Ensure DNF Removes Previous Package Versions] ***
changed: [localhost]

TASK [/stigforge/roles/rhel9_stig : Ensure GPG check is globally activated] ****
ok: [localhost]

TASK [/stigforge/roles/rhel9_stig : Check stats of dnf] ************************
ok: [localhost]

TASK [/stigforge/roles/rhel9_stig : Check if config file of dnf is a symlink] ***
skipping: [localhost]

TASK [/stigforge/roles/rhel9_stig : Ensure GPG check Enabled for Local Packages (dnf)] ***
changed: [localhost]

TASK [/stigforge/roles/rhel9_stig : Grep for dnf repo section names] ***********
ok: [localhost]

TASK [/stigforge/roles/rhel9_stig : Set gpgcheck=1 for each dnf repo] **********
ok: [localhost] => (item=['/etc/yum.repos.d/rocky.repo', 'baseos'])
ok: [localhost] => (item=['/etc/yum.repos.d/rocky.repo', 'baseos-debug'])
ok: [localhost] => (item=['/etc/yum.repos.d/rocky.repo', 'baseos-source'])
ok: [localhost] => (item=['/etc/yum.repos.d/rocky.repo', 'appstream'])
ok: [localhost] => (item=['/etc/yum.repos.d/rocky.repo', 'appstream-debug'])
ok: [localhost] => (item=['/etc/yum.repos.d/rocky.repo', 'appstream-source'])
ok: [localhost] => (item=['/etc/yum.repos.d/rocky.repo', 'crb'])
ok: [localhost] => (item=['/etc/yum.repos.d/rocky.repo', 'crb-debug'])
ok: [localhost] => (item=['/etc/yum.repos.d/rocky.repo', 'crb-source'])
ok: [localhost] => (item=['/etc/yum.repos.d/rocky-extras.repo', 'extras'])
ok: [localhost] => (item=['/etc/yum.repos.d/rocky-extras.repo', 'extras-debug'])
ok: [localhost] => (item=['/etc/yum.repos.d/rocky-extras.repo', 'extras-source'])
ok: [localhost] => (item=['/etc/yum.repos.d/rocky-extras.repo', 'plus'])
ok: [localhost] => (item=['/etc/yum.repos.d/rocky-extras.repo', 'plus-debug'])
ok: [localhost] => (item=['/etc/yum.repos.d/rocky-extras.repo', 'plus-source'])
ok: [localhost] => (item=['/etc/yum.repos.d/rocky-addons.repo', 'highavailability'])
ok: [localhost] => (item=['/etc/yum.repos.d/rocky-addons.repo', 'highavailability-debug'])
ok: [localhost] => (item=['/etc/yum.repos.d/rocky-addons.repo', 'highavailability-source'])
ok: [localhost] => (item=['/etc/yum.repos.d/rocky-addons.repo', 'resilientstorage'])
ok: [localhost] => (item=['/etc/yum.repos.d/rocky-addons.repo', 'resilientstorage-debug'])
ok: [localhost] => (item=['/etc/yum.repos.d/rocky-addons.repo', 'resilientstorage-source'])
ok: [localhost] => (item=['/etc/yum.repos.d/rocky-addons.repo', 'nfv'])
ok: [localhost] => (item=['/etc/yum.repos.d/rocky-addons.repo', 'nfv-debug'])
ok: [localhost] => (item=['/etc/yum.repos.d/rocky-addons.repo', 'nfv-source'])
ok: [localhost] => (item=['/etc/yum.repos.d/rocky-addons.repo', 'rt'])
ok: [localhost] => (item=['/etc/yum.repos.d/rocky-addons.repo', 'rt-debug'])
ok: [localhost] => (item=['/etc/yum.repos.d/rocky-addons.repo', 'rt-source'])
ok: [localhost] => (item=['/etc/yum.repos.d/rocky-addons.repo', 'sap'])
ok: [localhost] => (item=['/etc/yum.repos.d/rocky-addons.repo', 'sap-debug'])
ok: [localhost] => (item=['/etc/yum.repos.d/rocky-addons.repo', 'sap-source'])
ok: [localhost] => (item=['/etc/yum.repos.d/rocky-addons.repo', 'saphana'])
ok: [localhost] => (item=['/etc/yum.repos.d/rocky-addons.repo', 'saphana-debug'])
ok: [localhost] => (item=['/etc/yum.repos.d/rocky-addons.repo', 'saphana-source'])
ok: [localhost] => (item=['/etc/yum.repos.d/rocky-devel.repo', 'devel'])
ok: [localhost] => (item=['/etc/yum.repos.d/rocky-devel.repo', 'devel-debug'])
ok: [localhost] => (item=['/etc/yum.repos.d/rocky-devel.repo', 'devel-source'])

TASK [/stigforge/roles/rhel9_stig : Read permission of GPG key directory] ******
ok: [localhost]

TASK [/stigforge/roles/rhel9_stig : Read signatures in GPG key] ****************
ok: [localhost]

TASK [/stigforge/roles/rhel9_stig : Set Fact - Installed GPG Fingerprints] *****
ok: [localhost]

TASK [/stigforge/roles/rhel9_stig : Set Fact - Valid fingerprints] *************
ok: [localhost]

TASK [/stigforge/roles/rhel9_stig : Import RedHat GPG key] *********************
skipping: [localhost]

TASK [/stigforge/roles/rhel9_stig : Enable authselect - Check Current authselect Profile] ***
ok: [localhost]

TASK [/stigforge/roles/rhel9_stig : Enable authselect - Try to Select an authselect Profile] ***
ok: [localhost]

TASK [/stigforge/roles/rhel9_stig : Enable authselect - Verify If pam Has Been Altered] ***
ok: [localhost]

TASK [/stigforge/roles/rhel9_stig : Enable authselect - Informative Message Based on authselect Integrity Check] ***
ok: [localhost] => {
    "changed": false,
    "msg": "All assertions passed"
}

TASK [/stigforge/roles/rhel9_stig : Enable authselect - Force authselect Profile Selection] ***
changed: [localhost]

TASK [/stigforge/roles/rhel9_stig : Modify the System Login Banner - Ensure Correct Banner] ***
skipping: [localhost]

TASK [/stigforge/roles/rhel9_stig : Enable GNOME3 Login Warning Banner] ********
skipping: [localhost]

TASK [/stigforge/roles/rhel9_stig : Prevent user modification of GNOME banner-message-enabled] ***
skipping: [localhost]

TASK [/stigforge/roles/rhel9_stig : Dconf Update] ******************************
skipping: [localhost]

TASK [/stigforge/roles/rhel9_stig : Set the GNOME3 Login Warning Banner Text] ***
skipping: [localhost] => (item=distro.d) 
skipping: [localhost] => (item=distro.d/locks) 
skipping: [localhost]

TASK [/stigforge/roles/rhel9_stig : Set the GNOME3 Login Warning Banner Text] ***
skipping: [localhost] => (item=00-security-settings) 
skipping: [localhost] => (item=locks/00-security-settings-lock) 
skipping: [localhost]

TASK [/stigforge/roles/rhel9_stig : Set the GNOME3 Login Warning Banner Text] ***
skipping: [localhost]

TASK [/stigforge/roles/rhel9_stig : Prevent user modification of the GNOME3 Login Warning Banner Text] ***
skipping: [localhost]

TASK [/stigforge/roles/rhel9_stig : Dconf Update] ******************************
skipping: [localhost]

TASK [/stigforge/roles/rhel9_stig : Check for pam_succeed_if entry] ************
ok: [localhost]

TASK [/stigforge/roles/rhel9_stig : Ensure PAM Displays Last Logon/Access Notification - Check if system relies on authselect tool] ***
ok: [localhost]

TASK [/stigforge/roles/rhel9_stig : Ensure PAM Displays Last Logon/Access Notification - Collect the Available authselect Features] ***
ok: [localhost]

TASK [/stigforge/roles/rhel9_stig : Ensure PAM Displays Last Logon/Access Notification - Check integrity of authselect current profile] ***
ok: [localhost]

TASK [/stigforge/roles/rhel9_stig : Ensure PAM Displays Last Logon/Access Notification - Informative message based on the authselect integrity check result] ***
ok: [localhost] => {
    "changed": false,
    "msg": [
        "authselect integrity check passed"
    ]
}

TASK [/stigforge/roles/rhel9_stig : Ensure PAM Displays Last Logon/Access Notification - Get authselect Features Currently Enabled] ***
ok: [localhost]

TASK [/stigforge/roles/rhel9_stig : Ensure PAM Displays Last Logon/Access Notification - Ensure "with-silent-lastlog" Feature is Disabled Using authselect Tool] ***
skipping: [localhost]

TASK [/stigforge/roles/rhel9_stig : Ensure PAM Displays Last Logon/Access Notification - Ensure authselect changes are applied] ***
skipping: [localhost]

TASK [/stigforge/roles/rhel9_stig : Ensure PAM Displays Last Logon/Access Notification - Define the PAM file to be edited as a local fact] ***
ok: [localhost]

TASK [/stigforge/roles/rhel9_stig : Ensure PAM Displays Last Logon/Access Notification - Check if system relies on authselect tool] ***
ok: [localhost]

TASK [/stigforge/roles/rhel9_stig : Ensure PAM Displays Last Logon/Access Notification - Check integrity of authselect current profile] ***
ok: [localhost]

TASK [/stigforge/roles/rhel9_stig : Ensure PAM Displays Last Logon/Access Notification - Informative message based on the authselect integrity check result] ***
ok: [localhost] => {
    "changed": false,
    "msg": [
        "authselect integrity check passed"
    ]
}

TASK [/stigforge/roles/rhel9_stig : Ensure PAM Displays Last Logon/Access Notification - Get authselect current profile] ***
ok: [localhost]

TASK [/stigforge/roles/rhel9_stig : Ensure PAM Displays Last Logon/Access Notification - Define the current authselect profile as a local fact] ***
skipping: [localhost]

TASK [/stigforge/roles/rhel9_stig : Ensure PAM Displays Last Logon/Access Notification - Define the new authselect custom profile as a local fact] ***
ok: [localhost]

TASK [/stigforge/roles/rhel9_stig : Ensure PAM Displays Last Logon/Access Notification - Get authselect current features to also enable them in the custom profile] ***
ok: [localhost]

TASK [/stigforge/roles/rhel9_stig : Ensure PAM Displays Last Logon/Access Notification - Check if any custom profile with the same name was already created] ***
ok: [localhost]

TASK [/stigforge/roles/rhel9_stig : Ensure PAM Displays Last Logon/Access Notification - Create an authselect custom profile based on the current profile] ***
changed: [localhost]

TASK [/stigforge/roles/rhel9_stig : Ensure PAM Displays Last Logon/Access Notification - Create an authselect custom profile based on sssd profile] ***
skipping: [localhost]

TASK [/stigforge/roles/rhel9_stig : Ensure PAM Displays Last Logon/Access Notification - Ensure authselect changes are applied] ***
changed: [localhost]

TASK [/stigforge/roles/rhel9_stig : Ensure PAM Displays Last Logon/Access Notification - Ensure the authselect custom profile is selected] ***
changed: [localhost]

TASK [/stigforge/roles/rhel9_stig : Ensure PAM Displays Last Logon/Access Notification - Restore the authselect features in the custom profile] ***
skipping: [localhost]

TASK [/stigforge/roles/rhel9_stig : Ensure PAM Displays Last Logon/Access Notification - Ensure authselect changes are applied] ***
skipping: [localhost]

TASK [/stigforge/roles/rhel9_stig : Ensure PAM Displays Last Logon/Access Notification - Change the PAM file to be edited according to the custom authselect profile] ***
ok: [localhost]

TASK [/stigforge/roles/rhel9_stig : Ensure PAM Displays Last Logon/Access Notification - Define a fact for control already filtered in case filters are used] ***
ok: [localhost]

TASK [/stigforge/roles/rhel9_stig : Ensure PAM Displays Last Logon/Access Notification - Check if expected PAM module line is present in /etc/authselect/custom/hardening/postlogin] ***
ok: [localhost]

TASK [/stigforge/roles/rhel9_stig : Ensure PAM Displays Last Logon/Access Notification - Check if required PAM module line is present in /etc/authselect/custom/hardening/postlogin with different control] ***
skipping: [localhost]

TASK [/stigforge/roles/rhel9_stig : Ensure PAM Displays Last Logon/Access Notification - Ensure the correct control for the required PAM module line in /etc/authselect/custom/hardening/postlogin] ***
skipping: [localhost]

TASK [/stigforge/roles/rhel9_stig : Ensure PAM Displays Last Logon/Access Notification - Ensure the required PAM module line is included in /etc/authselect/custom/hardening/postlogin] ***
skipping: [localhost]

TASK [/stigforge/roles/rhel9_stig : Ensure PAM Displays Last Logon/Access Notification - Ensure authselect changes are applied] ***
skipping: [localhost]

TASK [/stigforge/roles/rhel9_stig : Ensure PAM Displays Last Logon/Access Notification - Define a fact for control already filtered in case filters are used] ***
ok: [localhost]

TASK [/stigforge/roles/rhel9_stig : Ensure PAM Displays Last Logon/Access Notification - Check if the required PAM module option is present in /etc/authselect/custom/hardening/postlogin] ***
ok: [localhost]

TASK [/stigforge/roles/rhel9_stig : Ensure PAM Displays Last Logon/Access Notification - Ensure the "showfailed" PAM option for "pam_lastlog.so" is included in /etc/authselect/custom/hardening/postlogin] ***
changed: [localhost]

TASK [/stigforge/roles/rhel9_stig : Ensure PAM Displays Last Logon/Access Notification - Define a fact for control already filtered in case filters are used] ***
ok: [localhost]

TASK [/stigforge/roles/rhel9_stig : Ensure PAM Displays Last Logon/Access Notification - Check if /etc/authselect/custom/hardening/postlogin file is present] ***
ok: [localhost]

TASK [/stigforge/roles/rhel9_stig : Ensure PAM Displays Last Logon/Access Notification - Ensure the "silent" option from "pam_lastlog.so" is not present in /etc/authselect/custom/hardening/postlogin] ***
changed: [localhost]

TASK [/stigforge/roles/rhel9_stig : Configure the Use of the pam_faillock.so Module in the /etc/pam.d/password-auth File. - Check if system relies on authselect tool] ***
ok: [localhost]

TASK [/stigforge/roles/rhel9_stig : Configure the Use of the pam_faillock.so Module in the /etc/pam.d/password-auth File. - Check integrity of authselect current profile] ***
ok: [localhost]

TASK [/stigforge/roles/rhel9_stig : Configure the Use of the pam_faillock.so Module in the /etc/pam.d/password-auth File. - Informative message based on the authselect integrity check result] ***
ok: [localhost] => {
    "changed": false,
    "msg": [
        "authselect integrity check passed"
    ]
}

TASK [/stigforge/roles/rhel9_stig : Configure the Use of the pam_faillock.so Module in the /etc/pam.d/password-auth File. - Get authselect current features] ***
ok: [localhost]

TASK [/stigforge/roles/rhel9_stig : Configure the Use of the pam_faillock.so Module in the /etc/pam.d/password-auth File. - Ensure "with-faillock" feature is enabled using authselect tool] ***
changed: [localhost]

TASK [/stigforge/roles/rhel9_stig : Configure the Use of the pam_faillock.so Module in the /etc/pam.d/password-auth File. - Ensure authselect changes are applied] ***
changed: [localhost]

TASK [/stigforge/roles/rhel9_stig : Configure the Use of the pam_faillock.so Module in the /etc/pam.d/password-auth File. - Check if pam_faillock.so is already enabled] ***
skipping: [localhost]

TASK [/stigforge/roles/rhel9_stig : Configure the Use of the pam_faillock.so Module in the /etc/pam.d/password-auth File. - Enable pam_faillock.so preauth editing PAM files] ***
skipping: [localhost] => (item=/etc/pam.d/system-auth) 
skipping: [localhost] => (item=/etc/pam.d/password-auth) 
skipping: [localhost]

TASK [/stigforge/roles/rhel9_stig : Configure the Use of the pam_faillock.so Module in the /etc/pam.d/password-auth File. - Enable pam_faillock.so authfail editing PAM files] ***
skipping: [localhost] => (item=/etc/pam.d/system-auth) 
skipping: [localhost] => (item=/etc/pam.d/password-auth) 
skipping: [localhost]

TASK [/stigforge/roles/rhel9_stig : Configure the Use of the pam_faillock.so Module in the /etc/pam.d/password-auth File. - Enable pam_faillock.so account section editing PAM files] ***
skipping: [localhost] => (item=/etc/pam.d/system-auth) 
skipping: [localhost] => (item=/etc/pam.d/password-auth) 
skipping: [localhost]

TASK [/stigforge/roles/rhel9_stig : Configure the Use of the pam_faillock.so Module in the /etc/pam.d/system-auth File. - Check if system relies on authselect tool] ***
ok: [localhost]

TASK [/stigforge/roles/rhel9_stig : Configure the Use of the pam_faillock.so Module in the /etc/pam.d/system-auth File. - Check integrity of authselect current profile] ***
ok: [localhost]

TASK [/stigforge/roles/rhel9_stig : Configure the Use of the pam_faillock.so Module in the /etc/pam.d/system-auth File. - Informative message based on the authselect integrity check result] ***
ok: [localhost] => {
    "changed": false,
    "msg": [
        "authselect integrity check passed"
    ]
}

TASK [/stigforge/roles/rhel9_stig : Configure the Use of the pam_faillock.so Module in the /etc/pam.d/system-auth File. - Get authselect current features] ***
ok: [localhost]

TASK [/stigforge/roles/rhel9_stig : Configure the Use of the pam_faillock.so Module in the /etc/pam.d/system-auth File. - Ensure "with-faillock" feature is enabled using authselect tool] ***
skipping: [localhost]

TASK [/stigforge/roles/rhel9_stig : Configure the Use of the pam_faillock.so Module in the /etc/pam.d/system-auth File. - Ensure authselect changes are applied] ***
skipping: [localhost]

TASK [/stigforge/roles/rhel9_stig : Configure the Use of the pam_faillock.so Module in the /etc/pam.d/system-auth File. - Check if pam_faillock.so is already enabled] ***
skipping: [localhost]

TASK [/stigforge/roles/rhel9_stig : Configure the Use of the pam_faillock.so Module in the /etc/pam.d/system-auth File. - Enable pam_faillock.so preauth editing PAM files] ***
skipping: [localhost] => (item=/etc/pam.d/system-auth) 
skipping: [localhost] => (item=/etc/pam.d/password-auth) 
skipping: [localhost]

TASK [/stigforge/roles/rhel9_stig : Configure the Use of the pam_faillock.so Module in the /etc/pam.d/system-auth File. - Enable pam_faillock.so authfail editing PAM files] ***
skipping: [localhost] => (item=/etc/pam.d/system-auth) 
skipping: [localhost] => (item=/etc/pam.d/password-auth) 
skipping: [localhost]

TASK [/stigforge/roles/rhel9_stig : Configure the Use of the pam_faillock.so Module in the /etc/pam.d/system-auth File. - Enable pam_faillock.so account section editing PAM files] ***
skipping: [localhost] => (item=/etc/pam.d/system-auth) 
skipping: [localhost] => (item=/etc/pam.d/password-auth) 
skipping: [localhost]

TASK [/stigforge/roles/rhel9_stig : An SELinux Context must be configured for the pam_faillock.so records directory - Get directories from faillock] ***
skipping: [localhost] => (item=/etc/security/faillock.conf) 
skipping: [localhost] => (item=/etc/pam.d/system-auth) 
skipping: [localhost] => (item=/etc/pam.d/password-auth) 
skipping: [localhost]

TASK [/stigforge/roles/rhel9_stig : An SELinux Context must be configured for the pam_faillock.so records directory - Create a list directories from faillock] ***
skipping: [localhost]

TASK [/stigforge/roles/rhel9_stig : An SELinux Context must be configured for the pam_faillock.so records directory - Create directories for faillock] ***
skipping: [localhost]

TASK [/stigforge/roles/rhel9_stig : An SELinux Context must be configured for the pam_faillock.so records directory - Set up SELinux context for faillock] ***
skipping: [localhost]

TASK [/stigforge/roles/rhel9_stig : An SELinux Context must be configured for the pam_faillock.so records directory - Restore SELinux context] ***
skipping: [localhost]

TASK [/stigforge/roles/rhel9_stig : An SELinux Context must be configured for the pam_faillock.so records directory - Verify pam_faillock.so configuration] ***
skipping: [localhost]

TASK [/stigforge/roles/rhel9_stig : Account Lockouts Must Be Logged - Check if system relies on authselect tool] ***
ok: [localhost]

TASK [/stigforge/roles/rhel9_stig : Account Lockouts Must Be Logged - Check integrity of authselect current profile] ***
ok: [localhost]

TASK [/stigforge/roles/rhel9_stig : Account Lockouts Must Be Logged - Informative message based on the authselect integrity check result] ***
ok: [localhost] => {
    "changed": false,
    "msg": [
        "authselect integrity check passed"
    ]
}

TASK [/stigforge/roles/rhel9_stig : Account Lockouts Must Be Logged - Get authselect current features] ***
ok: [localhost]

TASK [/stigforge/roles/rhel9_stig : Account Lockouts Must Be Logged - Ensure "with-faillock" feature is enabled using authselect tool] ***
skipping: [localhost]

TASK [/stigforge/roles/rhel9_stig : Account Lockouts Must Be Logged - Ensure authselect changes are applied] ***
skipping: [localhost]

TASK [/stigforge/roles/rhel9_stig : Account Lockouts Must Be Logged - Check if pam_faillock.so is already enabled] ***
skipping: [localhost]

TASK [/stigforge/roles/rhel9_stig : Account Lockouts Must Be Logged - Enable pam_faillock.so preauth editing PAM files] ***
skipping: [localhost] => (item=/etc/pam.d/system-auth) 
skipping: [localhost] => (item=/etc/pam.d/password-auth) 
skipping: [localhost]

TASK [/stigforge/roles/rhel9_stig : Account Lockouts Must Be Logged - Enable pam_faillock.so authfail editing PAM files] ***
skipping: [localhost] => (item=/etc/pam.d/system-auth) 
skipping: [localhost] => (item=/etc/pam.d/password-auth) 
skipping: [localhost]

TASK [/stigforge/roles/rhel9_stig : Account Lockouts Must Be Logged - Enable pam_faillock.so account section editing PAM files] ***
skipping: [localhost] => (item=/etc/pam.d/system-auth) 
skipping: [localhost] => (item=/etc/pam.d/password-auth) 
skipping: [localhost]

TASK [/stigforge/roles/rhel9_stig : Account Lockouts Must Be Logged - Check the presence of /etc/security/faillock.conf file] ***
ok: [localhost]

TASK [/stigforge/roles/rhel9_stig : Account Lockouts Must Be Logged - Ensure the pam_faillock.so audit parameter in /etc/security/faillock.conf] ***
changed: [localhost]

TASK [/stigforge/roles/rhel9_stig : Account Lockouts Must Be Logged - Check if /etc/pam.d/system-auth file is present] ***
ok: [localhost]

TASK [/stigforge/roles/rhel9_stig : Account Lockouts Must Be Logged - Define the PAM file to be edited as a local fact] ***
ok: [localhost]

TASK [/stigforge/roles/rhel9_stig : Account Lockouts Must Be Logged - Check if system relies on authselect tool] ***
ok: [localhost]

TASK [/stigforge/roles/rhel9_stig : Account Lockouts Must Be Logged - Check integrity of authselect current profile] ***
ok: [localhost]

TASK [/stigforge/roles/rhel9_stig : Account Lockouts Must Be Logged - Informative message based on the authselect integrity check result] ***
ok: [localhost] => {
    "changed": false,
    "msg": [
        "authselect integrity check passed"
    ]
}

TASK [/stigforge/roles/rhel9_stig : Account Lockouts Must Be Logged - Get authselect current profile] ***
ok: [localhost]

TASK [/stigforge/roles/rhel9_stig : Account Lockouts Must Be Logged - Define the current authselect profile as a local fact] ***
ok: [localhost]

TASK [/stigforge/roles/rhel9_stig : Account Lockouts Must Be Logged - Define the new authselect custom profile as a local fact] ***
skipping: [localhost]

TASK [/stigforge/roles/rhel9_stig : Account Lockouts Must Be Logged - Get authselect current features to also enable them in the custom profile] ***
skipping: [localhost]

TASK [/stigforge/roles/rhel9_stig : Account Lockouts Must Be Logged - Check if any custom profile with the same name was already created] ***
skipping: [localhost]

TASK [/stigforge/roles/rhel9_stig : Account Lockouts Must Be Logged - Create an authselect custom profile based on the current profile] ***
skipping: [localhost]

TASK [/stigforge/roles/rhel9_stig : Account Lockouts Must Be Logged - Create an authselect custom profile based on sssd profile] ***
skipping: [localhost]

TASK [/stigforge/roles/rhel9_stig : Account Lockouts Must Be Logged - Ensure authselect changes are applied] ***
skipping: [localhost]

TASK [/stigforge/roles/rhel9_stig : Account Lockouts Must Be Logged - Ensure the authselect custom profile is selected] ***
skipping: [localhost]

TASK [/stigforge/roles/rhel9_stig : Account Lockouts Must Be Logged - Restore the authselect features in the custom profile] ***
skipping: [localhost]

TASK [/stigforge/roles/rhel9_stig : Account Lockouts Must Be Logged - Ensure authselect changes are applied] ***
skipping: [localhost]

TASK [/stigforge/roles/rhel9_stig : Account Lockouts Must Be Logged - Change the PAM file to be edited according to the custom authselect profile] ***
ok: [localhost]

TASK [/stigforge/roles/rhel9_stig : Account Lockouts Must Be Logged - Define a fact for control already filtered in case filters are used] ***
ok: [localhost]

TASK [/stigforge/roles/rhel9_stig : Account Lockouts Must Be Logged - Check if /etc/authselect/custom/hardening/system-auth file is present] ***
ok: [localhost]

TASK [/stigforge/roles/rhel9_stig : Account Lockouts Must Be Logged - Ensure the "audit" option from "pam_faillock.so" is not present in /etc/authselect/custom/hardening/system-auth] ***
ok: [localhost]

TASK [/stigforge/roles/rhel9_stig : Account Lockouts Must Be Logged - Ensure authselect changes are applied] ***
skipping: [localhost]

TASK [/stigforge/roles/rhel9_stig : Account Lockouts Must Be Logged - Check if /etc/pam.d/password-auth file is present] ***
ok: [localhost]

TASK [/stigforge/roles/rhel9_stig : Account Lockouts Must Be Logged - Define the PAM file to be edited as a local fact] ***
ok: [localhost]

TASK [/stigforge/roles/rhel9_stig : Account Lockouts Must Be Logged - Check if system relies on authselect tool] ***
ok: [localhost]

TASK [/stigforge/roles/rhel9_stig : Account Lockouts Must Be Logged - Check integrity of authselect current profile] ***
ok: [localhost]

TASK [/stigforge/roles/rhel9_stig : Account Lockouts Must Be Logged - Informative message based on the authselect integrity check result] ***
ok: [localhost] => {
    "changed": false,
    "msg": [
        "authselect integrity check passed"
    ]
}

TASK [/stigforge/roles/rhel9_stig : Account Lockouts Must Be Logged - Get authselect current profile] ***
ok: [localhost]

TASK [/stigforge/roles/rhel9_stig : Account Lockouts Must Be Logged - Define the current authselect profile as a local fact] ***
ok: [localhost]

TASK [/stigforge/roles/rhel9_stig : Account Lockouts Must Be Logged - Define the new authselect custom profile as a local fact] ***
skipping: [localhost]

TASK [/stigforge/roles/rhel9_stig : Account Lockouts Must Be Logged - Get authselect current features to also enable them in the custom profile] ***
skipping: [localhost]

TASK [/stigforge/roles/rhel9_stig : Account Lockouts Must Be Logged - Check if any custom profile with the same name was already created] ***
skipping: [localhost]

TASK [/stigforge/roles/rhel9_stig : Account Lockouts Must Be Logged - Create an authselect custom profile based on the current profile] ***
skipping: [localhost]

TASK [/stigforge/roles/rhel9_stig : Account Lockouts Must Be Logged - Create an authselect custom profile based on sssd profile] ***
skipping: [localhost]

TASK [/stigforge/roles/rhel9_stig : Account Lockouts Must Be Logged - Ensure authselect changes are applied] ***
skipping: [localhost]

TASK [/stigforge/roles/rhel9_stig : Account Lockouts Must Be Logged - Ensure the authselect custom profile is selected] ***
skipping: [localhost]

TASK [/stigforge/roles/rhel9_stig : Account Lockouts Must Be Logged - Restore the authselect features in the custom profile] ***
skipping: [localhost]

TASK [/stigforge/roles/rhel9_stig : Account Lockouts Must Be Logged - Ensure authselect changes are applied] ***
skipping: [localhost]

TASK [/stigforge/roles/rhel9_stig : Account Lockouts Must Be Logged - Change the PAM file to be edited according to the custom authselect profile] ***
ok: [localhost]

TASK [/stigforge/roles/rhel9_stig : Account Lockouts Must Be Logged - Define a fact for control already filtered in case filters are used] ***
ok: [localhost]

TASK [/stigforge/roles/rhel9_stig : Account Lockouts Must Be Logged - Check if /etc/authselect/custom/hardening/password-auth file is present] ***
ok: [localhost]

TASK [/stigforge/roles/rhel9_stig : Account Lockouts Must Be Logged - Ensure the "audit" option from "pam_faillock.so" is not present in /etc/authselect/custom/hardening/password-auth] ***
ok: [localhost]

TASK [/stigforge/roles/rhel9_stig : Account Lockouts Must Be Logged - Ensure authselect changes are applied] ***
skipping: [localhost]

TASK [/stigforge/roles/rhel9_stig : Account Lockouts Must Be Logged - Check if pam_faillock.so audit parameter is already enabled in pam files] ***
skipping: [localhost]

TASK [/stigforge/roles/rhel9_stig : Account Lockouts Must Be Logged - Ensure the inclusion of pam_faillock.so preauth audit parameter in auth section] ***
skipping: [localhost] => (item=/etc/pam.d/system-auth) 
skipping: [localhost] => (item=/etc/pam.d/password-auth) 
skipping: [localhost]

TASK [/stigforge/roles/rhel9_stig : Configure the root Account for Failed Password Attempts - Check if system relies on authselect tool] ***
ok: [localhost]

TASK [/stigforge/roles/rhel9_stig : Configure the root Account for Failed Password Attempts - Check integrity of authselect current profile] ***
ok: [localhost]

TASK [/stigforge/roles/rhel9_stig : Configure the root Account for Failed Password Attempts - Informative message based on the authselect integrity check result] ***
ok: [localhost] => {
    "changed": false,
    "msg": [
        "authselect integrity check passed"
    ]
}

TASK [/stigforge/roles/rhel9_stig : Configure the root Account for Failed Password Attempts - Get authselect current features] ***
ok: [localhost]

TASK [/stigforge/roles/rhel9_stig : Configure the root Account for Failed Password Attempts - Ensure "with-faillock" feature is enabled using authselect tool] ***
skipping: [localhost]

TASK [/stigforge/roles/rhel9_stig : Configure the root Account for Failed Password Attempts - Ensure authselect changes are applied] ***
skipping: [localhost]

TASK [/stigforge/roles/rhel9_stig : Configure the root Account for Failed Password Attempts - Check if pam_faillock.so is already enabled] ***
skipping: [localhost]

TASK [/stigforge/roles/rhel9_stig : Configure the root Account for Failed Password Attempts - Enable pam_faillock.so preauth editing PAM files] ***
skipping: [localhost] => (item=/etc/pam.d/system-auth) 
skipping: [localhost] => (item=/etc/pam.d/password-auth) 
skipping: [localhost]

TASK [/stigforge/roles/rhel9_stig : Configure the root Account for Failed Password Attempts - Enable pam_faillock.so authfail editing PAM files] ***
skipping: [localhost] => (item=/etc/pam.d/system-auth) 
skipping: [localhost] => (item=/etc/pam.d/password-auth) 
skipping: [localhost]

TASK [/stigforge/roles/rhel9_stig : Configure the root Account for Failed Password Attempts - Enable pam_faillock.so account section editing PAM files] ***
skipping: [localhost] => (item=/etc/pam.d/system-auth) 
skipping: [localhost] => (item=/etc/pam.d/password-auth) 
skipping: [localhost]

TASK [/stigforge/roles/rhel9_stig : Configure the root Account for Failed Password Attempts - Check the presence of /etc/security/faillock.conf file] ***
ok: [localhost]

TASK [/stigforge/roles/rhel9_stig : Configure the root Account for Failed Password Attempts - Ensure the pam_faillock.so even_deny_root parameter in /etc/security/faillock.conf] ***
changed: [localhost]

TASK [/stigforge/roles/rhel9_stig : Configure the root Account for Failed Password Attempts - Check if /etc/pam.d/system-auth file is present] ***
ok: [localhost]

TASK [/stigforge/roles/rhel9_stig : Configure the root Account for Failed Password Attempts - Define the PAM file to be edited as a local fact] ***
ok: [localhost]

TASK [/stigforge/roles/rhel9_stig : Configure the root Account for Failed Password Attempts - Check if system relies on authselect tool] ***
ok: [localhost]

TASK [/stigforge/roles/rhel9_stig : Configure the root Account for Failed Password Attempts - Check integrity of authselect current profile] ***
ok: [localhost]

TASK [/stigforge/roles/rhel9_stig : Configure the root Account for Failed Password Attempts - Informative message based on the authselect integrity check result] ***
ok: [localhost] => {
    "changed": false,
    "msg": [
        "authselect integrity check passed"
    ]
}

TASK [/stigforge/roles/rhel9_stig : Configure the root Account for Failed Password Attempts - Get authselect current profile] ***
ok: [localhost]

TASK [/stigforge/roles/rhel9_stig : Configure the root Account for Failed Password Attempts - Define the current authselect profile as a local fact] ***
ok: [localhost]

TASK [/stigforge/roles/rhel9_stig : Configure the root Account for Failed Password Attempts - Define the new authselect custom profile as a local fact] ***
skipping: [localhost]

TASK [/stigforge/roles/rhel9_stig : Configure the root Account for Failed Password Attempts - Get authselect current features to also enable them in the custom profile] ***
skipping: [localhost]

TASK [/stigforge/roles/rhel9_stig : Configure the root Account for Failed Password Attempts - Check if any custom profile with the same name was already created] ***
skipping: [localhost]

TASK [/stigforge/roles/rhel9_stig : Configure the root Account for Failed Password Attempts - Create an authselect custom profile based on the current profile] ***
skipping: [localhost]

TASK [/stigforge/roles/rhel9_stig : Configure the root Account for Failed Password Attempts - Create an authselect custom profile based on sssd profile] ***
skipping: [localhost]

TASK [/stigforge/roles/rhel9_stig : Configure the root Account for Failed Password Attempts - Ensure authselect changes are applied] ***
skipping: [localhost]

TASK [/stigforge/roles/rhel9_stig : Configure the root Account for Failed Password Attempts - Ensure the authselect custom profile is selected] ***
skipping: [localhost]

TASK [/stigforge/roles/rhel9_stig : Configure the root Account for Failed Password Attempts - Restore the authselect features in the custom profile] ***
skipping: [localhost]

TASK [/stigforge/roles/rhel9_stig : Configure the root Account for Failed Password Attempts - Ensure authselect changes are applied] ***
skipping: [localhost]

TASK [/stigforge/roles/rhel9_stig : Configure the root Account for Failed Password Attempts - Change the PAM file to be edited according to the custom authselect profile] ***
ok: [localhost]

TASK [/stigforge/roles/rhel9_stig : Configure the root Account for Failed Password Attempts - Define a fact for control already filtered in case filters are used] ***
ok: [localhost]

TASK [/stigforge/roles/rhel9_stig : Configure the root Account for Failed Password Attempts - Check if /etc/authselect/custom/hardening/system-auth file is present] ***
ok: [localhost]

TASK [/stigforge/roles/rhel9_stig : Configure the root Account for Failed Password Attempts - Ensure the "even_deny_root" option from "pam_faillock.so" is not present in /etc/authselect/custom/hardening/system-auth] ***
ok: [localhost]

TASK [/stigforge/roles/rhel9_stig : Configure the root Account for Failed Password Attempts - Ensure authselect changes are applied] ***
skipping: [localhost]

TASK [/stigforge/roles/rhel9_stig : Configure the root Account for Failed Password Attempts - Check if /etc/pam.d/password-auth file is present] ***
ok: [localhost]

TASK [/stigforge/roles/rhel9_stig : Configure the root Account for Failed Password Attempts - Define the PAM file to be edited as a local fact] ***
ok: [localhost]

TASK [/stigforge/roles/rhel9_stig : Configure the root Account for Failed Password Attempts - Check if system relies on authselect tool] ***
ok: [localhost]

TASK [/stigforge/roles/rhel9_stig : Configure the root Account for Failed Password Attempts - Check integrity of authselect current profile] ***
ok: [localhost]

TASK [/stigforge/roles/rhel9_stig : Configure the root Account for Failed Password Attempts - Informative message based on the authselect integrity check result] ***
ok: [localhost] => {
    "changed": false,
    "msg": [
        "authselect integrity check passed"
    ]
}

TASK [/stigforge/roles/rhel9_stig : Configure the root Account for Failed Password Attempts - Get authselect current profile] ***
ok: [localhost]

TASK [/stigforge/roles/rhel9_stig : Configure the root Account for Failed Password Attempts - Define the current authselect profile as a local fact] ***
ok: [localhost]

TASK [/stigforge/roles/rhel9_stig : Configure the root Account for Failed Password Attempts - Define the new authselect custom profile as a local fact] ***
skipping: [localhost]

TASK [/stigforge/roles/rhel9_stig : Configure the root Account for Failed Password Attempts - Get authselect current features to also enable them in the custom profile] ***
skipping: [localhost]

TASK [/stigforge/roles/rhel9_stig : Configure the root Account for Failed Password Attempts - Check if any custom profile with the same name was already created] ***
skipping: [localhost]

TASK [/stigforge/roles/rhel9_stig : Configure the root Account for Failed Password Attempts - Create an authselect custom profile based on the current profile] ***
skipping: [localhost]

TASK [/stigforge/roles/rhel9_stig : Configure the root Account for Failed Password Attempts - Create an authselect custom profile based on sssd profile] ***
skipping: [localhost]

TASK [/stigforge/roles/rhel9_stig : Configure the root Account for Failed Password Attempts - Ensure authselect changes are applied] ***
skipping: [localhost]

TASK [/stigforge/roles/rhel9_stig : Configure the root Account for Failed Password Attempts - Ensure the authselect custom profile is selected] ***
skipping: [localhost]

TASK [/stigforge/roles/rhel9_stig : Configure the root Account for Failed Password Attempts - Restore the authselect features in the custom profile] ***
skipping: [localhost]

TASK [/stigforge/roles/rhel9_stig : Configure the root Account for Failed Password Attempts - Ensure authselect changes are applied] ***
skipping: [localhost]

TASK [/stigforge/roles/rhel9_stig : Configure the root Account for Failed Password Attempts - Change the PAM file to be edited according to the custom authselect profile] ***
ok: [localhost]

TASK [/stigforge/roles/rhel9_stig : Configure the root Account for Failed Password Attempts - Define a fact for control already filtered in case filters are used] ***
ok: [localhost]

TASK [/stigforge/roles/rhel9_stig : Configure the root Account for Failed Password Attempts - Check if /etc/authselect/custom/hardening/password-auth file is present] ***
ok: [localhost]

TASK [/stigforge/roles/rhel9_stig : Configure the root Account for Failed Password Attempts - Ensure the "even_deny_root" option from "pam_faillock.so" is not present in /etc/authselect/custom/hardening/password-auth] ***
ok: [localhost]

TASK [/stigforge/roles/rhel9_stig : Configure the root Account for Failed Password Attempts - Ensure authselect changes are applied] ***
skipping: [localhost]

TASK [/stigforge/roles/rhel9_stig : Configure the root Account for Failed Password Attempts - Check if pam_faillock.so even_deny_root parameter is already enabled in pam files] ***
skipping: [localhost]

TASK [/stigforge/roles/rhel9_stig : Configure the root Account for Failed Password Attempts - Ensure the inclusion of pam_faillock.so preauth even_deny_root parameter in auth section] ***
skipping: [localhost] => (item=/etc/pam.d/system-auth) 
skipping: [localhost] => (item=/etc/pam.d/password-auth) 
skipping: [localhost]

TASK [/stigforge/roles/rhel9_stig : Configure the root Account for Failed Password Attempts - Ensure the inclusion of pam_faillock.so authfail even_deny_root parameter in auth section] ***
skipping: [localhost] => (item=/etc/pam.d/system-auth) 
skipping: [localhost] => (item=/etc/pam.d/password-auth) 
skipping: [localhost]

TASK [/stigforge/roles/rhel9_stig : Lock Accounts Must Persist - Check if system relies on authselect tool] ***
ok: [localhost]

TASK [/stigforge/roles/rhel9_stig : Lock Accounts Must Persist - Check integrity of authselect current profile] ***
ok: [localhost]

TASK [/stigforge/roles/rhel9_stig : Lock Accounts Must Persist - Informative message based on the authselect integrity check result] ***
ok: [localhost] => {
    "changed": false,
    "msg": [
        "authselect integrity check passed"
    ]
}

TASK [/stigforge/roles/rhel9_stig : Lock Accounts Must Persist - Get authselect current features] ***
ok: [localhost]

TASK [/stigforge/roles/rhel9_stig : Lock Accounts Must Persist - Ensure "with-faillock" feature is enabled using authselect tool] ***
skipping: [localhost]

TASK [/stigforge/roles/rhel9_stig : Lock Accounts Must Persist - Ensure authselect changes are applied] ***
skipping: [localhost]

TASK [/stigforge/roles/rhel9_stig : Lock Accounts Must Persist - Check if pam_faillock.so is already enabled] ***
skipping: [localhost]

TASK [/stigforge/roles/rhel9_stig : Lock Accounts Must Persist - Enable pam_faillock.so preauth editing PAM files] ***
skipping: [localhost] => (item=/etc/pam.d/system-auth) 
skipping: [localhost] => (item=/etc/pam.d/password-auth) 
skipping: [localhost]

TASK [/stigforge/roles/rhel9_stig : Lock Accounts Must Persist - Enable pam_faillock.so authfail editing PAM files] ***
skipping: [localhost] => (item=/etc/pam.d/system-auth) 
skipping: [localhost] => (item=/etc/pam.d/password-auth) 
skipping: [localhost]

TASK [/stigforge/roles/rhel9_stig : Lock Accounts Must Persist - Enable pam_faillock.so account section editing PAM files] ***
skipping: [localhost] => (item=/etc/pam.d/system-auth) 
skipping: [localhost] => (item=/etc/pam.d/password-auth) 
skipping: [localhost]

TASK [/stigforge/roles/rhel9_stig : Lock Accounts Must Persist - Check the presence of /etc/security/faillock.conf file] ***
ok: [localhost]

TASK [/stigforge/roles/rhel9_stig : Lock Accounts Must Persist - Ensure the pam_faillock.so dir parameter in /etc/security/faillock.conf] ***
changed: [localhost]

TASK [/stigforge/roles/rhel9_stig : Lock Accounts Must Persist - Check if /etc/pam.d/system-auth file is present] ***
ok: [localhost]

TASK [/stigforge/roles/rhel9_stig : Lock Accounts Must Persist - Define the PAM file to be edited as a local fact] ***
ok: [localhost]

TASK [/stigforge/roles/rhel9_stig : Lock Accounts Must Persist - Check if system relies on authselect tool] ***
ok: [localhost]

TASK [/stigforge/roles/rhel9_stig : Lock Accounts Must Persist - Check integrity of authselect current profile] ***
ok: [localhost]

TASK [/stigforge/roles/rhel9_stig : Lock Accounts Must Persist - Informative message based on the authselect integrity check result] ***
ok: [localhost] => {
    "changed": false,
    "msg": [
        "authselect integrity check passed"
    ]
}

TASK [/stigforge/roles/rhel9_stig : Lock Accounts Must Persist - Get authselect current profile] ***
ok: [localhost]

TASK [/stigforge/roles/rhel9_stig : Lock Accounts Must Persist - Define the current authselect profile as a local fact] ***
ok: [localhost]

TASK [/stigforge/roles/rhel9_stig : Lock Accounts Must Persist - Define the new authselect custom profile as a local fact] ***
skipping: [localhost]

TASK [/stigforge/roles/rhel9_stig : Lock Accounts Must Persist - Get authselect current features to also enable them in the custom profile] ***
skipping: [localhost]

TASK [/stigforge/roles/rhel9_stig : Lock Accounts Must Persist - Check if any custom profile with the same name was already created] ***
skipping: [localhost]

TASK [/stigforge/roles/rhel9_stig : Lock Accounts Must Persist - Create an authselect custom profile based on the current profile] ***
skipping: [localhost]

TASK [/stigforge/roles/rhel9_stig : Lock Accounts Must Persist - Create an authselect custom profile based on sssd profile] ***
skipping: [localhost]

TASK [/stigforge/roles/rhel9_stig : Lock Accounts Must Persist - Ensure authselect changes are applied] ***
skipping: [localhost]

TASK [/stigforge/roles/rhel9_stig : Lock Accounts Must Persist - Ensure the authselect custom profile is selected] ***
skipping: [localhost]

TASK [/stigforge/roles/rhel9_stig : Lock Accounts Must Persist - Restore the authselect features in the custom profile] ***
skipping: [localhost]

TASK [/stigforge/roles/rhel9_stig : Lock Accounts Must Persist - Ensure authselect changes are applied] ***
skipping: [localhost]

TASK [/stigforge/roles/rhel9_stig : Lock Accounts Must Persist - Change the PAM file to be edited according to the custom authselect profile] ***
ok: [localhost]

TASK [/stigforge/roles/rhel9_stig : Lock Accounts Must Persist - Define a fact for control already filtered in case filters are used] ***
ok: [localhost]

TASK [/stigforge/roles/rhel9_stig : Lock Accounts Must Persist - Check if /etc/authselect/custom/hardening/system-auth file is present] ***
ok: [localhost]

TASK [/stigforge/roles/rhel9_stig : Lock Accounts Must Persist - Ensure the "dir" option from "pam_faillock.so" is not present in /etc/authselect/custom/hardening/system-auth] ***
ok: [localhost]

TASK [/stigforge/roles/rhel9_stig : Lock Accounts Must Persist - Ensure authselect changes are applied] ***
skipping: [localhost]

TASK [/stigforge/roles/rhel9_stig : Lock Accounts Must Persist - Check if /etc/pam.d/password-auth file is present] ***
ok: [localhost]

TASK [/stigforge/roles/rhel9_stig : Lock Accounts Must Persist - Define the PAM file to be edited as a local fact] ***
ok: [localhost]

TASK [/stigforge/roles/rhel9_stig : Lock Accounts Must Persist - Check if system relies on authselect tool] ***
ok: [localhost]

TASK [/stigforge/roles/rhel9_stig : Lock Accounts Must Persist - Check integrity of authselect current profile] ***
ok: [localhost]

TASK [/stigforge/roles/rhel9_stig : Lock Accounts Must Persist - Informative message based on the authselect integrity check result] ***
ok: [localhost] => {
    "changed": false,
    "msg": [
        "authselect integrity check passed"
    ]
}

TASK [/stigforge/roles/rhel9_stig : Lock Accounts Must Persist - Get authselect current profile] ***
ok: [localhost]

TASK [/stigforge/roles/rhel9_stig : Lock Accounts Must Persist - Define the current authselect profile as a local fact] ***
ok: [localhost]

TASK [/stigforge/roles/rhel9_stig : Lock Accounts Must Persist - Define the new authselect custom profile as a local fact] ***
skipping: [localhost]

TASK [/stigforge/roles/rhel9_stig : Lock Accounts Must Persist - Get authselect current features to also enable them in the custom profile] ***
skipping: [localhost]

TASK [/stigforge/roles/rhel9_stig : Lock Accounts Must Persist - Check if any custom profile with the same name was already created] ***
skipping: [localhost]

TASK [/stigforge/roles/rhel9_stig : Lock Accounts Must Persist - Create an authselect custom profile based on the current profile] ***
skipping: [localhost]

TASK [/stigforge/roles/rhel9_stig : Lock Accounts Must Persist - Create an authselect custom profile based on sssd profile] ***
skipping: [localhost]

TASK [/stigforge/roles/rhel9_stig : Lock Accounts Must Persist - Ensure authselect changes are applied] ***
skipping: [localhost]

TASK [/stigforge/roles/rhel9_stig : Lock Accounts Must Persist - Ensure the authselect custom profile is selected] ***
skipping: [localhost]

TASK [/stigforge/roles/rhel9_stig : Lock Accounts Must Persist - Restore the authselect features in the custom profile] ***
skipping: [localhost]

TASK [/stigforge/roles/rhel9_stig : Lock Accounts Must Persist - Ensure authselect changes are applied] ***
skipping: [localhost]

TASK [/stigforge/roles/rhel9_stig : Lock Accounts Must Persist - Change the PAM file to be edited according to the custom authselect profile] ***
ok: [localhost]

TASK [/stigforge/roles/rhel9_stig : Lock Accounts Must Persist - Define a fact for control already filtered in case filters are used] ***
ok: [localhost]

TASK [/stigforge/roles/rhel9_stig : Lock Accounts Must Persist - Check if /etc/authselect/custom/hardening/password-auth file is present] ***
ok: [localhost]

TASK [/stigforge/roles/rhel9_stig : Lock Accounts Must Persist - Ensure the "dir" option from "pam_faillock.so" is not present in /etc/authselect/custom/hardening/password-auth] ***
ok: [localhost]

TASK [/stigforge/roles/rhel9_stig : Lock Accounts Must Persist - Ensure authselect changes are applied] ***
skipping: [localhost]

TASK [/stigforge/roles/rhel9_stig : Lock Accounts Must Persist - Check if pam_faillock.so dir parameter is already enabled in pam files] ***
skipping: [localhost]

TASK [/stigforge/roles/rhel9_stig : Lock Accounts Must Persist - Ensure the inclusion of pam_faillock.so preauth dir parameter in auth section] ***
skipping: [localhost] => (item=/etc/pam.d/system-auth) 
skipping: [localhost] => (item=/etc/pam.d/password-auth) 
skipping: [localhost]

TASK [/stigforge/roles/rhel9_stig : Lock Accounts Must Persist - Ensure the inclusion of pam_faillock.so authfail dir parameter in auth section] ***
skipping: [localhost] => (item=/etc/pam.d/system-auth) 
skipping: [localhost] => (item=/etc/pam.d/password-auth) 
skipping: [localhost]

TASK [/stigforge/roles/rhel9_stig : Lock Accounts Must Persist - Ensure the desired value for pam_faillock.so preauth dir parameter in auth section] ***
skipping: [localhost] => (item=/etc/pam.d/system-auth) 
skipping: [localhost] => (item=/etc/pam.d/password-auth) 
skipping: [localhost]

TASK [/stigforge/roles/rhel9_stig : Lock Accounts Must Persist - Ensure the desired value for pam_faillock.so authfail dir parameter in auth section] ***
skipping: [localhost] => (item=/etc/pam.d/system-auth) 
skipping: [localhost] => (item=/etc/pam.d/password-auth) 
skipping: [localhost]

TASK [/stigforge/roles/rhel9_stig : Lock Accounts Must Persist - Create the tally directory if it does not exist] ***
changed: [localhost]

TASK [/stigforge/roles/rhel9_stig : Lock Accounts Must Persist - Ensure SELinux file context is permanently set] ***
ok: [localhost]

TASK [/stigforge/roles/rhel9_stig : Lock Accounts Must Persist - Ensure SELinux file context is applied] ***
changed: [localhost]

TASK [/stigforge/roles/rhel9_stig : Ensure PAM Enforces Password Requirements - Minimum Digit Characters - Find pwquality.conf.d files] ***
ok: [localhost]

TASK [/stigforge/roles/rhel9_stig : Ensure PAM Enforces Password Requirements - Minimum Digit Characters - Ensure dcredit is not set in pwquality.conf.d] ***
skipping: [localhost]

TASK [/stigforge/roles/rhel9_stig : Ensure PAM Enforces Password Requirements - Minimum Digit Characters - Ensure PAM variable dcredit is set accordingly] ***
changed: [localhost]

TASK [/stigforge/roles/rhel9_stig : Ensure PAM Enforces Password Requirements - Prevent the Use of Dictionary Words - Find pwquality.conf.d files] ***
ok: [localhost]

TASK [/stigforge/roles/rhel9_stig : Ensure PAM Enforces Password Requirements - Prevent the Use of Dictionary Words - Ensure dictcheck is not set in pwquality.conf.d] ***
skipping: [localhost]

TASK [/stigforge/roles/rhel9_stig : Ensure PAM Enforces Password Requirements - Prevent the Use of Dictionary Words - Ensure PAM variable dictcheck is set accordingly] ***
changed: [localhost]

TASK [/stigforge/roles/rhel9_stig : Ensure PAM Enforces Password Requirements - Minimum Different Characters - Find pwquality.conf.d files] ***
ok: [localhost]

TASK [/stigforge/roles/rhel9_stig : Ensure PAM Enforces Password Requirements - Minimum Different Characters - Ensure difok is not set in pwquality.conf.d] ***
skipping: [localhost]

TASK [/stigforge/roles/rhel9_stig : Ensure PAM Enforces Password Requirements - Minimum Different Characters - Ensure PAM variable difok is set accordingly] ***
changed: [localhost]

TASK [/stigforge/roles/rhel9_stig : Ensure PAM Enforces Password Requirements - Minimum Lowercase Characters - Find pwquality.conf.d files] ***
ok: [localhost]

TASK [/stigforge/roles/rhel9_stig : Ensure PAM Enforces Password Requirements - Minimum Lowercase Characters - Ensure lcredit is not set in pwquality.conf.d] ***
skipping: [localhost]

TASK [/stigforge/roles/rhel9_stig : Ensure PAM Enforces Password Requirements - Minimum Lowercase Characters - Ensure PAM variable lcredit is set accordingly] ***
changed: [localhost]

TASK [/stigforge/roles/rhel9_stig : Ensure PAM Enforces Password Requirements - Maximum Consecutive Repeating Characters from Same Character Class - Find pwquality.conf.d files] ***
ok: [localhost]

TASK [/stigforge/roles/rhel9_stig : Ensure PAM Enforces Password Requirements - Maximum Consecutive Repeating Characters from Same Character Class - Ensure maxclassrepeat is not set in pwquality.conf.d] ***
skipping: [localhost]

TASK [/stigforge/roles/rhel9_stig : Ensure PAM Enforces Password Requirements - Maximum Consecutive Repeating Characters from Same Character Class - Ensure PAM variable maxclassrepeat is set accordingly] ***
changed: [localhost]

TASK [/stigforge/roles/rhel9_stig : Set Password Maximum Consecutive Repeating Characters - Find pwquality.conf.d files] ***
ok: [localhost]

TASK [/stigforge/roles/rhel9_stig : Set Password Maximum Consecutive Repeating Characters - Ensure maxrepeat is not set in pwquality.conf.d] ***
skipping: [localhost]

TASK [/stigforge/roles/rhel9_stig : Set Password Maximum Consecutive Repeating Characters - Ensure PAM variable maxrepeat is set accordingly] ***
changed: [localhost]

TASK [/stigforge/roles/rhel9_stig : Ensure PAM Enforces Password Requirements - Minimum Different Categories - Find pwquality.conf.d files] ***
ok: [localhost]

TASK [/stigforge/roles/rhel9_stig : Ensure PAM Enforces Password Requirements - Minimum Different Categories - Ensure minclass is not set in pwquality.conf.d] ***
skipping: [localhost]

TASK [/stigforge/roles/rhel9_stig : Ensure PAM Enforces Password Requirements - Minimum Different Categories - Ensure PAM variable minclass is set accordingly] ***
changed: [localhost]

TASK [/stigforge/roles/rhel9_stig : Ensure PAM Enforces Password Requirements - Minimum Length - Find pwquality.conf.d files] ***
ok: [localhost]

TASK [/stigforge/roles/rhel9_stig : Ensure PAM Enforces Password Requirements - Minimum Length - Ensure minlen is not set in pwquality.conf.d] ***
skipping: [localhost]

TASK [/stigforge/roles/rhel9_stig : Ensure PAM Enforces Password Requirements - Minimum Length - Ensure PAM variable minlen is set accordingly] ***
changed: [localhost]

TASK [/stigforge/roles/rhel9_stig : Ensure PAM Enforces Password Requirements - Minimum Special Characters - Find pwquality.conf.d files] ***
ok: [localhost]

TASK [/stigforge/roles/rhel9_stig : Ensure PAM Enforces Password Requirements - Minimum Special Characters - Ensure ocredit is not set in pwquality.conf.d] ***
skipping: [localhost]

TASK [/stigforge/roles/rhel9_stig : Ensure PAM Enforces Password Requirements - Minimum Special Characters - Ensure PAM variable ocredit is set accordingly] ***
changed: [localhost]

TASK [/stigforge/roles/rhel9_stig : Ensure PAM password complexity module is enabled in password-auth - Check if /etc/pam.d/password-auth file is present] ***
ok: [localhost]

TASK [/stigforge/roles/rhel9_stig : Ensure PAM password complexity module is enabled in password-auth - Define the PAM file to be edited as a local fact] ***
ok: [localhost]

TASK [/stigforge/roles/rhel9_stig : Ensure PAM password complexity module is enabled in password-auth - Check if system relies on authselect tool] ***
ok: [localhost]

TASK [/stigforge/roles/rhel9_stig : Ensure PAM password complexity module is enabled in password-auth - Check integrity of authselect current profile] ***
ok: [localhost]

TASK [/stigforge/roles/rhel9_stig : Ensure PAM password complexity module is enabled in password-auth - Informative message based on the authselect integrity check result] ***
ok: [localhost] => {
    "changed": false,
    "msg": [
        "authselect integrity check passed"
    ]
}

TASK [/stigforge/roles/rhel9_stig : Ensure PAM password complexity module is enabled in password-auth - Get authselect current profile] ***
ok: [localhost]

TASK [/stigforge/roles/rhel9_stig : Ensure PAM password complexity module is enabled in password-auth - Define the current authselect profile as a local fact] ***
ok: [localhost]

TASK [/stigforge/roles/rhel9_stig : Ensure PAM password complexity module is enabled in password-auth - Define the new authselect custom profile as a local fact] ***
skipping: [localhost]

TASK [/stigforge/roles/rhel9_stig : Ensure PAM password complexity module is enabled in password-auth - Get authselect current features to also enable them in the custom profile] ***
skipping: [localhost]

TASK [/stigforge/roles/rhel9_stig : Ensure PAM password complexity module is enabled in password-auth - Check if any custom profile with the same name was already created] ***
skipping: [localhost]

TASK [/stigforge/roles/rhel9_stig : Ensure PAM password complexity module is enabled in password-auth - Create an authselect custom profile based on the current profile] ***
skipping: [localhost]

TASK [/stigforge/roles/rhel9_stig : Ensure PAM password complexity module is enabled in password-auth - Create an authselect custom profile based on sssd profile] ***
skipping: [localhost]

TASK [/stigforge/roles/rhel9_stig : Ensure PAM password complexity module is enabled in password-auth - Ensure authselect changes are applied] ***
skipping: [localhost]

TASK [/stigforge/roles/rhel9_stig : Ensure PAM password complexity module is enabled in password-auth - Ensure the authselect custom profile is selected] ***
skipping: [localhost]

TASK [/stigforge/roles/rhel9_stig : Ensure PAM password complexity module is enabled in password-auth - Restore the authselect features in the custom profile] ***
skipping: [localhost]

TASK [/stigforge/roles/rhel9_stig : Ensure PAM password complexity module is enabled in password-auth - Ensure authselect changes are applied] ***
skipping: [localhost]

TASK [/stigforge/roles/rhel9_stig : Ensure PAM password complexity module is enabled in password-auth - Change the PAM file to be edited according to the custom authselect profile] ***
ok: [localhost]

TASK [/stigforge/roles/rhel9_stig : Ensure PAM password complexity module is enabled in password-auth - Define a fact for control already filtered in case filters are used] ***
ok: [localhost]

TASK [/stigforge/roles/rhel9_stig : Ensure PAM password complexity module is enabled in password-auth - Check if expected PAM module line is present in /etc/authselect/custom/hardening/password-auth] ***
ok: [localhost]

TASK [/stigforge/roles/rhel9_stig : Ensure PAM password complexity module is enabled in password-auth - Check if required PAM module line is present in /etc/authselect/custom/hardening/password-auth with different control] ***
skipping: [localhost]

TASK [/stigforge/roles/rhel9_stig : Ensure PAM password complexity module is enabled in password-auth - Ensure the correct control for the required PAM module line in /etc/authselect/custom/hardening/password-auth] ***
skipping: [localhost]

TASK [/stigforge/roles/rhel9_stig : Ensure PAM password complexity module is enabled in password-auth - Ensure the required PAM module line is included in /etc/authselect/custom/hardening/password-auth] ***
skipping: [localhost]

TASK [/stigforge/roles/rhel9_stig : Ensure PAM password complexity module is enabled in password-auth - Ensure authselect changes are applied] ***
skipping: [localhost]

TASK [/stigforge/roles/rhel9_stig : Ensure PAM password complexity module is enabled in password-auth - Ensure authselect changes are applied] ***
skipping: [localhost]

TASK [/stigforge/roles/rhel9_stig : Ensure PAM Enforces Password Requirements - Authentication Retry Prompts Permitted Per-Session in /etc/security/pwquality.conf - Find pwquality.conf.d files] ***
ok: [localhost]

TASK [/stigforge/roles/rhel9_stig : Ensure PAM Enforces Password Requirements - Authentication Retry Prompts Permitted Per-Session in /etc/security/pwquality.conf - Ensure retry is not set in pwquality.conf.d] ***
skipping: [localhost]

TASK [/stigforge/roles/rhel9_stig : Ensure PAM Enforces Password Requirements - Authentication Retry Prompts Permitted Per-Session in /etc/security/pwquality.conf - Ensure PAM variable retry is set accordingly] ***
changed: [localhost]

TASK [/stigforge/roles/rhel9_stig : Ensure PAM password complexity module is enabled in system-auth - Check if /etc/pam.d/system-auth file is present] ***
ok: [localhost]

TASK [/stigforge/roles/rhel9_stig : Ensure PAM password complexity module is enabled in system-auth - Define the PAM file to be edited as a local fact] ***
ok: [localhost]

TASK [/stigforge/roles/rhel9_stig : Ensure PAM password complexity module is enabled in system-auth - Check if system relies on authselect tool] ***
ok: [localhost]

TASK [/stigforge/roles/rhel9_stig : Ensure PAM password complexity module is enabled in system-auth - Check integrity of authselect current profile] ***
ok: [localhost]

TASK [/stigforge/roles/rhel9_stig : Ensure PAM password complexity module is enabled in system-auth - Informative message based on the authselect integrity check result] ***
ok: [localhost] => {
    "changed": false,
    "msg": [
        "authselect integrity check passed"
    ]
}

TASK [/stigforge/roles/rhel9_stig : Ensure PAM password complexity module is enabled in system-auth - Get authselect current profile] ***
ok: [localhost]

TASK [/stigforge/roles/rhel9_stig : Ensure PAM password complexity module is enabled in system-auth - Define the current authselect profile as a local fact] ***
ok: [localhost]

TASK [/stigforge/roles/rhel9_stig : Ensure PAM password complexity module is enabled in system-auth - Define the new authselect custom profile as a local fact] ***
skipping: [localhost]

TASK [/stigforge/roles/rhel9_stig : Ensure PAM password complexity module is enabled in system-auth - Get authselect current features to also enable them in the custom profile] ***
skipping: [localhost]

TASK [/stigforge/roles/rhel9_stig : Ensure PAM password complexity module is enabled in system-auth - Check if any custom profile with the same name was already created] ***
skipping: [localhost]

TASK [/stigforge/roles/rhel9_stig : Ensure PAM password complexity module is enabled in system-auth - Create an authselect custom profile based on the current profile] ***
skipping: [localhost]

TASK [/stigforge/roles/rhel9_stig : Ensure PAM password complexity module is enabled in system-auth - Create an authselect custom profile based on sssd profile] ***
skipping: [localhost]

TASK [/stigforge/roles/rhel9_stig : Ensure PAM password complexity module is enabled in system-auth - Ensure authselect changes are applied] ***
skipping: [localhost]

TASK [/stigforge/roles/rhel9_stig : Ensure PAM password complexity module is enabled in system-auth - Ensure the authselect custom profile is selected] ***
skipping: [localhost]

TASK [/stigforge/roles/rhel9_stig : Ensure PAM password complexity module is enabled in system-auth - Restore the authselect features in the custom profile] ***
skipping: [localhost]

TASK [/stigforge/roles/rhel9_stig : Ensure PAM password complexity module is enabled in system-auth - Ensure authselect changes are applied] ***
skipping: [localhost]

TASK [/stigforge/roles/rhel9_stig : Ensure PAM password complexity module is enabled in system-auth - Change the PAM file to be edited according to the custom authselect profile] ***
ok: [localhost]

TASK [/stigforge/roles/rhel9_stig : Ensure PAM password complexity module is enabled in system-auth - Define a fact for control already filtered in case filters are used] ***
ok: [localhost]

TASK [/stigforge/roles/rhel9_stig : Ensure PAM password complexity module is enabled in system-auth - Check if expected PAM module line is present in /etc/authselect/custom/hardening/system-auth] ***
ok: [localhost]

TASK [/stigforge/roles/rhel9_stig : Ensure PAM password complexity module is enabled in system-auth - Check if required PAM module line is present in /etc/authselect/custom/hardening/system-auth with different control] ***
skipping: [localhost]

TASK [/stigforge/roles/rhel9_stig : Ensure PAM password complexity module is enabled in system-auth - Ensure the correct control for the required PAM module line in /etc/authselect/custom/hardening/system-auth] ***
skipping: [localhost]

TASK [/stigforge/roles/rhel9_stig : Ensure PAM password complexity module is enabled in system-auth - Ensure the required PAM module line is included in /etc/authselect/custom/hardening/system-auth] ***
skipping: [localhost]

TASK [/stigforge/roles/rhel9_stig : Ensure PAM password complexity module is enabled in system-auth - Ensure authselect changes are applied] ***
skipping: [localhost]

TASK [/stigforge/roles/rhel9_stig : Ensure PAM password complexity module is enabled in system-auth - Ensure authselect changes are applied] ***
skipping: [localhost]

TASK [/stigforge/roles/rhel9_stig : Ensure PAM Enforces Password Requirements - Minimum Uppercase Characters - Find pwquality.conf.d files] ***
ok: [localhost]

TASK [/stigforge/roles/rhel9_stig : Ensure PAM Enforces Password Requirements - Minimum Uppercase Characters - Ensure ucredit is not set in pwquality.conf.d] ***
skipping: [localhost]

TASK [/stigforge/roles/rhel9_stig : Ensure PAM Enforces Password Requirements - Minimum Uppercase Characters - Ensure PAM variable ucredit is set accordingly] ***
changed: [localhost]

TASK [/stigforge/roles/rhel9_stig : Set Password Hashing Algorithm in /etc/libuser.conf - Set Password Hashing Algorithm in /etc/libuser.conf] ***
ok: [localhost]

TASK [/stigforge/roles/rhel9_stig : Set Password Hashing Algorithm in /etc/login.defs] ***
ok: [localhost]

TASK [/stigforge/roles/rhel9_stig : Set PAM's Password Hashing Algorithm - password-auth - Check if /etc/pam.d/password-auth file is present] ***
ok: [localhost]

TASK [/stigforge/roles/rhel9_stig : Set PAM's Password Hashing Algorithm - password-auth - Define the PAM file to be edited as a local fact] ***
ok: [localhost]

TASK [/stigforge/roles/rhel9_stig : Set PAM's Password Hashing Algorithm - password-auth - Check if system relies on authselect tool] ***
ok: [localhost]

TASK [/stigforge/roles/rhel9_stig : Set PAM's Password Hashing Algorithm - password-auth - Check integrity of authselect current profile] ***
ok: [localhost]

TASK [/stigforge/roles/rhel9_stig : Set PAM's Password Hashing Algorithm - password-auth - Informative message based on the authselect integrity check result] ***
ok: [localhost] => {
    "changed": false,
    "msg": [
        "authselect integrity check passed"
    ]
}

TASK [/stigforge/roles/rhel9_stig : Set PAM's Password Hashing Algorithm - password-auth - Get authselect current profile] ***
ok: [localhost]

TASK [/stigforge/roles/rhel9_stig : Set PAM's Password Hashing Algorithm - password-auth - Define the current authselect profile as a local fact] ***
ok: [localhost]

TASK [/stigforge/roles/rhel9_stig : Set PAM's Password Hashing Algorithm - password-auth - Define the new authselect custom profile as a local fact] ***
skipping: [localhost]

TASK [/stigforge/roles/rhel9_stig : Set PAM's Password Hashing Algorithm - password-auth - Get authselect current features to also enable them in the custom profile] ***
skipping: [localhost]

TASK [/stigforge/roles/rhel9_stig : Set PAM's Password Hashing Algorithm - password-auth - Check if any custom profile with the same name was already created] ***
skipping: [localhost]

TASK [/stigforge/roles/rhel9_stig : Set PAM's Password Hashing Algorithm - password-auth - Create an authselect custom profile based on the current profile] ***
skipping: [localhost]

TASK [/stigforge/roles/rhel9_stig : Set PAM's Password Hashing Algorithm - password-auth - Create an authselect custom profile based on sssd profile] ***
skipping: [localhost]

TASK [/stigforge/roles/rhel9_stig : Set PAM's Password Hashing Algorithm - password-auth - Ensure authselect changes are applied] ***
skipping: [localhost]

TASK [/stigforge/roles/rhel9_stig : Set PAM's Password Hashing Algorithm - password-auth - Ensure the authselect custom profile is selected] ***
skipping: [localhost]

TASK [/stigforge/roles/rhel9_stig : Set PAM's Password Hashing Algorithm - password-auth - Restore the authselect features in the custom profile] ***
skipping: [localhost]

TASK [/stigforge/roles/rhel9_stig : Set PAM's Password Hashing Algorithm - password-auth - Ensure authselect changes are applied] ***
skipping: [localhost]

TASK [/stigforge/roles/rhel9_stig : Set PAM's Password Hashing Algorithm - password-auth - Change the PAM file to be edited according to the custom authselect profile] ***
ok: [localhost]

TASK [/stigforge/roles/rhel9_stig : Set PAM's Password Hashing Algorithm - password-auth - Define a fact for control already filtered in case filters are used] ***
ok: [localhost]

TASK [/stigforge/roles/rhel9_stig : Set PAM's Password Hashing Algorithm - password-auth - Check if expected PAM module line is present in /etc/authselect/custom/hardening/password-auth] ***
ok: [localhost]

TASK [/stigforge/roles/rhel9_stig : Set PAM's Password Hashing Algorithm - password-auth - Check if required PAM module line is present in /etc/authselect/custom/hardening/password-auth with different control] ***
skipping: [localhost]

TASK [/stigforge/roles/rhel9_stig : Set PAM's Password Hashing Algorithm - password-auth - Ensure the correct control for the required PAM module line in /etc/authselect/custom/hardening/password-auth] ***
skipping: [localhost]

TASK [/stigforge/roles/rhel9_stig : Set PAM's Password Hashing Algorithm - password-auth - Ensure the required PAM module line is included in /etc/authselect/custom/hardening/password-auth] ***
skipping: [localhost]

TASK [/stigforge/roles/rhel9_stig : Set PAM's Password Hashing Algorithm - password-auth - Ensure authselect changes are applied] ***
skipping: [localhost]

TASK [/stigforge/roles/rhel9_stig : Set PAM's Password Hashing Algorithm - password-auth - Define a fact for control already filtered in case filters are used] ***
ok: [localhost]

TASK [/stigforge/roles/rhel9_stig : Set PAM's Password Hashing Algorithm - password-auth - Check if the required PAM module option is present in /etc/authselect/custom/hardening/password-auth] ***
ok: [localhost]

TASK [/stigforge/roles/rhel9_stig : Set PAM's Password Hashing Algorithm - password-auth - Ensure the "sha512" PAM option for "pam_unix.so" is included in /etc/authselect/custom/hardening/password-auth] ***
skipping: [localhost]

TASK [/stigforge/roles/rhel9_stig : Set PAM's Password Hashing Algorithm - password-auth - Ensure authselect changes are applied] ***
skipping: [localhost]

TASK [/stigforge/roles/rhel9_stig : Set PAM's Password Hashing Algorithm - password-auth - Check if /etc/pam.d/password-auth File is Present] ***
ok: [localhost]

TASK [/stigforge/roles/rhel9_stig : Set PAM's Password Hashing Algorithm - password-auth - Define the PAM file to be edited as a local fact] ***
ok: [localhost]

TASK [/stigforge/roles/rhel9_stig : Set PAM's Password Hashing Algorithm - password-auth - Check if system relies on authselect tool] ***
ok: [localhost]

TASK [/stigforge/roles/rhel9_stig : Set PAM's Password Hashing Algorithm - password-auth - Check integrity of authselect current profile] ***
ok: [localhost]

TASK [/stigforge/roles/rhel9_stig : Set PAM's Password Hashing Algorithm - password-auth - Informative message based on the authselect integrity check result] ***
ok: [localhost] => {
    "changed": false,
    "msg": [
        "authselect integrity check passed"
    ]
}

TASK [/stigforge/roles/rhel9_stig : Set PAM's Password Hashing Algorithm - password-auth - Get authselect current profile] ***
ok: [localhost]

TASK [/stigforge/roles/rhel9_stig : Set PAM's Password Hashing Algorithm - password-auth - Define the current authselect profile as a local fact] ***
ok: [localhost]

TASK [/stigforge/roles/rhel9_stig : Set PAM's Password Hashing Algorithm - password-auth - Define the new authselect custom profile as a local fact] ***
skipping: [localhost]

TASK [/stigforge/roles/rhel9_stig : Set PAM's Password Hashing Algorithm - password-auth - Get authselect current features to also enable them in the custom profile] ***
skipping: [localhost]

TASK [/stigforge/roles/rhel9_stig : Set PAM's Password Hashing Algorithm - password-auth - Check if any custom profile with the same name was already created] ***
skipping: [localhost]

TASK [/stigforge/roles/rhel9_stig : Set PAM's Password Hashing Algorithm - password-auth - Create an authselect custom profile based on the current profile] ***
skipping: [localhost]

TASK [/stigforge/roles/rhel9_stig : Set PAM's Password Hashing Algorithm - password-auth - Create an authselect custom profile based on sssd profile] ***
skipping: [localhost]

TASK [/stigforge/roles/rhel9_stig : Set PAM's Password Hashing Algorithm - password-auth - Ensure authselect changes are applied] ***
skipping: [localhost]

TASK [/stigforge/roles/rhel9_stig : Set PAM's Password Hashing Algorithm - password-auth - Ensure the authselect custom profile is selected] ***
skipping: [localhost]

TASK [/stigforge/roles/rhel9_stig : Set PAM's Password Hashing Algorithm - password-auth - Restore the authselect features in the custom profile] ***
skipping: [localhost]

TASK [/stigforge/roles/rhel9_stig : Set PAM's Password Hashing Algorithm - password-auth - Ensure authselect changes are applied] ***
skipping: [localhost]

TASK [/stigforge/roles/rhel9_stig : Set PAM's Password Hashing Algorithm - password-auth - Change the PAM file to be edited according to the custom authselect profile] ***
ok: [localhost]

TASK [/stigforge/roles/rhel9_stig : Set PAM's Password Hashing Algorithm - password-auth - Check if "/etc/authselect/custom/hardening/password-auth" File is Present] ***
ok: [localhost]

TASK [/stigforge/roles/rhel9_stig : Set PAM's Password Hashing Algorithm - password-auth - Ensure That Only the Correct Hashing Algorithm Option For pam_unix.so Is Used in /etc/authselect/custom/hardening/password-auth] ***
skipping: [localhost] => (item=sha512) 
ok: [localhost] => (item=yescrypt)
ok: [localhost] => (item=gost_yescrypt)
ok: [localhost] => (item=blowfish)
ok: [localhost] => (item=sha256)
ok: [localhost] => (item=md5)
ok: [localhost] => (item=bigcrypt)

TASK [/stigforge/roles/rhel9_stig : Set PAM's Password Hashing Algorithm - password-auth - Ensure authselect changes are applied] ***
skipping: [localhost]

TASK [/stigforge/roles/rhel9_stig : Disable Ctrl-Alt-Del Burst Action] *********
skipping: [localhost]

TASK [/stigforge/roles/rhel9_stig : Disable Ctrl-Alt-Del Reboot Activation] ****
skipping: [localhost]

TASK [/stigforge/roles/rhel9_stig : Verify GRUB_DISABLE_RECOVERY=true] *********
skipping: [localhost]

TASK [/stigforge/roles/rhel9_stig : Verify that Interactive Boot is Disabled in /etc/default/grub] ***
skipping: [localhost]

TASK [/stigforge/roles/rhel9_stig : Verify that Interactive Boot is Disabled (runtime)] ***
skipping: [localhost]

TASK [/stigforge/roles/rhel9_stig : Regen grub.cfg handle updated GRUB_DISABLE_RECOVERY and confirm_spawn] ***
skipping: [localhost]

TASK [/stigforge/roles/rhel9_stig : Set 'StopIdleSessionSec' to '900' in the [Login] section of '/etc/systemd/logind.conf'] ***
skipping: [localhost]

TASK [/stigforge/roles/rhel9_stig : Require emergency mode password] ***********
skipping: [localhost]

TASK [/stigforge/roles/rhel9_stig : Require Authentication for Single User Mode - find files which already override Execstart of rescue.service] ***
skipping: [localhost]

TASK [/stigforge/roles/rhel9_stig : Require Authentication for Single User Mode - set files containing ExecStart overrides as target] ***
skipping: [localhost]

TASK [/stigforge/roles/rhel9_stig : Require Authentication for Single User Mode - set default target for rescue.service override] ***
skipping: [localhost]

TASK [/stigforge/roles/rhel9_stig : Require Authentication for Single User Mode - Require emergency user mode password] ***
skipping: [localhost]

TASK [/stigforge/roles/rhel9_stig : Set Account Expiration Following Inactivity] ***
changed: [localhost]

TASK [/stigforge/roles/rhel9_stig : Set Password Maximum Age] ******************
changed: [localhost]

TASK [/stigforge/roles/rhel9_stig : Set Password Minimum Age] ******************
changed: [localhost]

TASK [/stigforge/roles/rhel9_stig : Collect users with not correct maximum time period between password changes] ***
changed: [localhost]

TASK [/stigforge/roles/rhel9_stig : Change the maximum time period between password changes] ***
skipping: [localhost]

TASK [/stigforge/roles/rhel9_stig : Collect users with not correct minimum time period between password changes] ***
changed: [localhost]

TASK [/stigforge/roles/rhel9_stig : Change the minimum time period between password changes] ***
skipping: [localhost]

TASK [/stigforge/roles/rhel9_stig : Set number of Password Hashing Rounds - password-auth - Check if /etc/pam.d/password-auth file is present] ***
ok: [localhost]

TASK [/stigforge/roles/rhel9_stig : Set number of Password Hashing Rounds - password-auth - Define the PAM file to be edited as a local fact] ***
ok: [localhost]

TASK [/stigforge/roles/rhel9_stig : Set number of Password Hashing Rounds - password-auth - Check if system relies on authselect tool] ***
ok: [localhost]

TASK [/stigforge/roles/rhel9_stig : Set number of Password Hashing Rounds - password-auth - Check integrity of authselect current profile] ***
ok: [localhost]

TASK [/stigforge/roles/rhel9_stig : Set number of Password Hashing Rounds - password-auth - Informative message based on the authselect integrity check result] ***
ok: [localhost] => {
    "changed": false,
    "msg": [
        "authselect integrity check passed"
    ]
}

TASK [/stigforge/roles/rhel9_stig : Set number of Password Hashing Rounds - password-auth - Get authselect current profile] ***
ok: [localhost]

TASK [/stigforge/roles/rhel9_stig : Set number of Password Hashing Rounds - password-auth - Define the current authselect profile as a local fact] ***
ok: [localhost]

TASK [/stigforge/roles/rhel9_stig : Set number of Password Hashing Rounds - password-auth - Define the new authselect custom profile as a local fact] ***
skipping: [localhost]

TASK [/stigforge/roles/rhel9_stig : Set number of Password Hashing Rounds - password-auth - Get authselect current features to also enable them in the custom profile] ***
skipping: [localhost]

TASK [/stigforge/roles/rhel9_stig : Set number of Password Hashing Rounds - password-auth - Check if any custom profile with the same name was already created] ***
skipping: [localhost]

TASK [/stigforge/roles/rhel9_stig : Set number of Password Hashing Rounds - password-auth - Create an authselect custom profile based on the current profile] ***
skipping: [localhost]

TASK [/stigforge/roles/rhel9_stig : Set number of Password Hashing Rounds - password-auth - Create an authselect custom profile based on sssd profile] ***
skipping: [localhost]

TASK [/stigforge/roles/rhel9_stig : Set number of Password Hashing Rounds - password-auth - Ensure authselect changes are applied] ***
skipping: [localhost]

TASK [/stigforge/roles/rhel9_stig : Set number of Password Hashing Rounds - password-auth - Ensure the authselect custom profile is selected] ***
skipping: [localhost]

TASK [/stigforge/roles/rhel9_stig : Set number of Password Hashing Rounds - password-auth - Restore the authselect features in the custom profile] ***
skipping: [localhost]

TASK [/stigforge/roles/rhel9_stig : Set number of Password Hashing Rounds - password-auth - Ensure authselect changes are applied] ***
skipping: [localhost]

TASK [/stigforge/roles/rhel9_stig : Set number of Password Hashing Rounds - password-auth - Change the PAM file to be edited according to the custom authselect profile] ***
ok: [localhost]

TASK [/stigforge/roles/rhel9_stig : Set number of Password Hashing Rounds - password-auth - Define a fact for control already filtered in case filters are used] ***
ok: [localhost]

TASK [/stigforge/roles/rhel9_stig : Set number of Password Hashing Rounds - password-auth - Check if expected PAM module line is present in /etc/authselect/custom/hardening/password-auth] ***
ok: [localhost]

TASK [/stigforge/roles/rhel9_stig : Set number of Password Hashing Rounds - password-auth - Check if required PAM module line is present in /etc/authselect/custom/hardening/password-auth with different control] ***
skipping: [localhost]

TASK [/stigforge/roles/rhel9_stig : Set number of Password Hashing Rounds - password-auth - Ensure the correct control for the required PAM module line in /etc/authselect/custom/hardening/password-auth] ***
skipping: [localhost]

TASK [/stigforge/roles/rhel9_stig : Set number of Password Hashing Rounds - password-auth - Ensure the required PAM module line is included in /etc/authselect/custom/hardening/password-auth] ***
skipping: [localhost]

TASK [/stigforge/roles/rhel9_stig : Set number of Password Hashing Rounds - password-auth - Ensure authselect changes are applied] ***
skipping: [localhost]

TASK [/stigforge/roles/rhel9_stig : Set number of Password Hashing Rounds - password-auth - Define a fact for control already filtered in case filters are used] ***
ok: [localhost]

TASK [/stigforge/roles/rhel9_stig : Set number of Password Hashing Rounds - password-auth - Check if the required PAM module option is present in /etc/authselect/custom/hardening/password-auth] ***
ok: [localhost]

TASK [/stigforge/roles/rhel9_stig : Set number of Password Hashing Rounds - password-auth - Ensure the "rounds" PAM option for "pam_unix.so" is included in /etc/authselect/custom/hardening/password-auth] ***
changed: [localhost]

TASK [/stigforge/roles/rhel9_stig : Set number of Password Hashing Rounds - password-auth - Ensure the required value for "rounds" PAM option from "pam_unix.so" in /etc/authselect/custom/hardening/password-auth] ***
skipping: [localhost]

TASK [/stigforge/roles/rhel9_stig : Set number of Password Hashing Rounds - password-auth - Ensure authselect changes are applied] ***
changed: [localhost]

TASK [/stigforge/roles/rhel9_stig : Set number of Password Hashing Rounds - system-auth - Check if /etc/pam.d/system-auth file is present] ***
ok: [localhost]

TASK [/stigforge/roles/rhel9_stig : Set number of Password Hashing Rounds - system-auth - Define the PAM file to be edited as a local fact] ***
ok: [localhost]

TASK [/stigforge/roles/rhel9_stig : Set number of Password Hashing Rounds - system-auth - Check if system relies on authselect tool] ***
ok: [localhost]

TASK [/stigforge/roles/rhel9_stig : Set number of Password Hashing Rounds - system-auth - Check integrity of authselect current profile] ***
ok: [localhost]

TASK [/stigforge/roles/rhel9_stig : Set number of Password Hashing Rounds - system-auth - Informative message based on the authselect integrity check result] ***
ok: [localhost] => {
    "changed": false,
    "msg": [
        "authselect integrity check passed"
    ]
}

TASK [/stigforge/roles/rhel9_stig : Set number of Password Hashing Rounds - system-auth - Get authselect current profile] ***
ok: [localhost]

TASK [/stigforge/roles/rhel9_stig : Set number of Password Hashing Rounds - system-auth - Define the current authselect profile as a local fact] ***
ok: [localhost]

TASK [/stigforge/roles/rhel9_stig : Set number of Password Hashing Rounds - system-auth - Define the new authselect custom profile as a local fact] ***
skipping: [localhost]

TASK [/stigforge/roles/rhel9_stig : Set number of Password Hashing Rounds - system-auth - Get authselect current features to also enable them in the custom profile] ***
skipping: [localhost]

TASK [/stigforge/roles/rhel9_stig : Set number of Password Hashing Rounds - system-auth - Check if any custom profile with the same name was already created] ***
skipping: [localhost]

TASK [/stigforge/roles/rhel9_stig : Set number of Password Hashing Rounds - system-auth - Create an authselect custom profile based on the current profile] ***
skipping: [localhost]

TASK [/stigforge/roles/rhel9_stig : Set number of Password Hashing Rounds - system-auth - Create an authselect custom profile based on sssd profile] ***
skipping: [localhost]

TASK [/stigforge/roles/rhel9_stig : Set number of Password Hashing Rounds - system-auth - Ensure authselect changes are applied] ***
skipping: [localhost]

TASK [/stigforge/roles/rhel9_stig : Set number of Password Hashing Rounds - system-auth - Ensure the authselect custom profile is selected] ***
skipping: [localhost]

TASK [/stigforge/roles/rhel9_stig : Set number of Password Hashing Rounds - system-auth - Restore the authselect features in the custom profile] ***
skipping: [localhost]

TASK [/stigforge/roles/rhel9_stig : Set number of Password Hashing Rounds - system-auth - Ensure authselect changes are applied] ***
skipping: [localhost]

TASK [/stigforge/roles/rhel9_stig : Set number of Password Hashing Rounds - system-auth - Change the PAM file to be edited according to the custom authselect profile] ***
ok: [localhost]

TASK [/stigforge/roles/rhel9_stig : Set number of Password Hashing Rounds - system-auth - Define a fact for control already filtered in case filters are used] ***
ok: [localhost]

TASK [/stigforge/roles/rhel9_stig : Set number of Password Hashing Rounds - system-auth - Check if expected PAM module line is present in /etc/authselect/custom/hardening/system-auth] ***
ok: [localhost]

TASK [/stigforge/roles/rhel9_stig : Set number of Password Hashing Rounds - system-auth - Check if required PAM module line is present in /etc/authselect/custom/hardening/system-auth with different control] ***
skipping: [localhost]

TASK [/stigforge/roles/rhel9_stig : Set number of Password Hashing Rounds - system-auth - Ensure the correct control for the required PAM module line in /etc/authselect/custom/hardening/system-auth] ***
skipping: [localhost]

TASK [/stigforge/roles/rhel9_stig : Set number of Password Hashing Rounds - system-auth - Ensure the required PAM module line is included in /etc/authselect/custom/hardening/system-auth] ***
skipping: [localhost]

TASK [/stigforge/roles/rhel9_stig : Set number of Password Hashing Rounds - system-auth - Ensure authselect changes are applied] ***
skipping: [localhost]

TASK [/stigforge/roles/rhel9_stig : Set number of Password Hashing Rounds - system-auth - Define a fact for control already filtered in case filters are used] ***
ok: [localhost]

TASK [/stigforge/roles/rhel9_stig : Set number of Password Hashing Rounds - system-auth - Check if the required PAM module option is present in /etc/authselect/custom/hardening/system-auth] ***
ok: [localhost]

TASK [/stigforge/roles/rhel9_stig : Set number of Password Hashing Rounds - system-auth - Ensure the "rounds" PAM option for "pam_unix.so" is included in /etc/authselect/custom/hardening/system-auth] ***
changed: [localhost]

TASK [/stigforge/roles/rhel9_stig : Set number of Password Hashing Rounds - system-auth - Ensure the required value for "rounds" PAM option from "pam_unix.so" in /etc/authselect/custom/hardening/system-auth] ***
skipping: [localhost]

TASK [/stigforge/roles/rhel9_stig : Set number of Password Hashing Rounds - system-auth - Ensure authselect changes are applied] ***
changed: [localhost]

TASK [/stigforge/roles/rhel9_stig : Prevent Login to Accounts With Empty Password - Check if system relies on authselect] ***
skipping: [localhost]

TASK [/stigforge/roles/rhel9_stig : Prevent Login to Accounts With Empty Password - Check integrity of authselect current profile] ***
skipping: [localhost]

TASK [/stigforge/roles/rhel9_stig : Prevent Login to Accounts With Empty Password - Informative message based on the authselect integrity check result] ***
skipping: [localhost]

TASK [/stigforge/roles/rhel9_stig : Prevent Login to Accounts With Empty Password - Get authselect current features] ***
skipping: [localhost]

TASK [/stigforge/roles/rhel9_stig : Prevent Login to Accounts With Empty Password - Ensure "without-nullok" feature is enabled using authselect tool] ***
skipping: [localhost]

TASK [/stigforge/roles/rhel9_stig : Prevent Login to Accounts With Empty Password - Ensure authselect changes are applied] ***
skipping: [localhost]

TASK [/stigforge/roles/rhel9_stig : Prevent Login to Accounts With Empty Password - Remediate directly editing PAM files] ***
skipping: [localhost] => (item=/etc/pam.d/system-auth) 
skipping: [localhost] => (item=/etc/pam.d/password-auth) 
skipping: [localhost]

TASK [/stigforge/roles/rhel9_stig : Collect users with no password] ************
skipping: [localhost]

TASK [/stigforge/roles/rhel9_stig : Lock users with no password] ***************
skipping: [localhost]

TASK [/stigforge/roles/rhel9_stig : Get all /etc/passwd file entries] **********
ok: [localhost]

TASK [/stigforge/roles/rhel9_stig : Lock the password of the user accounts other than root with uid 0] ***
skipping: [localhost] => (item={'key': 'bin', 'value': ['x', '1', '1', 'bin', '/bin', '/sbin/nologin']}) 
skipping: [localhost] => (item={'key': 'daemon', 'value': ['x', '2', '2', 'daemon', '/sbin', '/sbin/nologin']}) 
skipping: [localhost] => (item={'key': 'adm', 'value': ['x', '3', '4', 'adm', '/var/adm', '/sbin/nologin']}) 
skipping: [localhost] => (item={'key': 'lp', 'value': ['x', '4', '7', 'lp', '/var/spool/lpd', '/sbin/nologin']}) 
skipping: [localhost] => (item={'key': 'sync', 'value': ['x', '5', '0', 'sync', '/sbin', '/bin/sync']}) 
skipping: [localhost] => (item={'key': 'shutdown', 'value': ['x', '6', '0', 'shutdown', '/sbin', '/sbin/shutdown']}) 
skipping: [localhost] => (item={'key': 'halt', 'value': ['x', '7', '0', 'halt', '/sbin', '/sbin/halt']}) 
skipping: [localhost] => (item={'key': 'mail', 'value': ['x', '8', '12', 'mail', '/var/spool/mail', '/sbin/nologin']}) 
skipping: [localhost] => (item={'key': 'operator', 'value': ['x', '11', '0', 'operator', '/root', '/sbin/nologin']}) 
skipping: [localhost] => (item={'key': 'games', 'value': ['x', '12', '100', 'games', '/usr/games', '/sbin/nologin']}) 
skipping: [localhost] => (item={'key': 'ftp', 'value': ['x', '14', '50', 'FTP User', '/var/ftp', '/sbin/nologin']}) 
skipping: [localhost] => (item={'key': 'nobody', 'value': ['x', '65534', '65534', 'Kernel Overflow User', '/', '/sbin/nologin']}) 
skipping: [localhost] => (item={'key': 'tss', 'value': ['x', '59', '59', 'Account used for TPM access', '/', '/usr/sbin/nologin']}) 
skipping: [localhost] => (item={'key': 'systemd-coredump', 'value': ['x', '999', '999', 'systemd Core Dumper', '/', '/sbin/nologin']}) 
skipping: [localhost] => (item={'key': 'unbound', 'value': ['x', '998', '998', 'Unbound DNS resolver', '/var/lib/unbound', '/sbin/nologin']}) 
skipping: [localhost]

TASK [/stigforge/roles/rhel9_stig : Ensure that System Accounts Do Not Run a Shell Upon Login - Get All Local Users From /etc/passwd] ***
ok: [localhost]

TASK [/stigforge/roles/rhel9_stig : Ensure that System Accounts Do Not Run a Shell Upon Login - Create local_users Variable From getent_passwd Facts] ***
ok: [localhost]

TASK [/stigforge/roles/rhel9_stig : Ensure that System Accounts Do Not Run a Shell Upon Login -  Disable Login Shell for System Accounts] ***
skipping: [localhost] => (item={'key': 'root', 'value': ['x', '0', '0', 'root', '/root', '/bin/bash']}) 
ok: [localhost] => (item={'key': 'bin', 'value': ['x', '1', '1', 'bin', '/bin', '/sbin/nologin']})
ok: [localhost] => (item={'key': 'daemon', 'value': ['x', '2', '2', 'daemon', '/sbin', '/sbin/nologin']})
ok: [localhost] => (item={'key': 'adm', 'value': ['x', '3', '4', 'adm', '/var/adm', '/sbin/nologin']})
ok: [localhost] => (item={'key': 'lp', 'value': ['x', '4', '7', 'lp', '/var/spool/lpd', '/sbin/nologin']})
skipping: [localhost] => (item={'key': 'sync', 'value': ['x', '5', '0', 'sync', '/sbin', '/bin/sync']}) 
skipping: [localhost] => (item={'key': 'shutdown', 'value': ['x', '6', '0', 'shutdown', '/sbin', '/sbin/shutdown']}) 
skipping: [localhost] => (item={'key': 'halt', 'value': ['x', '7', '0', 'halt', '/sbin', '/sbin/halt']}) 
ok: [localhost] => (item={'key': 'mail', 'value': ['x', '8', '12', 'mail', '/var/spool/mail', '/sbin/nologin']})
ok: [localhost] => (item={'key': 'operator', 'value': ['x', '11', '0', 'operator', '/root', '/sbin/nologin']})
ok: [localhost] => (item={'key': 'games', 'value': ['x', '12', '100', 'games', '/usr/games', '/sbin/nologin']})
ok: [localhost] => (item={'key': 'ftp', 'value': ['x', '14', '50', 'FTP User', '/var/ftp', '/sbin/nologin']})
skipping: [localhost] => (item={'key': 'nobody', 'value': ['x', '65534', '65534', 'Kernel Overflow User', '/', '/sbin/nologin']}) 
changed: [localhost] => (item={'key': 'tss', 'value': ['x', '59', '59', 'Account used for TPM access', '/', '/usr/sbin/nologin']})
ok: [localhost] => (item={'key': 'systemd-coredump', 'value': ['x', '999', '999', 'systemd Core Dumper', '/', '/sbin/nologin']})
ok: [localhost] => (item={'key': 'unbound', 'value': ['x', '998', '998', 'Unbound DNS resolver', '/var/lib/unbound', '/sbin/nologin']})

TASK [/stigforge/roles/rhel9_stig : Restrict usage of su command only to members of wheel group] ***
changed: [localhost]

TASK [/stigforge/roles/rhel9_stig : Check for duplicate values] ****************
ok: [localhost]

TASK [/stigforge/roles/rhel9_stig : Deduplicate values from /etc/login.defs] ***
skipping: [localhost]

TASK [/stigforge/roles/rhel9_stig : Insert correct line to /etc/login.defs] ****
changed: [localhost]

TASK [/stigforge/roles/rhel9_stig : Set accounts logon fail delay] *************
changed: [localhost]

TASK [/stigforge/roles/rhel9_stig : Find /etc/security/limits.d files containing maxlogins configuration] ***
ok: [localhost]

TASK [/stigforge/roles/rhel9_stig : Limit the Number of Concurrent Login Sessions Allowed Per User in files from limits.d] ***
skipping: [localhost]

TASK [/stigforge/roles/rhel9_stig : Limit the Number of Concurrent Login Sessions Allowed Per User] ***
changed: [localhost]

TASK [/stigforge/roles/rhel9_stig : Correct any occurrence of TMOUT in /etc/profile] ***
skipping: [localhost]

TASK [/stigforge/roles/rhel9_stig : Set Interactive Session Timeout] ***********
skipping: [localhost]

TASK [/stigforge/roles/rhel9_stig : User Initialization Files Must Not Run World-Writable Programs - Initialize variables] ***
ok: [localhost]

TASK [/stigforge/roles/rhel9_stig : User Initialization Files Must Not Run World-Writable Programs - Get user's home dir list] ***
ok: [localhost]

TASK [/stigforge/roles/rhel9_stig : User Initialization Files Must Not Run World-Writable Programs - Fill home_user_dirs] ***
skipping: [localhost] => (item={'user': 'root', 'data': ['x', '0', '0', 'root', '/root', '/bin/bash']}) 
skipping: [localhost] => (item={'user': 'bin', 'data': ['x', '1', '1', 'bin', '/bin', '/sbin/nologin']}) 
skipping: [localhost] => (item={'user': 'daemon', 'data': ['x', '2', '2', 'daemon', '/sbin', '/sbin/nologin']}) 
skipping: [localhost] => (item={'user': 'adm', 'data': ['x', '3', '4', 'adm', '/var/adm', '/sbin/nologin']}) 
skipping: [localhost] => (item={'user': 'lp', 'data': ['x', '4', '7', 'lp', '/var/spool/lpd', '/sbin/nologin']}) 
skipping: [localhost] => (item={'user': 'sync', 'data': ['x', '5', '0', 'sync', '/sbin', '/bin/sync']}) 
skipping: [localhost] => (item={'user': 'shutdown', 'data': ['x', '6', '0', 'shutdown', '/sbin', '/sbin/shutdown']}) 
skipping: [localhost] => (item={'user': 'halt', 'data': ['x', '7', '0', 'halt', '/sbin', '/sbin/halt']}) 
skipping: [localhost] => (item={'user': 'mail', 'data': ['x', '8', '12', 'mail', '/var/spool/mail', '/sbin/nologin']}) 
skipping: [localhost] => (item={'user': 'operator', 'data': ['x', '11', '0', 'operator', '/root', '/sbin/nologin']}) 
skipping: [localhost] => (item={'user': 'games', 'data': ['x', '12', '100', 'games', '/usr/games', '/sbin/nologin']}) 
skipping: [localhost] => (item={'user': 'ftp', 'data': ['x', '14', '50', 'FTP User', '/var/ftp', '/sbin/nologin']}) 
skipping: [localhost] => (item={'user': 'nobody', 'data': ['x', '65534', '65534', 'Kernel Overflow User', '/', '/sbin/nologin']}) 
skipping: [localhost] => (item={'user': 'tss', 'data': ['x', '59', '59', 'Account used for TPM access', '/', '/sbin/nologin']}) 
skipping: [localhost] => (item={'user': 'systemd-coredump', 'data': ['x', '999', '999', 'systemd Core Dumper', '/', '/sbin/nologin']}) 
skipping: [localhost] => (item={'user': 'unbound', 'data': ['x', '998', '998', 'Unbound DNS resolver', '/var/lib/unbound', '/sbin/nologin']}) 
skipping: [localhost]

TASK [/stigforge/roles/rhel9_stig : User Initialization Files Must Not Run World-Writable Programs - Get world writable files] ***
changed: [localhost]

TASK [/stigforge/roles/rhel9_stig : User Initialization Files Must Not Run World-Writable Programs - Find referenced_files in init files] ***
skipping: [localhost]

TASK [/stigforge/roles/rhel9_stig : User Initialization Files Must Not Run World-Writable Programs - Remove world writable permissions] ***
skipping: [localhost]

TASK [/stigforge/roles/rhel9_stig : Get all local users from /etc/passwd] ******
ok: [localhost]

TASK [/stigforge/roles/rhel9_stig : Create local_users variable from the getent output] ***
ok: [localhost]

TASK [/stigforge/roles/rhel9_stig : Ensure interactive users have an exclusive home directory defined] ***
skipping: [localhost] => (item={'key': 'root', 'value': ['x', '0', '0', 'root', '/root', '/bin/bash']}) 
skipping: [localhost] => (item={'key': 'bin', 'value': ['x', '1', '1', 'bin', '/bin', '/sbin/nologin']}) 
skipping: [localhost] => (item={'key': 'daemon', 'value': ['x', '2', '2', 'daemon', '/sbin', '/sbin/nologin']}) 
skipping: [localhost] => (item={'key': 'adm', 'value': ['x', '3', '4', 'adm', '/var/adm', '/sbin/nologin']}) 
skipping: [localhost] => (item={'key': 'lp', 'value': ['x', '4', '7', 'lp', '/var/spool/lpd', '/sbin/nologin']}) 
skipping: [localhost] => (item={'key': 'sync', 'value': ['x', '5', '0', 'sync', '/sbin', '/bin/sync']}) 
skipping: [localhost] => (item={'key': 'shutdown', 'value': ['x', '6', '0', 'shutdown', '/sbin', '/sbin/shutdown']}) 
skipping: [localhost] => (item={'key': 'halt', 'value': ['x', '7', '0', 'halt', '/sbin', '/sbin/halt']}) 
skipping: [localhost] => (item={'key': 'mail', 'value': ['x', '8', '12', 'mail', '/var/spool/mail', '/sbin/nologin']}) 
skipping: [localhost] => (item={'key': 'operator', 'value': ['x', '11', '0', 'operator', '/root', '/sbin/nologin']}) 
skipping: [localhost] => (item={'key': 'games', 'value': ['x', '12', '100', 'games', '/usr/games', '/sbin/nologin']}) 
skipping: [localhost] => (item={'key': 'ftp', 'value': ['x', '14', '50', 'FTP User', '/var/ftp', '/sbin/nologin']}) 
skipping: [localhost] => (item={'key': 'nobody', 'value': ['x', '65534', '65534', 'Kernel Overflow User', '/', '/sbin/nologin']}) 
skipping: [localhost] => (item={'key': 'tss', 'value': ['x', '59', '59', 'Account used for TPM access', '/', '/sbin/nologin']}) 
skipping: [localhost] => (item={'key': 'systemd-coredump', 'value': ['x', '999', '999', 'systemd Core Dumper', '/', '/sbin/nologin']}) 
skipping: [localhost] => (item={'key': 'unbound', 'value': ['x', '998', '998', 'Unbound DNS resolver', '/var/lib/unbound', '/sbin/nologin']}) 
skipping: [localhost]

TASK [/stigforge/roles/rhel9_stig : Get all local users from /etc/passwd] ******
ok: [localhost]

TASK [/stigforge/roles/rhel9_stig : Create local_users variable from the getent output] ***
ok: [localhost]

TASK [/stigforge/roles/rhel9_stig : Ensure interactive users have a home directory exists] ***
skipping: [localhost] => (item={'key': 'root', 'value': ['x', '0', '0', 'root', '/root', '/bin/bash']}) 
skipping: [localhost] => (item={'key': 'bin', 'value': ['x', '1', '1', 'bin', '/bin', '/sbin/nologin']}) 
skipping: [localhost] => (item={'key': 'daemon', 'value': ['x', '2', '2', 'daemon', '/sbin', '/sbin/nologin']}) 
skipping: [localhost] => (item={'key': 'adm', 'value': ['x', '3', '4', 'adm', '/var/adm', '/sbin/nologin']}) 
skipping: [localhost] => (item={'key': 'lp', 'value': ['x', '4', '7', 'lp', '/var/spool/lpd', '/sbin/nologin']}) 
skipping: [localhost] => (item={'key': 'sync', 'value': ['x', '5', '0', 'sync', '/sbin', '/bin/sync']}) 
skipping: [localhost] => (item={'key': 'shutdown', 'value': ['x', '6', '0', 'shutdown', '/sbin', '/sbin/shutdown']}) 
skipping: [localhost] => (item={'key': 'halt', 'value': ['x', '7', '0', 'halt', '/sbin', '/sbin/halt']}) 
skipping: [localhost] => (item={'key': 'mail', 'value': ['x', '8', '12', 'mail', '/var/spool/mail', '/sbin/nologin']}) 
skipping: [localhost] => (item={'key': 'operator', 'value': ['x', '11', '0', 'operator', '/root', '/sbin/nologin']}) 
skipping: [localhost] => (item={'key': 'games', 'value': ['x', '12', '100', 'games', '/usr/games', '/sbin/nologin']}) 
skipping: [localhost] => (item={'key': 'ftp', 'value': ['x', '14', '50', 'FTP User', '/var/ftp', '/sbin/nologin']}) 
skipping: [localhost] => (item={'key': 'nobody', 'value': ['x', '65534', '65534', 'Kernel Overflow User', '/', '/sbin/nologin']}) 
skipping: [localhost] => (item={'key': 'tss', 'value': ['x', '59', '59', 'Account used for TPM access', '/', '/sbin/nologin']}) 
skipping: [localhost] => (item={'key': 'systemd-coredump', 'value': ['x', '999', '999', 'systemd Core Dumper', '/', '/sbin/nologin']}) 
skipping: [localhost] => (item={'key': 'unbound', 'value': ['x', '998', '998', 'Unbound DNS resolver', '/var/lib/unbound', '/sbin/nologin']}) 
skipping: [localhost]

TASK [/stigforge/roles/rhel9_stig : Get all local users from /etc/passwd] ******
ok: [localhost]

TASK [/stigforge/roles/rhel9_stig : Create local_users variable from the getent output] ***
ok: [localhost]

TASK [/stigforge/roles/rhel9_stig : Test for existence of home directories to avoid creating them, but only fixing group ownership] ***
skipping: [localhost] => (item={'key': 'root', 'value': ['x', '0', '0', 'root', '/root', '/bin/bash']}) 
skipping: [localhost] => (item={'key': 'bin', 'value': ['x', '1', '1', 'bin', '/bin', '/sbin/nologin']}) 
skipping: [localhost] => (item={'key': 'daemon', 'value': ['x', '2', '2', 'daemon', '/sbin', '/sbin/nologin']}) 
skipping: [localhost] => (item={'key': 'adm', 'value': ['x', '3', '4', 'adm', '/var/adm', '/sbin/nologin']}) 
skipping: [localhost] => (item={'key': 'lp', 'value': ['x', '4', '7', 'lp', '/var/spool/lpd', '/sbin/nologin']}) 
skipping: [localhost] => (item={'key': 'sync', 'value': ['x', '5', '0', 'sync', '/sbin', '/bin/sync']}) 
skipping: [localhost] => (item={'key': 'shutdown', 'value': ['x', '6', '0', 'shutdown', '/sbin', '/sbin/shutdown']}) 
skipping: [localhost] => (item={'key': 'halt', 'value': ['x', '7', '0', 'halt', '/sbin', '/sbin/halt']}) 
skipping: [localhost] => (item={'key': 'mail', 'value': ['x', '8', '12', 'mail', '/var/spool/mail', '/sbin/nologin']}) 
skipping: [localhost] => (item={'key': 'operator', 'value': ['x', '11', '0', 'operator', '/root', '/sbin/nologin']}) 
skipping: [localhost] => (item={'key': 'games', 'value': ['x', '12', '100', 'games', '/usr/games', '/sbin/nologin']}) 
skipping: [localhost] => (item={'key': 'ftp', 'value': ['x', '14', '50', 'FTP User', '/var/ftp', '/sbin/nologin']}) 
skipping: [localhost] => (item={'key': 'nobody', 'value': ['x', '65534', '65534', 'Kernel Overflow User', '/', '/sbin/nologin']}) 
skipping: [localhost] => (item={'key': 'tss', 'value': ['x', '59', '59', 'Account used for TPM access', '/', '/sbin/nologin']}) 
skipping: [localhost] => (item={'key': 'systemd-coredump', 'value': ['x', '999', '999', 'systemd Core Dumper', '/', '/sbin/nologin']}) 
skipping: [localhost] => (item={'key': 'unbound', 'value': ['x', '998', '998', 'Unbound DNS resolver', '/var/lib/unbound', '/sbin/nologin']}) 
skipping: [localhost]

TASK [/stigforge/roles/rhel9_stig : Ensure interactive local users are the group-owners of their respective home directories] ***
skipping: [localhost] => (item=[{'key': 'root', 'value': ['x', '0', '0', 'root', '/root', '/bin/bash']}, {'changed': False, 'skipped': True, 'skip_reason': 'Conditional result was False', 'false_condition': 'item.value[1]|int >= 1000', 'item': {'key': 'root', 'value': ['x', '0', '0', 'root', '/root', '/bin/bash']}, 'ansible_loop_var': 'item'}]) 
skipping: [localhost] => (item=[{'key': 'bin', 'value': ['x', '1', '1', 'bin', '/bin', '/sbin/nologin']}, {'changed': False, 'skipped': True, 'skip_reason': 'Conditional result was False', 'false_condition': 'item.value[1]|int >= 1000', 'item': {'key': 'bin', 'value': ['x', '1', '1', 'bin', '/bin', '/sbin/nologin']}, 'ansible_loop_var': 'item'}]) 
skipping: [localhost] => (item=[{'key': 'daemon', 'value': ['x', '2', '2', 'daemon', '/sbin', '/sbin/nologin']}, {'changed': False, 'skipped': True, 'skip_reason': 'Conditional result was False', 'false_condition': 'item.value[1]|int >= 1000', 'item': {'key': 'daemon', 'value': ['x', '2', '2', 'daemon', '/sbin', '/sbin/nologin']}, 'ansible_loop_var': 'item'}]) 
skipping: [localhost] => (item=[{'key': 'adm', 'value': ['x', '3', '4', 'adm', '/var/adm', '/sbin/nologin']}, {'changed': False, 'skipped': True, 'skip_reason': 'Conditional result was False', 'false_condition': 'item.value[1]|int >= 1000', 'item': {'key': 'adm', 'value': ['x', '3', '4', 'adm', '/var/adm', '/sbin/nologin']}, 'ansible_loop_var': 'item'}]) 
skipping: [localhost] => (item=[{'key': 'lp', 'value': ['x', '4', '7', 'lp', '/var/spool/lpd', '/sbin/nologin']}, {'changed': False, 'skipped': True, 'skip_reason': 'Conditional result was False', 'false_condition': 'item.value[1]|int >= 1000', 'item': {'key': 'lp', 'value': ['x', '4', '7', 'lp', '/var/spool/lpd', '/sbin/nologin']}, 'ansible_loop_var': 'item'}]) 
skipping: [localhost] => (item=[{'key': 'sync', 'value': ['x', '5', '0', 'sync', '/sbin', '/bin/sync']}, {'changed': False, 'skipped': True, 'skip_reason': 'Conditional result was False', 'false_condition': 'item.value[1]|int >= 1000', 'item': {'key': 'sync', 'value': ['x', '5', '0', 'sync', '/sbin', '/bin/sync']}, 'ansible_loop_var': 'item'}]) 
skipping: [localhost] => (item=[{'key': 'shutdown', 'value': ['x', '6', '0', 'shutdown', '/sbin', '/sbin/shutdown']}, {'changed': False, 'skipped': True, 'skip_reason': 'Conditional result was False', 'false_condition': 'item.value[1]|int >= 1000', 'item': {'key': 'shutdown', 'value': ['x', '6', '0', 'shutdown', '/sbin', '/sbin/shutdown']}, 'ansible_loop_var': 'item'}]) 
skipping: [localhost] => (item=[{'key': 'halt', 'value': ['x', '7', '0', 'halt', '/sbin', '/sbin/halt']}, {'changed': False, 'skipped': True, 'skip_reason': 'Conditional result was False', 'false_condition': 'item.value[1]|int >= 1000', 'item': {'key': 'halt', 'value': ['x', '7', '0', 'halt', '/sbin', '/sbin/halt']}, 'ansible_loop_var': 'item'}]) 
skipping: [localhost] => (item=[{'key': 'mail', 'value': ['x', '8', '12', 'mail', '/var/spool/mail', '/sbin/nologin']}, {'changed': False, 'skipped': True, 'skip_reason': 'Conditional result was False', 'false_condition': 'item.value[1]|int >= 1000', 'item': {'key': 'mail', 'value': ['x', '8', '12', 'mail', '/var/spool/mail', '/sbin/nologin']}, 'ansible_loop_var': 'item'}]) 
skipping: [localhost] => (item=[{'key': 'operator', 'value': ['x', '11', '0', 'operator', '/root', '/sbin/nologin']}, {'changed': False, 'skipped': True, 'skip_reason': 'Conditional result was False', 'false_condition': 'item.value[1]|int >= 1000', 'item': {'key': 'operator', 'value': ['x', '11', '0', 'operator', '/root', '/sbin/nologin']}, 'ansible_loop_var': 'item'}]) 
skipping: [localhost] => (item=[{'key': 'games', 'value': ['x', '12', '100', 'games', '/usr/games', '/sbin/nologin']}, {'changed': False, 'skipped': True, 'skip_reason': 'Conditional result was False', 'false_condition': 'item.value[1]|int >= 1000', 'item': {'key': 'games', 'value': ['x', '12', '100', 'games', '/usr/games', '/sbin/nologin']}, 'ansible_loop_var': 'item'}]) 
skipping: [localhost] => (item=[{'key': 'ftp', 'value': ['x', '14', '50', 'FTP User', '/var/ftp', '/sbin/nologin']}, {'changed': False, 'skipped': True, 'skip_reason': 'Conditional result was False', 'false_condition': 'item.value[1]|int >= 1000', 'item': {'key': 'ftp', 'value': ['x', '14', '50', 'FTP User', '/var/ftp', '/sbin/nologin']}, 'ansible_loop_var': 'item'}]) 
skipping: [localhost] => (item=[{'key': 'nobody', 'value': ['x', '65534', '65534', 'Kernel Overflow User', '/', '/sbin/nologin']}, {'changed': False, 'skipped': True, 'skip_reason': 'Conditional result was False', 'false_condition': 'item.value[1]|int != 65534', 'item': {'key': 'nobody', 'value': ['x', '65534', '65534', 'Kernel Overflow User', '/', '/sbin/nologin']}, 'ansible_loop_var': 'item'}]) 
skipping: [localhost] => (item=[{'key': 'tss', 'value': ['x', '59', '59', 'Account used for TPM access', '/', '/sbin/nologin']}, {'changed': False, 'skipped': True, 'skip_reason': 'Conditional result was False', 'false_condition': 'item.value[1]|int >= 1000', 'item': {'key': 'tss', 'value': ['x', '59', '59', 'Account used for TPM access', '/', '/sbin/nologin']}, 'ansible_loop_var': 'item'}]) 
skipping: [localhost] => (item=[{'key': 'systemd-coredump', 'value': ['x', '999', '999', 'systemd Core Dumper', '/', '/sbin/nologin']}, {'changed': False, 'skipped': True, 'skip_reason': 'Conditional result was False', 'false_condition': 'item.value[1]|int >= 1000', 'item': {'key': 'systemd-coredump', 'value': ['x', '999', '999', 'systemd Core Dumper', '/', '/sbin/nologin']}, 'ansible_loop_var': 'item'}]) 
skipping: [localhost] => (item=[{'key': 'unbound', 'value': ['x', '998', '998', 'Unbound DNS resolver', '/var/lib/unbound', '/sbin/nologin']}, {'changed': False, 'skipped': True, 'skip_reason': 'Conditional result was False', 'false_condition': 'item.value[1]|int >= 1000', 'item': {'key': 'unbound', 'value': ['x', '998', '998', 'Unbound DNS resolver', '/var/lib/unbound', '/sbin/nologin']}, 'ansible_loop_var': 'item'}]) 
skipping: [localhost]

TASK [/stigforge/roles/rhel9_stig : Ensure All User Initialization Files Have Mode 0740 Or Less Permissive - Gather User Info] ***
ok: [localhost]

TASK [/stigforge/roles/rhel9_stig : Ensure All User Initialization Files Have Mode 0740 Or Less Permissive - Find Init Files] ***
ok: [localhost] => (item={'key': 'root', 'value': ['x', '0', '0', 'root', '/root', '/bin/bash']})
skipping: [localhost] => (item={'key': 'bin', 'value': ['x', '1', '1', 'bin', '/bin', '/sbin/nologin']}) 
skipping: [localhost] => (item={'key': 'daemon', 'value': ['x', '2', '2', 'daemon', '/sbin', '/sbin/nologin']}) 
skipping: [localhost] => (item={'key': 'adm', 'value': ['x', '3', '4', 'adm', '/var/adm', '/sbin/nologin']}) 
skipping: [localhost] => (item={'key': 'lp', 'value': ['x', '4', '7', 'lp', '/var/spool/lpd', '/sbin/nologin']}) 
skipping: [localhost] => (item={'key': 'sync', 'value': ['x', '5', '0', 'sync', '/sbin', '/bin/sync']}) 
skipping: [localhost] => (item={'key': 'shutdown', 'value': ['x', '6', '0', 'shutdown', '/sbin', '/sbin/shutdown']}) 
skipping: [localhost] => (item={'key': 'halt', 'value': ['x', '7', '0', 'halt', '/sbin', '/sbin/halt']}) 
skipping: [localhost] => (item={'key': 'mail', 'value': ['x', '8', '12', 'mail', '/var/spool/mail', '/sbin/nologin']}) 
skipping: [localhost] => (item={'key': 'operator', 'value': ['x', '11', '0', 'operator', '/root', '/sbin/nologin']}) 
skipping: [localhost] => (item={'key': 'games', 'value': ['x', '12', '100', 'games', '/usr/games', '/sbin/nologin']}) 
skipping: [localhost] => (item={'key': 'ftp', 'value': ['x', '14', '50', 'FTP User', '/var/ftp', '/sbin/nologin']}) 
skipping: [localhost] => (item={'key': 'nobody', 'value': ['x', '65534', '65534', 'Kernel Overflow User', '/', '/sbin/nologin']}) 
skipping: [localhost] => (item={'key': 'tss', 'value': ['x', '59', '59', 'Account used for TPM access', '/', '/sbin/nologin']}) 
skipping: [localhost] => (item={'key': 'systemd-coredump', 'value': ['x', '999', '999', 'systemd Core Dumper', '/', '/sbin/nologin']}) 
skipping: [localhost] => (item={'key': 'unbound', 'value': ['x', '998', '998', 'Unbound DNS resolver', '/var/lib/unbound', '/sbin/nologin']}) 

TASK [/stigforge/roles/rhel9_stig : Ensure All User Initialization Files Have Mode 0740 Or Less Permissive - Fix Init Files Permissions] ***
changed: [localhost] => (item=[{'changed': False, 'msg': 'All paths examined', 'matched': 5, 'examined': 12, 'skipped_paths': {}, 'invocation': {'module_args': {'paths': ['/root'], 'pattern': '^\\.[\\w\\- ]+$', 'hidden': True, 'use_regex': True, 'patterns': ['^\\.[\\w\\- ]+$'], 'read_whole_file': False, 'file_type': 'file', 'age_stamp': 'mtime', 'recurse': False, 'follow': False, 'get_checksum': False, 'exact_mode': True, 'excludes': None, 'contains': None, 'age': None, 'size': None, 'depth': None, 'mode': None, 'encoding': None}}, 'failed': False, 'item': {'key': 'root', 'value': ['x', '0', '0', 'root', '/root', '/bin/bash']}, 'ansible_loop_var': 'item'}, {'path': '/root/.bash_logout', 'mode': '0644', 'isdir': False, 'ischr': False, 'isblk': False, 'isreg': True, 'isfifo': False, 'islnk': False, 'issock': False, 'uid': 0, 'gid': 0, 'size': 18, 'inode': 3763680, 'dev': 50, 'nlink': 1, 'atime': 1652267148.0, 'mtime': 1652267148.0, 'ctime': 1785074309.5893145, 'gr_name': 'root', 'pw_name': 'root', 'wusr': True, 'rusr': True, 'xusr': False, 'wgrp': False, 'rgrp': True, 'xgrp': False, 'woth': False, 'roth': True, 'xoth': False, 'isuid': False, 'isgid': False}])
changed: [localhost] => (item=[{'changed': False, 'msg': 'All paths examined', 'matched': 5, 'examined': 12, 'skipped_paths': {}, 'invocation': {'module_args': {'paths': ['/root'], 'pattern': '^\\.[\\w\\- ]+$', 'hidden': True, 'use_regex': True, 'patterns': ['^\\.[\\w\\- ]+$'], 'read_whole_file': False, 'file_type': 'file', 'age_stamp': 'mtime', 'recurse': False, 'follow': False, 'get_checksum': False, 'exact_mode': True, 'excludes': None, 'contains': None, 'age': None, 'size': None, 'depth': None, 'mode': None, 'encoding': None}}, 'failed': False, 'item': {'key': 'root', 'value': ['x', '0', '0', 'root', '/root', '/bin/bash']}, 'ansible_loop_var': 'item'}, {'path': '/root/.bash_profile', 'mode': '0644', 'isdir': False, 'ischr': False, 'isblk': False, 'isreg': True, 'isfifo': False, 'islnk': False, 'issock': False, 'uid': 0, 'gid': 0, 'size': 141, 'inode': 3763681, 'dev': 50, 'nlink': 1, 'atime': 1652267148.0, 'mtime': 1652267148.0, 'ctime': 1785074309.5894506, 'gr_name': 'root', 'pw_name': 'root', 'wusr': True, 'rusr': True, 'xusr': False, 'wgrp': False, 'rgrp': True, 'xgrp': False, 'woth': False, 'roth': True, 'xoth': False, 'isuid': False, 'isgid': False}])
changed: [localhost] => (item=[{'changed': False, 'msg': 'All paths examined', 'matched': 5, 'examined': 12, 'skipped_paths': {}, 'invocation': {'module_args': {'paths': ['/root'], 'pattern': '^\\.[\\w\\- ]+$', 'hidden': True, 'use_regex': True, 'patterns': ['^\\.[\\w\\- ]+$'], 'read_whole_file': False, 'file_type': 'file', 'age_stamp': 'mtime', 'recurse': False, 'follow': False, 'get_checksum': False, 'exact_mode': True, 'excludes': None, 'contains': None, 'age': None, 'size': None, 'depth': None, 'mode': None, 'encoding': None}}, 'failed': False, 'item': {'key': 'root', 'value': ['x', '0', '0', 'root', '/root', '/bin/bash']}, 'ansible_loop_var': 'item'}, {'path': '/root/.bashrc', 'mode': '0644', 'isdir': False, 'ischr': False, 'isblk': False, 'isreg': True, 'isfifo': False, 'islnk': False, 'issock': False, 'uid': 0, 'gid': 0, 'size': 429, 'inode': 3763682, 'dev': 50, 'nlink': 1, 'atime': 1652267148.0, 'mtime': 1652267148.0, 'ctime': 1785074309.589591, 'gr_name': 'root', 'pw_name': 'root', 'wusr': True, 'rusr': True, 'xusr': False, 'wgrp': False, 'rgrp': True, 'xgrp': False, 'woth': False, 'roth': True, 'xoth': False, 'isuid': False, 'isgid': False}])
changed: [localhost] => (item=[{'changed': False, 'msg': 'All paths examined', 'matched': 5, 'examined': 12, 'skipped_paths': {}, 'invocation': {'module_args': {'paths': ['/root'], 'pattern': '^\\.[\\w\\- ]+$', 'hidden': True, 'use_regex': True, 'patterns': ['^\\.[\\w\\- ]+$'], 'read_whole_file': False, 'file_type': 'file', 'age_stamp': 'mtime', 'recurse': False, 'follow': False, 'get_checksum': False, 'exact_mode': True, 'excludes': None, 'contains': None, 'age': None, 'size': None, 'depth': None, 'mode': None, 'encoding': None}}, 'failed': False, 'item': {'key': 'root', 'value': ['x', '0', '0', 'root', '/root', '/bin/bash']}, 'ansible_loop_var': 'item'}, {'path': '/root/.tcshrc', 'mode': '0644', 'isdir': False, 'ischr': False, 'isblk': False, 'isreg': True, 'isfifo': False, 'islnk': False, 'issock': False, 'uid': 0, 'gid': 0, 'size': 129, 'inode': 3763684, 'dev': 50, 'nlink': 1, 'atime': 1652267148.0, 'mtime': 1652267148.0, 'ctime': 1785074309.5898182, 'gr_name': 'root', 'pw_name': 'root', 'wusr': True, 'rusr': True, 'xusr': False, 'wgrp': False, 'rgrp': True, 'xgrp': False, 'woth': False, 'roth': True, 'xoth': False, 'isuid': False, 'isgid': False}])
changed: [localhost] => (item=[{'changed': False, 'msg': 'All paths examined', 'matched': 5, 'examined': 12, 'skipped_paths': {}, 'invocation': {'module_args': {'paths': ['/root'], 'pattern': '^\\.[\\w\\- ]+$', 'hidden': True, 'use_regex': True, 'patterns': ['^\\.[\\w\\- ]+$'], 'read_whole_file': False, 'file_type': 'file', 'age_stamp': 'mtime', 'recurse': False, 'follow': False, 'get_checksum': False, 'exact_mode': True, 'excludes': None, 'contains': None, 'age': None, 'size': None, 'depth': None, 'mode': None, 'encoding': None}}, 'failed': False, 'item': {'key': 'root', 'value': ['x', '0', '0', 'root', '/root', '/bin/bash']}, 'ansible_loop_var': 'item'}, {'path': '/root/.cshrc', 'mode': '0644', 'isdir': False, 'ischr': False, 'isblk': False, 'isreg': True, 'isfifo': False, 'islnk': False, 'issock': False, 'uid': 0, 'gid': 0, 'size': 100, 'inode': 3763683, 'dev': 50, 'nlink': 1, 'atime': 1652267148.0, 'mtime': 1652267148.0, 'ctime': 1785074309.5896914, 'gr_name': 'root', 'pw_name': 'root', 'wusr': True, 'rusr': True, 'xusr': False, 'wgrp': False, 'rgrp': True, 'xgrp': False, 'woth': False, 'roth': True, 'xoth': False, 'isuid': False, 'isgid': False}])

TASK [/stigforge/roles/rhel9_stig : Get all local users from /etc/passwd] ******
ok: [localhost]

TASK [/stigforge/roles/rhel9_stig : Create local_users variable from the getent output] ***
ok: [localhost]

TASK [/stigforge/roles/rhel9_stig : Test for existence home directories to avoid creating them.] ***
skipping: [localhost] => (item={'key': 'root', 'value': ['x', '0', '0', 'root', '/root', '/bin/bash']}) 
skipping: [localhost] => (item={'key': 'bin', 'value': ['x', '1', '1', 'bin', '/bin', '/sbin/nologin']}) 
skipping: [localhost] => (item={'key': 'daemon', 'value': ['x', '2', '2', 'daemon', '/sbin', '/sbin/nologin']}) 
skipping: [localhost] => (item={'key': 'adm', 'value': ['x', '3', '4', 'adm', '/var/adm', '/sbin/nologin']}) 
skipping: [localhost] => (item={'key': 'lp', 'value': ['x', '4', '7', 'lp', '/var/spool/lpd', '/sbin/nologin']}) 
skipping: [localhost] => (item={'key': 'sync', 'value': ['x', '5', '0', 'sync', '/sbin', '/bin/sync']}) 
skipping: [localhost] => (item={'key': 'shutdown', 'value': ['x', '6', '0', 'shutdown', '/sbin', '/sbin/shutdown']}) 
skipping: [localhost] => (item={'key': 'halt', 'value': ['x', '7', '0', 'halt', '/sbin', '/sbin/halt']}) 
skipping: [localhost] => (item={'key': 'mail', 'value': ['x', '8', '12', 'mail', '/var/spool/mail', '/sbin/nologin']}) 
skipping: [localhost] => (item={'key': 'operator', 'value': ['x', '11', '0', 'operator', '/root', '/sbin/nologin']}) 
skipping: [localhost] => (item={'key': 'games', 'value': ['x', '12', '100', 'games', '/usr/games', '/sbin/nologin']}) 
skipping: [localhost] => (item={'key': 'ftp', 'value': ['x', '14', '50', 'FTP User', '/var/ftp', '/sbin/nologin']}) 
skipping: [localhost] => (item={'key': 'nobody', 'value': ['x', '65534', '65534', 'Kernel Overflow User', '/', '/sbin/nologin']}) 
skipping: [localhost] => (item={'key': 'tss', 'value': ['x', '59', '59', 'Account used for TPM access', '/', '/sbin/nologin']}) 
skipping: [localhost] => (item={'key': 'systemd-coredump', 'value': ['x', '999', '999', 'systemd Core Dumper', '/', '/sbin/nologin']}) 
skipping: [localhost] => (item={'key': 'unbound', 'value': ['x', '998', '998', 'Unbound DNS resolver', '/var/lib/unbound', '/sbin/nologin']}) 
skipping: [localhost]

TASK [/stigforge/roles/rhel9_stig : Ensure interactive local users have proper permissions on their respective home directories] ***
skipping: [localhost] => (item=[{'key': 'root', 'value': ['x', '0', '0', 'root', '/root', '/bin/bash']}, {'changed': False, 'skipped': True, 'skip_reason': 'Conditional result was False', 'false_condition': 'item.value[1]|int >= 1000', 'item': {'key': 'root', 'value': ['x', '0', '0', 'root', '/root', '/bin/bash']}, 'ansible_loop_var': 'item'}]) 
skipping: [localhost] => (item=[{'key': 'bin', 'value': ['x', '1', '1', 'bin', '/bin', '/sbin/nologin']}, {'changed': False, 'skipped': True, 'skip_reason': 'Conditional result was False', 'false_condition': 'item.value[1]|int >= 1000', 'item': {'key': 'bin', 'value': ['x', '1', '1', 'bin', '/bin', '/sbin/nologin']}, 'ansible_loop_var': 'item'}]) 
skipping: [localhost] => (item=[{'key': 'daemon', 'value': ['x', '2', '2', 'daemon', '/sbin', '/sbin/nologin']}, {'changed': False, 'skipped': True, 'skip_reason': 'Conditional result was False', 'false_condition': 'item.value[1]|int >= 1000', 'item': {'key': 'daemon', 'value': ['x', '2', '2', 'daemon', '/sbin', '/sbin/nologin']}, 'ansible_loop_var': 'item'}]) 
skipping: [localhost] => (item=[{'key': 'adm', 'value': ['x', '3', '4', 'adm', '/var/adm', '/sbin/nologin']}, {'changed': False, 'skipped': True, 'skip_reason': 'Conditional result was False', 'false_condition': 'item.value[1]|int >= 1000', 'item': {'key': 'adm', 'value': ['x', '3', '4', 'adm', '/var/adm', '/sbin/nologin']}, 'ansible_loop_var': 'item'}]) 
skipping: [localhost] => (item=[{'key': 'lp', 'value': ['x', '4', '7', 'lp', '/var/spool/lpd', '/sbin/nologin']}, {'changed': False, 'skipped': True, 'skip_reason': 'Conditional result was False', 'false_condition': 'item.value[1]|int >= 1000', 'item': {'key': 'lp', 'value': ['x', '4', '7', 'lp', '/var/spool/lpd', '/sbin/nologin']}, 'ansible_loop_var': 'item'}]) 
skipping: [localhost] => (item=[{'key': 'sync', 'value': ['x', '5', '0', 'sync', '/sbin', '/bin/sync']}, {'changed': False, 'skipped': True, 'skip_reason': 'Conditional result was False', 'false_condition': 'item.value[1]|int >= 1000', 'item': {'key': 'sync', 'value': ['x', '5', '0', 'sync', '/sbin', '/bin/sync']}, 'ansible_loop_var': 'item'}]) 
skipping: [localhost] => (item=[{'key': 'shutdown', 'value': ['x', '6', '0', 'shutdown', '/sbin', '/sbin/shutdown']}, {'changed': False, 'skipped': True, 'skip_reason': 'Conditional result was False', 'false_condition': 'item.value[1]|int >= 1000', 'item': {'key': 'shutdown', 'value': ['x', '6', '0', 'shutdown', '/sbin', '/sbin/shutdown']}, 'ansible_loop_var': 'item'}]) 
skipping: [localhost] => (item=[{'key': 'halt', 'value': ['x', '7', '0', 'halt', '/sbin', '/sbin/halt']}, {'changed': False, 'skipped': True, 'skip_reason': 'Conditional result was False', 'false_condition': 'item.value[1]|int >= 1000', 'item': {'key': 'halt', 'value': ['x', '7', '0', 'halt', '/sbin', '/sbin/halt']}, 'ansible_loop_var': 'item'}]) 
skipping: [localhost] => (item=[{'key': 'mail', 'value': ['x', '8', '12', 'mail', '/var/spool/mail', '/sbin/nologin']}, {'changed': False, 'skipped': True, 'skip_reason': 'Conditional result was False', 'false_condition': 'item.value[1]|int >= 1000', 'item': {'key': 'mail', 'value': ['x', '8', '12', 'mail', '/var/spool/mail', '/sbin/nologin']}, 'ansible_loop_var': 'item'}]) 
skipping: [localhost] => (item=[{'key': 'operator', 'value': ['x', '11', '0', 'operator', '/root', '/sbin/nologin']}, {'changed': False, 'skipped': True, 'skip_reason': 'Conditional result was False', 'false_condition': 'item.value[1]|int >= 1000', 'item': {'key': 'operator', 'value': ['x', '11', '0', 'operator', '/root', '/sbin/nologin']}, 'ansible_loop_var': 'item'}]) 
skipping: [localhost] => (item=[{'key': 'games', 'value': ['x', '12', '100', 'games', '/usr/games', '/sbin/nologin']}, {'changed': False, 'skipped': True, 'skip_reason': 'Conditional result was False', 'false_condition': 'item.value[1]|int >= 1000', 'item': {'key': 'games', 'value': ['x', '12', '100', 'games', '/usr/games', '/sbin/nologin']}, 'ansible_loop_var': 'item'}]) 
skipping: [localhost] => (item=[{'key': 'ftp', 'value': ['x', '14', '50', 'FTP User', '/var/ftp', '/sbin/nologin']}, {'changed': False, 'skipped': True, 'skip_reason': 'Conditional result was False', 'false_condition': 'item.value[1]|int >= 1000', 'item': {'key': 'ftp', 'value': ['x', '14', '50', 'FTP User', '/var/ftp', '/sbin/nologin']}, 'ansible_loop_var': 'item'}]) 
skipping: [localhost] => (item=[{'key': 'nobody', 'value': ['x', '65534', '65534', 'Kernel Overflow User', '/', '/sbin/nologin']}, {'changed': False, 'skipped': True, 'skip_reason': 'Conditional result was False', 'false_condition': 'item.value[1]|int != 65534', 'item': {'key': 'nobody', 'value': ['x', '65534', '65534', 'Kernel Overflow User', '/', '/sbin/nologin']}, 'ansible_loop_var': 'item'}]) 
skipping: [localhost] => (item=[{'key': 'tss', 'value': ['x', '59', '59', 'Account used for TPM access', '/', '/sbin/nologin']}, {'changed': False, 'skipped': True, 'skip_reason': 'Conditional result was False', 'false_condition': 'item.value[1]|int >= 1000', 'item': {'key': 'tss', 'value': ['x', '59', '59', 'Account used for TPM access', '/', '/sbin/nologin']}, 'ansible_loop_var': 'item'}]) 
skipping: [localhost] => (item=[{'key': 'systemd-coredump', 'value': ['x', '999', '999', 'systemd Core Dumper', '/', '/sbin/nologin']}, {'changed': False, 'skipped': True, 'skip_reason': 'Conditional result was False', 'false_condition': 'item.value[1]|int >= 1000', 'item': {'key': 'systemd-coredump', 'value': ['x', '999', '999', 'systemd Core Dumper', '/', '/sbin/nologin']}, 'ansible_loop_var': 'item'}]) 
skipping: [localhost] => (item=[{'key': 'unbound', 'value': ['x', '998', '998', 'Unbound DNS resolver', '/var/lib/unbound', '/sbin/nologin']}, {'changed': False, 'skipped': True, 'skip_reason': 'Conditional result was False', 'false_condition': 'item.value[1]|int >= 1000', 'item': {'key': 'unbound', 'value': ['x', '998', '998', 'Unbound DNS resolver', '/var/lib/unbound', '/sbin/nologin']}, 'ansible_loop_var': 'item'}]) 
skipping: [localhost]

TASK [/stigforge/roles/rhel9_stig : Check if umask in /etc/bashrc is already set] ***
ok: [localhost]

TASK [/stigforge/roles/rhel9_stig : Replace user umask in /etc/bashrc] *********
changed: [localhost]

TASK [/stigforge/roles/rhel9_stig : Ensure the Default umask is Appended Correctly] ***
skipping: [localhost]

TASK [/stigforge/roles/rhel9_stig : Check if umask in /etc/csh.cshrc is already set] ***
ok: [localhost]

TASK [/stigforge/roles/rhel9_stig : Replace user umask in /etc/csh.cshrc] ******
changed: [localhost]

TASK [/stigforge/roles/rhel9_stig : Ensure the Default umask is Appended Correctly] ***
skipping: [localhost]

TASK [/stigforge/roles/rhel9_stig : Check if UMASK is already set] *************
ok: [localhost]

TASK [/stigforge/roles/rhel9_stig : Replace user UMASK in /etc/login.defs] *****
changed: [localhost]

TASK [/stigforge/roles/rhel9_stig : Ensure the Default UMASK is Appended Correctly] ***
skipping: [localhost]

TASK [/stigforge/roles/rhel9_stig : Ensure the Default Umask is Set Correctly in /etc/profile - Locate Profile Configuration Files Where umask Is Defined] ***
ok: [localhost]

TASK [/stigforge/roles/rhel9_stig : Ensure the Default Umask is Set Correctly in /etc/profile - Replace Existing umask Value in Files From /etc/profile.d] ***
skipping: [localhost]

TASK [/stigforge/roles/rhel9_stig : Ensure the Default Umask is Set Correctly in /etc/profile - Ensure umask Is Set in /etc/profile if Not Already Set Elsewhere] ***
changed: [localhost]

TASK [/stigforge/roles/rhel9_stig : Ensure the Default Umask is Set Correctly in /etc/profile - Ensure umask Value For All Existing umask Definition in /etc/profile] ***
ok: [localhost]

TASK [/stigforge/roles/rhel9_stig : Ensure interactive local users are the owners of their respective initialization files] ***
changed: [localhost]

TASK [/stigforge/roles/rhel9_stig : Update grub defaults and the bootloader menu] ***
skipping: [localhost]

TASK [/stigforge/roles/rhel9_stig : Update grub defaults and the bootloader menu] ***
skipping: [localhost]

TASK [/stigforge/roles/rhel9_stig : Update grub defaults and the bootloader menu] ***
skipping: [localhost]

TASK [/stigforge/roles/rhel9_stig : Set the file_groupowner_grub2_cfg_newgroup variable if represented by gid] ***
skipping: [localhost]

TASK [/stigforge/roles/rhel9_stig : Test for existence /boot/grub2/grub.cfg] ***
skipping: [localhost]

TASK [/stigforge/roles/rhel9_stig : Ensure group owner on /boot/grub2/grub.cfg] ***
skipping: [localhost]

TASK [/stigforge/roles/rhel9_stig : Set the file_owner_grub2_cfg_newown variable if represented by uid] ***
skipping: [localhost]

TASK [/stigforge/roles/rhel9_stig : Test for existence /boot/grub2/grub.cfg] ***
skipping: [localhost]

TASK [/stigforge/roles/rhel9_stig : Ensure owner on /boot/grub2/grub.cfg] ******
skipping: [localhost]

TASK [/stigforge/roles/rhel9_stig : Ensure cron Is Logging To Rsyslog - Search if cron configuration exists] ***
skipping: [localhost]

TASK [/stigforge/roles/rhel9_stig : Ensure cron Is Logging To Rsyslog - Ensure the /etc/rsyslog.d directory exists] ***
skipping: [localhost]

TASK [/stigforge/roles/rhel9_stig : Ensure cron Is Logging To Rsyslog - Add cron log configuration line] ***
skipping: [localhost]

TASK [/stigforge/roles/rhel9_stig : Ensure cron Is Logging To Rsyslog - Restart the rsyslog service now] ***
skipping: [localhost]

TASK [/stigforge/roles/rhel9_stig : Deduplicate values from /etc/rsyslog.conf] ***
skipping: [localhost]

TASK [/stigforge/roles/rhel9_stig : Check if /etc/rsyslog.d exists] ************
skipping: [localhost]

TASK [/stigforge/roles/rhel9_stig : Check if the parameter $ActionSendStreamDriverAuthMode is present in /etc/rsyslog.d] ***
skipping: [localhost]

TASK [/stigforge/roles/rhel9_stig : Remove parameter from files in /etc/rsyslog.d] ***
skipping: [localhost]

TASK [/stigforge/roles/rhel9_stig : Insert correct line to /etc/rsyslog.conf] ***
skipping: [localhost]

TASK [/stigforge/roles/rhel9_stig : Deduplicate values from /etc/rsyslog.conf] ***
skipping: [localhost]

TASK [/stigforge/roles/rhel9_stig : Check if /etc/rsyslog.d exists] ************
skipping: [localhost]

TASK [/stigforge/roles/rhel9_stig : Check if the parameter $ActionSendStreamDriverMode is present in /etc/rsyslog.d] ***
skipping: [localhost]

TASK [/stigforge/roles/rhel9_stig : Remove parameter from files in /etc/rsyslog.d] ***
skipping: [localhost]

TASK [/stigforge/roles/rhel9_stig : Insert correct line to /etc/rsyslog.conf] ***
skipping: [localhost]

TASK [/stigforge/roles/rhel9_stig : Ensure rsyslog Does Not Accept Remote Messages Unless Acting As Log Server - Define Rsyslog Config Lines Regex in Legacy Syntax] ***
skipping: [localhost]

TASK [/stigforge/roles/rhel9_stig : Ensure rsyslog Does Not Accept Remote Messages Unless Acting As Log Server - Search for Legacy Config Lines in Rsyslog Main Config File] ***
skipping: [localhost]

TASK [/stigforge/roles/rhel9_stig : Ensure rsyslog Does Not Accept Remote Messages Unless Acting As Log Server - Search for Legacy Config Lines in Rsyslog Include Files] ***
skipping: [localhost]

TASK [/stigforge/roles/rhel9_stig : Ensure rsyslog Does Not Accept Remote Messages Unless Acting As Log Server - Assemble List of Config Files With Listen Lines in Legacy Syntax] ***
skipping: [localhost]

TASK [/stigforge/roles/rhel9_stig : Ensure rsyslog Does Not Accept Remote Messages Unless Acting As Log Server - Comment Listen Config Lines Wherever Defined Using Legacy Syntax] ***
skipping: [localhost]

TASK [/stigforge/roles/rhel9_stig : Ensure rsyslog Does Not Accept Remote Messages Unless Acting As Log Server - Define Rsyslog Config Lines Regex in RainerScript Syntax] ***
skipping: [localhost]

TASK [/stigforge/roles/rhel9_stig : Ensure rsyslog Does Not Accept Remote Messages Unless Acting As Log Server - Search for RainerScript Config Lines in Rsyslog Main Config File] ***
skipping: [localhost]

TASK [/stigforge/roles/rhel9_stig : Ensure rsyslog Does Not Accept Remote Messages Unless Acting As Log Server - Search for RainerScript Config Lines in Rsyslog Include Files] ***
skipping: [localhost]

TASK [/stigforge/roles/rhel9_stig : Ensure rsyslog Does Not Accept Remote Messages Unless Acting As Log Server - Assemble List of Config Files With Listen Lines in RainerScript] ***
skipping: [localhost]

TASK [/stigforge/roles/rhel9_stig : Ensure rsyslog Does Not Accept Remote Messages Unless Acting As Log Server - Comment Listen Config Lines Wherever Defined Using RainerScript] ***
skipping: [localhost]

TASK [/stigforge/roles/rhel9_stig : Ensure rsyslog Does Not Accept Remote Messages Unless Acting As Log Server - Restart Rsyslog if Any Line Were Commented Out] ***
skipping: [localhost]

TASK [/stigforge/roles/rhel9_stig : Check for duplicate values] ****************
skipping: [localhost]

TASK [/stigforge/roles/rhel9_stig : Deduplicate values from /etc/firewalld/firewalld.conf] ***
skipping: [localhost]

TASK [/stigforge/roles/rhel9_stig : Insert correct line to /etc/firewalld/firewalld.conf] ***
skipping: [localhost]

TASK [/stigforge/roles/rhel9_stig : List /etc/sysctl.d/*.conf files] ***********
skipping: [localhost]

TASK [/stigforge/roles/rhel9_stig : Comment out any occurrences of net.ipv6.conf.all.accept_ra from config files] ***
skipping: [localhost]

TASK [/stigforge/roles/rhel9_stig : Ensure sysctl net.ipv6.conf.all.accept_ra is set] ***
skipping: [localhost]

TASK [/stigforge/roles/rhel9_stig : List /etc/sysctl.d/*.conf files] ***********
skipping: [localhost]

TASK [/stigforge/roles/rhel9_stig : Comment out any occurrences of net.ipv6.conf.all.accept_redirects from config files] ***
skipping: [localhost]

TASK [/stigforge/roles/rhel9_stig : Ensure sysctl net.ipv6.conf.all.accept_redirects is set] ***
skipping: [localhost]

TASK [/stigforge/roles/rhel9_stig : List /etc/sysctl.d/*.conf files] ***********
skipping: [localhost]

TASK [/stigforge/roles/rhel9_stig : Comment out any occurrences of net.ipv6.conf.all.accept_source_route from config files] ***
skipping: [localhost]

TASK [/stigforge/roles/rhel9_stig : Ensure sysctl net.ipv6.conf.all.accept_source_route is set] ***
skipping: [localhost]

TASK [/stigforge/roles/rhel9_stig : List /etc/sysctl.d/*.conf files] ***********
skipping: [localhost]

TASK [/stigforge/roles/rhel9_stig : Comment out any occurrences of net.ipv6.conf.all.forwarding from config files] ***
skipping: [localhost]

TASK [/stigforge/roles/rhel9_stig : Ensure sysctl net.ipv6.conf.all.forwarding is set] ***
skipping: [localhost]

TASK [/stigforge/roles/rhel9_stig : List /etc/sysctl.d/*.conf files] ***********
skipping: [localhost]

TASK [/stigforge/roles/rhel9_stig : Comment out any occurrences of net.ipv6.conf.default.accept_ra from config files] ***
skipping: [localhost]

TASK [/stigforge/roles/rhel9_stig : Ensure sysctl net.ipv6.conf.default.accept_ra is set] ***
skipping: [localhost]

TASK [/stigforge/roles/rhel9_stig : List /etc/sysctl.d/*.conf files] ***********
skipping: [localhost]

TASK [/stigforge/roles/rhel9_stig : Comment out any occurrences of net.ipv6.conf.default.accept_redirects from config files] ***
skipping: [localhost]

TASK [/stigforge/roles/rhel9_stig : Ensure sysctl net.ipv6.conf.default.accept_redirects is set] ***
skipping: [localhost]

TASK [/stigforge/roles/rhel9_stig : List /etc/sysctl.d/*.conf files] ***********
skipping: [localhost]

TASK [/stigforge/roles/rhel9_stig : Comment out any occurrences of net.ipv6.conf.default.accept_source_route from config files] ***
skipping: [localhost]

TASK [/stigforge/roles/rhel9_stig : Ensure sysctl net.ipv6.conf.default.accept_source_route is set] ***
skipping: [localhost]

TASK [/stigforge/roles/rhel9_stig : List /etc/sysctl.d/*.conf files] ***********
skipping: [localhost]

TASK [/stigforge/roles/rhel9_stig : Comment out any occurrences of net.ipv4.conf.all.accept_redirects from config files] ***
skipping: [localhost]

TASK [/stigforge/roles/rhel9_stig : Ensure sysctl net.ipv4.conf.all.accept_redirects is set] ***
skipping: [localhost]

TASK [/stigforge/roles/rhel9_stig : List /etc/sysctl.d/*.conf files] ***********
skipping: [localhost]

TASK [/stigforge/roles/rhel9_stig : Comment out any occurrences of net.ipv4.conf.all.accept_source_route from config files] ***
skipping: [localhost]

TASK [/stigforge/roles/rhel9_stig : Ensure sysctl net.ipv4.conf.all.accept_source_route is set] ***
skipping: [localhost]

TASK [/stigforge/roles/rhel9_stig : List /etc/sysctl.d/*.conf files] ***********
skipping: [localhost]

TASK [/stigforge/roles/rhel9_stig : Comment out any occurrences of net.ipv4.conf.all.forwarding from config files] ***
skipping: [localhost]

TASK [/stigforge/roles/rhel9_stig : Ensure sysctl net.ipv4.conf.all.forwarding is set] ***
skipping: [localhost]

TASK [/stigforge/roles/rhel9_stig : List /etc/sysctl.d/*.conf files] ***********
skipping: [localhost]

TASK [/stigforge/roles/rhel9_stig : Comment out any occurrences of net.ipv4.conf.all.log_martians from config files] ***
skipping: [localhost]

TASK [/stigforge/roles/rhel9_stig : Ensure sysctl net.ipv4.conf.all.log_martians is set] ***
skipping: [localhost]

TASK [/stigforge/roles/rhel9_stig : List /etc/sysctl.d/*.conf files] ***********
skipping: [localhost]

TASK [/stigforge/roles/rhel9_stig : Comment out any occurrences of net.ipv4.conf.all.rp_filter from config files] ***
skipping: [localhost]

TASK [/stigforge/roles/rhel9_stig : Ensure sysctl net.ipv4.conf.all.rp_filter is set] ***
skipping: [localhost]

TASK [/stigforge/roles/rhel9_stig : List /etc/sysctl.d/*.conf files] ***********
skipping: [localhost]

TASK [/stigforge/roles/rhel9_stig : Comment out any occurrences of net.ipv4.conf.default.accept_redirects from config files] ***
skipping: [localhost]

TASK [/stigforge/roles/rhel9_stig : Ensure sysctl net.ipv4.conf.default.accept_redirects is set] ***
skipping: [localhost]

TASK [/stigforge/roles/rhel9_stig : List /etc/sysctl.d/*.conf files] ***********
skipping: [localhost]

TASK [/stigforge/roles/rhel9_stig : Comment out any occurrences of net.ipv4.conf.default.accept_source_route from config files] ***
skipping: [localhost]

TASK [/stigforge/roles/rhel9_stig : Ensure sysctl net.ipv4.conf.default.accept_source_route is set] ***
skipping: [localhost]

TASK [/stigforge/roles/rhel9_stig : List /etc/sysctl.d/*.conf files] ***********
skipping: [localhost]

TASK [/stigforge/roles/rhel9_stig : Comment out any occurrences of net.ipv4.conf.default.log_martians from config files] ***
skipping: [localhost]

TASK [/stigforge/roles/rhel9_stig : Ensure sysctl net.ipv4.conf.default.log_martians is set] ***
skipping: [localhost]

TASK [/stigforge/roles/rhel9_stig : List /etc/sysctl.d/*.conf files] ***********
skipping: [localhost]

TASK [/stigforge/roles/rhel9_stig : Comment out any occurrences of net.ipv4.conf.default.rp_filter from config files] ***
skipping: [localhost]

TASK [/stigforge/roles/rhel9_stig : Ensure sysctl net.ipv4.conf.default.rp_filter is set] ***
skipping: [localhost]

TASK [/stigforge/roles/rhel9_stig : List /etc/sysctl.d/*.conf files] ***********
skipping: [localhost]

TASK [/stigforge/roles/rhel9_stig : Comment out any occurrences of net.ipv4.icmp_echo_ignore_broadcasts from config files] ***
skipping: [localhost]

TASK [/stigforge/roles/rhel9_stig : Ensure sysctl net.ipv4.icmp_echo_ignore_broadcasts is set] ***
skipping: [localhost]

TASK [/stigforge/roles/rhel9_stig : List /etc/sysctl.d/*.conf files] ***********
skipping: [localhost]

TASK [/stigforge/roles/rhel9_stig : Comment out any occurrences of net.ipv4.icmp_ignore_bogus_error_responses from config files] ***
skipping: [localhost]

TASK [/stigforge/roles/rhel9_stig : Ensure sysctl net.ipv4.icmp_ignore_bogus_error_responses is set] ***
skipping: [localhost]

TASK [/stigforge/roles/rhel9_stig : List /etc/sysctl.d/*.conf files] ***********
skipping: [localhost]

TASK [/stigforge/roles/rhel9_stig : Comment out any occurrences of net.ipv4.tcp_syncookies from config files] ***
skipping: [localhost]

TASK [/stigforge/roles/rhel9_stig : Ensure sysctl net.ipv4.tcp_syncookies is set] ***
skipping: [localhost]

TASK [/stigforge/roles/rhel9_stig : List /etc/sysctl.d/*.conf files] ***********
skipping: [localhost]

TASK [/stigforge/roles/rhel9_stig : Comment out any occurrences of net.ipv4.conf.all.send_redirects from config files] ***
skipping: [localhost]

TASK [/stigforge/roles/rhel9_stig : Ensure sysctl net.ipv4.conf.all.send_redirects is set to 0] ***
skipping: [localhost]

TASK [/stigforge/roles/rhel9_stig : List /etc/sysctl.d/*.conf files] ***********
skipping: [localhost]

TASK [/stigforge/roles/rhel9_stig : Comment out any occurrences of net.ipv4.conf.default.send_redirects from config files] ***
skipping: [localhost]

TASK [/stigforge/roles/rhel9_stig : Ensure sysctl net.ipv4.conf.default.send_redirects is set to 0] ***
skipping: [localhost]

TASK [/stigforge/roles/rhel9_stig : Ensure kernel module 'atm' is disabled] ****
skipping: [localhost]

TASK [/stigforge/roles/rhel9_stig : Ensure kernel module 'atm' is blacklisted] ***
skipping: [localhost]

TASK [/stigforge/roles/rhel9_stig : Ensure kernel module 'can' is disabled] ****
skipping: [localhost]

TASK [/stigforge/roles/rhel9_stig : Ensure kernel module 'can' is blacklisted] ***
skipping: [localhost]

TASK [/stigforge/roles/rhel9_stig : Ensure kernel module 'firewire-core' is disabled] ***
skipping: [localhost]

TASK [/stigforge/roles/rhel9_stig : Ensure kernel module 'firewire-core' is blacklisted] ***
skipping: [localhost]

TASK [/stigforge/roles/rhel9_stig : Ensure kernel module 'sctp' is disabled] ***
skipping: [localhost]

TASK [/stigforge/roles/rhel9_stig : Ensure kernel module 'sctp' is blacklisted] ***
skipping: [localhost]

TASK [/stigforge/roles/rhel9_stig : Ensure kernel module 'tipc' is disabled] ***
skipping: [localhost]

TASK [/stigforge/roles/rhel9_stig : Ensure kernel module 'tipc' is blacklisted] ***
skipping: [localhost]

TASK [/stigforge/roles/rhel9_stig : Ensure kernel module 'bluetooth' is disabled] ***
skipping: [localhost]

TASK [/stigforge/roles/rhel9_stig : Ensure kernel module 'bluetooth' is blacklisted] ***
skipping: [localhost]

TASK [/stigforge/roles/rhel9_stig : NetworkManager Deactivate Wireless Network Interfaces] ***
skipping: [localhost]

TASK [/stigforge/roles/rhel9_stig : NetworkManager DNS Mode Must Be Must Configured - Search for a section in files] ***
skipping: [localhost] => (item={'path': '/etc/NetworkManager', 'pattern': 'NetworkManager\\.conf'}) 
skipping: [localhost] => (item={'path': '/etc/NetworkManager/conf.d', 'pattern': '.*\\.conf'}) 
skipping: [localhost]

TASK [/stigforge/roles/rhel9_stig : NetworkManager DNS Mode Must Be Must Configured - Count number of files which contain the correct section] ***
skipping: [localhost]

TASK [/stigforge/roles/rhel9_stig : NetworkManager DNS Mode Must Be Must Configured - Add missing configuration to correct section] ***
skipping: [localhost]

TASK [/stigforge/roles/rhel9_stig : NetworkManager DNS Mode Must Be Must Configured - Add configuration to new remediation file] ***
skipping: [localhost]

TASK [/stigforge/roles/rhel9_stig : Ensure All World-Writable Directories Are Owned by root User - Define Excluded (Non-Local) File Systems and Paths] ***
ok: [localhost]

TASK [/stigforge/roles/rhel9_stig : Ensure All World-Writable Directories Are Owned by root User - Find Relevant Root Directories Ignoring Pre-Defined Excluded Paths] ***
ok: [localhost]

TASK [/stigforge/roles/rhel9_stig : Ensure All World-Writable Directories Are Owned by root User - Include Relevant Root Directories in a List of Paths to be Searched] ***
ok: [localhost] => (item={'path': '/opt', 'mode': '0755', 'isdir': True, 'ischr': False, 'isblk': False, 'isreg': False, 'isfifo': False, 'islnk': False, 'issock': False, 'uid': 0, 'gid': 0, 'size': 4096, 'inode': 3763677, 'dev': 50, 'nlink': 2, 'atime': 1785074339.871873, 'mtime': 1652704127.0, 'ctime': 1785074311.3671494, 'gr_name': 'root', 'pw_name': 'root', 'wusr': True, 'rusr': True, 'xusr': True, 'wgrp': False, 'rgrp': True, 'xgrp': True, 'woth': False, 'roth': True, 'xoth': True, 'isuid': False, 'isgid': False})
ok: [localhost] => (item={'path': '/etc', 'mode': '0755', 'isdir': True, 'ischr': False, 'isblk': False, 'isreg': False, 'isfifo': False, 'islnk': False, 'issock': False, 'uid': 0, 'gid': 0, 'size': 4096, 'inode': 4551162, 'dev': 50, 'nlink': 1, 'atime': 1785074423.2132778, 'mtime': 1785074427.2281969, 'ctime': 1785074427.2281969, 'gr_name': 'root', 'pw_name': 'root', 'wusr': True, 'rusr': True, 'xusr': True, 'wgrp': False, 'rgrp': True, 'xgrp': True, 'woth': False, 'roth': True, 'xoth': True, 'isuid': False, 'isgid': False})
ok: [localhost] => (item={'path': '/home', 'mode': '0755', 'isdir': True, 'ischr': False, 'isblk': False, 'isreg': False, 'isfifo': False, 'islnk': False, 'issock': False, 'uid': 0, 'gid': 0, 'size': 4096, 'inode': 3763671, 'dev': 50, 'nlink': 2, 'atime': 1785074339.871873, 'mtime': 1652704127.0, 'ctime': 1785074311.3671494, 'gr_name': 'root', 'pw_name': 'root', 'wusr': True, 'rusr': True, 'xusr': True, 'wgrp': False, 'rgrp': True, 'xgrp': True, 'woth': False, 'roth': True, 'xoth': True, 'isuid': False, 'isgid': False})
ok: [localhost] => (item={'path': '/mnt', 'mode': '0755', 'isdir': True, 'ischr': False, 'isblk': False, 'isreg': False, 'isfifo': False, 'islnk': False, 'issock': False, 'uid': 0, 'gid': 0, 'size': 4096, 'inode': 3763676, 'dev': 50, 'nlink': 2, 'atime': 1785074339.871873, 'mtime': 1652704127.0, 'ctime': 1785074311.3671494, 'gr_name': 'root', 'pw_name': 'root', 'wusr': True, 'rusr': True, 'xusr': True, 'wgrp': False, 'rgrp': True, 'xgrp': True, 'woth': False, 'roth': True, 'xoth': True, 'isuid': False, 'isgid': False})
ok: [localhost] => (item={'path': '/root', 'mode': '0550', 'isdir': True, 'ischr': False, 'isblk': False, 'isreg': False, 'isfifo': False, 'islnk': False, 'issock': False, 'uid': 0, 'gid': 0, 'size': 4096, 'inode': 4551166, 'dev': 50, 'nlink': 1, 'atime': 1785074423.2152777, 'mtime': 1785074386.0578926, 'ctime': 1785074425.5881739, 'gr_name': 'root', 'pw_name': 'root', 'wusr': False, 'rusr': True, 'xusr': True, 'wgrp': False, 'rgrp': True, 'xgrp': True, 'woth': False, 'roth': False, 'xoth': False, 'isuid': False, 'isgid': False})
ok: [localhost] => (item={'path': '/lost+found', 'mode': '0700', 'isdir': True, 'ischr': False, 'isblk': False, 'isreg': False, 'isfifo': False, 'islnk': False, 'issock': False, 'uid': 0, 'gid': 0, 'size': 4096, 'inode': 3763674, 'dev': 50, 'nlink': 2, 'atime': 1785074339.871873, 'mtime': 1700432707.0, 'ctime': 1785074311.3671494, 'gr_name': 'root', 'pw_name': 'root', 'wusr': True, 'rusr': True, 'xusr': True, 'wgrp': False, 'rgrp': False, 'xgrp': False, 'woth': False, 'roth': False, 'xoth': False, 'isuid': False, 'isgid': False})
ok: [localhost] => (item={'path': '/usr', 'mode': '0755', 'isdir': True, 'ischr': False, 'isblk': False, 'isreg': False, 'isfifo': False, 'islnk': False, 'issock': False, 'uid': 0, 'gid': 0, 'size': 4096, 'inode': 4765748, 'dev': 50, 'nlink': 1, 'atime': 1785074339.9058716, 'mtime': 1700432719.0, 'ctime': 1785074367.4116986, 'gr_name': 'root', 'pw_name': 'root', 'wusr': True, 'rusr': True, 'xusr': True, 'wgrp': False, 'rgrp': True, 'xgrp': True, 'woth': False, 'roth': True, 'xoth': True, 'isuid': False, 'isgid': False})
ok: [localhost] => (item={'path': '/tmp', 'mode': '1777', 'isdir': True, 'ischr': False, 'isblk': False, 'isreg': False, 'isfifo': False, 'islnk': False, 'issock': False, 'uid': 0, 'gid': 0, 'size': 4096, 'inode': 4551155, 'dev': 50, 'nlink': 1, 'atime': 1785074430.0909777, 'mtime': 1785074430.0889778, 'ctime': 1785074430.0889778, 'gr_name': 'root', 'pw_name': 'root', 'wusr': True, 'rusr': True, 'xusr': True, 'wgrp': True, 'rgrp': True, 'xgrp': True, 'woth': True, 'roth': True, 'xoth': True, 'isuid': False, 'isgid': False})
ok: [localhost] => (item={'path': '/srv', 'mode': '0755', 'isdir': True, 'ischr': False, 'isblk': False, 'isreg': False, 'isfifo': False, 'islnk': False, 'issock': False, 'uid': 0, 'gid': 0, 'size': 4096, 'inode': 3763690, 'dev': 50, 'nlink': 2, 'atime': 1785074339.871873, 'mtime': 1652704127.0, 'ctime': 1785074311.3671494, 'gr_name': 'root', 'pw_name': 'root', 'wusr': True, 'rusr': True, 'xusr': True, 'wgrp': False, 'rgrp': True, 'xgrp': True, 'woth': False, 'roth': True, 'xoth': True, 'isuid': False, 'isgid': False})
ok: [localhost] => (item={'path': '/afs', 'mode': '0555', 'isdir': True, 'ischr': False, 'isblk': False, 'isreg': False, 'isfifo': False, 'islnk': False, 'issock': False, 'uid': 0, 'gid': 0, 'size': 4096, 'inode': 3763394, 'dev': 50, 'nlink': 2, 'atime': 1785074339.8628733, 'mtime': 1652704127.0, 'ctime': 1785074311.366938, 'gr_name': 'root', 'pw_name': 'root', 'wusr': False, 'rusr': True, 'xusr': True, 'wgrp': False, 'rgrp': True, 'xgrp': True, 'woth': False, 'roth': True, 'xoth': True, 'isuid': False, 'isgid': False})
ok: [localhost] => (item={'path': '/var', 'mode': '0755', 'isdir': True, 'ischr': False, 'isblk': False, 'isreg': False, 'isfifo': False, 'islnk': False, 'issock': False, 'uid': 0, 'gid': 0, 'size': 4096, 'inode': 4283049, 'dev': 50, 'nlink': 1, 'atime': 1785074423.3122735, 'mtime': 1700432720.0, 'ctime': 1785074359.2950509, 'gr_name': 'root', 'pw_name': 'root', 'wusr': True, 'rusr': True, 'xusr': True, 'wgrp': False, 'rgrp': True, 'xgrp': True, 'woth': False, 'roth': True, 'xoth': True, 'isuid': False, 'isgid': False})
ok: [localhost] => (item={'path': '/media', 'mode': '0755', 'isdir': True, 'ischr': False, 'isblk': False, 'isreg': False, 'isfifo': False, 'islnk': False, 'issock': False, 'uid': 0, 'gid': 0, 'size': 4096, 'inode': 3763675, 'dev': 50, 'nlink': 2, 'atime': 1785074339.871873, 'mtime': 1652704127.0, 'ctime': 1785074311.3671494, 'gr_name': 'root', 'pw_name': 'root', 'wusr': True, 'rusr': True, 'xusr': True, 'wgrp': False, 'rgrp': True, 'xgrp': True, 'woth': False, 'roth': True, 'xoth': True, 'isuid': False, 'isgid': False})
ok: [localhost] => (item={'path': '/stigforge', 'mode': '0755', 'isdir': True, 'ischr': False, 'isblk': False, 'isreg': False, 'isfifo': False, 'islnk': False, 'issock': False, 'uid': 0, 'gid': 0, 'size': 4096, 'inode': 4551150, 'dev': 50, 'nlink': 1, 'atime': 1785074344.6816628, 'mtime': 1785074344.6110818, 'ctime': 1785074346.2685935, 'gr_name': 'root', 'pw_name': 'root', 'wusr': True, 'rusr': True, 'xusr': True, 'wgrp': False, 'rgrp': True, 'xgrp': True, 'woth': False, 'roth': True, 'xoth': True, 'isuid': False, 'isgid': False})

TASK [/stigforge/roles/rhel9_stig : Ensure All World-Writable Directories Are Owned by root User - Increment Search Paths List with Local Partitions Mount Points] ***
ok: [localhost] => (item={'mount': '/stigforge/pyproject.toml', 'device': '/dev/root', 'fstype': 'ext4', 'options': 'ro,relatime,discard,errors=remount-ro,commit=30,bind', 'dump': 0, 'passno': 0, 'size_total': 76887154688, 'size_available': 12813778944, 'block_size': 4096, 'block_total': 18771278, 'block_available': 3128364, 'block_used': 15642914, 'inode_total': 9699328, 'inode_available': 8615583, 'inode_used': 1083745, 'uuid': 'N/A'})
ok: [localhost] => (item={'mount': '/stigforge/artifacts', 'device': '/dev/root', 'fstype': 'ext4', 'options': 'rw,relatime,discard,errors=remount-ro,commit=30,bind', 'dump': 0, 'passno': 0, 'size_total': 76887154688, 'size_available': 12813778944, 'block_size': 4096, 'block_total': 18771278, 'block_available': 3128364, 'block_used': 15642914, 'inode_total': 9699328, 'inode_available': 8615583, 'inode_used': 1083745, 'uuid': 'N/A'})
ok: [localhost] => (item={'mount': '/stigforge/roles', 'device': '/dev/root', 'fstype': 'ext4', 'options': 'ro,relatime,discard,errors=remount-ro,commit=30,bind', 'dump': 0, 'passno': 0, 'size_total': 76887154688, 'size_available': 12813778944, 'block_size': 4096, 'block_total': 18771278, 'block_available': 3128364, 'block_used': 15642914, 'inode_total': 9699328, 'inode_available': 8615583, 'inode_used': 1083745, 'uuid': 'N/A'})
ok: [localhost] => (item={'mount': '/stigforge/policy', 'device': '/dev/root', 'fstype': 'ext4', 'options': 'ro,relatime,discard,errors=remount-ro,commit=30,bind', 'dump': 0, 'passno': 0, 'size_total': 76887154688, 'size_available': 12813778944, 'block_size': 4096, 'block_total': 18771278, 'block_available': 3128364, 'block_used': 15642914, 'inode_total': 9699328, 'inode_available': 8615583, 'inode_used': 1083745, 'uuid': 'N/A'})
ok: [localhost] => (item={'mount': '/stigforge/generator', 'device': '/dev/root', 'fstype': 'ext4', 'options': 'ro,relatime,discard,errors=remount-ro,commit=30,bind', 'dump': 0, 'passno': 0, 'size_total': 76887154688, 'size_available': 12813778944, 'block_size': 4096, 'block_total': 18771278, 'block_available': 3128364, 'block_used': 15642914, 'inode_total': 9699328, 'inode_available': 8615583, 'inode_used': 1083745, 'uuid': 'N/A'})
ok: [localhost] => (item={'mount': '/etc/resolv.conf', 'device': '/dev/root', 'fstype': 'ext4', 'options': 'rw,relatime,discard,errors=remount-ro,commit=30,bind', 'dump': 0, 'passno': 0, 'size_total': 76887154688, 'size_available': 12813778944, 'block_size': 4096, 'block_total': 18771278, 'block_available': 3128364, 'block_used': 15642914, 'inode_total': 9699328, 'inode_available': 8615583, 'inode_used': 1083745, 'uuid': 'N/A'})
ok: [localhost] => (item={'mount': '/etc/hostname', 'device': '/dev/root', 'fstype': 'ext4', 'options': 'rw,relatime,discard,errors=remount-ro,commit=30,bind', 'dump': 0, 'passno': 0, 'size_total': 76887154688, 'size_available': 12813778944, 'block_size': 4096, 'block_total': 18771278, 'block_available': 3128364, 'block_used': 15642914, 'inode_total': 9699328, 'inode_available': 8615583, 'inode_used': 1083745, 'uuid': 'N/A'})
ok: [localhost] => (item={'mount': '/etc/hosts', 'device': '/dev/root', 'fstype': 'ext4', 'options': 'rw,relatime,discard,errors=remount-ro,commit=30,bind', 'dump': 0, 'passno': 0, 'size_total': 76887154688, 'size_available': 12813778944, 'block_size': 4096, 'block_total': 18771278, 'block_available': 3128364, 'block_used': 15642914, 'inode_total': 9699328, 'inode_available': 8615583, 'inode_used': 1083745, 'uuid': 'N/A'})

TASK [/stigforge/roles/rhel9_stig : Ensure All World-Writable Directories Are Owned by root User - Increment Search Paths List with Local NFS File System Targets] ***
skipping: [localhost] => (item={'mount': '/stigforge/pyproject.toml', 'device': '/dev/root', 'fstype': 'ext4', 'options': 'ro,relatime,discard,errors=remount-ro,commit=30,bind', 'dump': 0, 'passno': 0, 'size_total': 76887154688, 'size_available': 12813778944, 'block_size': 4096, 'block_total': 18771278, 'block_available': 3128364, 'block_used': 15642914, 'inode_total': 9699328, 'inode_available': 8615583, 'inode_used': 1083745, 'uuid': 'N/A'}) 
skipping: [localhost] => (item={'mount': '/stigforge/artifacts', 'device': '/dev/root', 'fstype': 'ext4', 'options': 'rw,relatime,discard,errors=remount-ro,commit=30,bind', 'dump': 0, 'passno': 0, 'size_total': 76887154688, 'size_available': 12813778944, 'block_size': 4096, 'block_total': 18771278, 'block_available': 3128364, 'block_used': 15642914, 'inode_total': 9699328, 'inode_available': 8615583, 'inode_used': 1083745, 'uuid': 'N/A'}) 
skipping: [localhost] => (item={'mount': '/stigforge/roles', 'device': '/dev/root', 'fstype': 'ext4', 'options': 'ro,relatime,discard,errors=remount-ro,commit=30,bind', 'dump': 0, 'passno': 0, 'size_total': 76887154688, 'size_available': 12813778944, 'block_size': 4096, 'block_total': 18771278, 'block_available': 3128364, 'block_used': 15642914, 'inode_total': 9699328, 'inode_available': 8615583, 'inode_used': 1083745, 'uuid': 'N/A'}) 
skipping: [localhost] => (item={'mount': '/stigforge/policy', 'device': '/dev/root', 'fstype': 'ext4', 'options': 'ro,relatime,discard,errors=remount-ro,commit=30,bind', 'dump': 0, 'passno': 0, 'size_total': 76887154688, 'size_available': 12813778944, 'block_size': 4096, 'block_total': 18771278, 'block_available': 3128364, 'block_used': 15642914, 'inode_total': 9699328, 'inode_available': 8615583, 'inode_used': 1083745, 'uuid': 'N/A'}) 
skipping: [localhost] => (item={'mount': '/stigforge/generator', 'device': '/dev/root', 'fstype': 'ext4', 'options': 'ro,relatime,discard,errors=remount-ro,commit=30,bind', 'dump': 0, 'passno': 0, 'size_total': 76887154688, 'size_available': 12813778944, 'block_size': 4096, 'block_total': 18771278, 'block_available': 3128364, 'block_used': 15642914, 'inode_total': 9699328, 'inode_available': 8615583, 'inode_used': 1083745, 'uuid': 'N/A'}) 
skipping: [localhost] => (item={'mount': '/etc/resolv.conf', 'device': '/dev/root', 'fstype': 'ext4', 'options': 'rw,relatime,discard,errors=remount-ro,commit=30,bind', 'dump': 0, 'passno': 0, 'size_total': 76887154688, 'size_available': 12813778944, 'block_size': 4096, 'block_total': 18771278, 'block_available': 3128364, 'block_used': 15642914, 'inode_total': 9699328, 'inode_available': 8615583, 'inode_used': 1083745, 'uuid': 'N/A'}) 
skipping: [localhost] => (item={'mount': '/etc/hostname', 'device': '/dev/root', 'fstype': 'ext4', 'options': 'rw,relatime,discard,errors=remount-ro,commit=30,bind', 'dump': 0, 'passno': 0, 'size_total': 76887154688, 'size_available': 12813778944, 'block_size': 4096, 'block_total': 18771278, 'block_available': 3128364, 'block_used': 15642914, 'inode_total': 9699328, 'inode_available': 8615583, 'inode_used': 1083745, 'uuid': 'N/A'}) 
skipping: [localhost] => (item={'mount': '/etc/hosts', 'device': '/dev/root', 'fstype': 'ext4', 'options': 'rw,relatime,discard,errors=remount-ro,commit=30,bind', 'dump': 0, 'passno': 0, 'size_total': 76887154688, 'size_available': 12813778944, 'block_size': 4096, 'block_total': 18771278, 'block_available': 3128364, 'block_used': 15642914, 'inode_total': 9699328, 'inode_available': 8615583, 'inode_used': 1083745, 'uuid': 'N/A'}) 
skipping: [localhost]

TASK [/stigforge/roles/rhel9_stig : Ensure All World-Writable Directories Are Owned by root User - Define Rule Specific Facts] ***
ok: [localhost]

TASK [/stigforge/roles/rhel9_stig : Ensure All World-Writable Directories Are Owned by root User - Find All Uncompliant Directories in Local File Systems] ***
ok: [localhost] => (item=/lost+found)
ok: [localhost] => (item=/media)
ok: [localhost] => (item=/stigforge/policy)
ok: [localhost] => (item=/root)
ok: [localhost] => (item=/stigforge/artifacts)
ok: [localhost] => (item=/opt)
ok: [localhost] => (item=/stigforge)
ok: [localhost] => (item=/srv)
ok: [localhost] => (item=/tmp)
ok: [localhost] => (item=/home)
ok: [localhost] => (item=/stigforge/generator)
ok: [localhost] => (item=/stigforge/pyproject.toml)
ok: [localhost] => (item=/mnt)
ok: [localhost] => (item=/afs)
ok: [localhost] => (item=/etc/hosts)
ok: [localhost] => (item=/etc)
ok: [localhost] => (item=/etc/resolv.conf)
ok: [localhost] => (item=/var)
ok: [localhost] => (item=/usr)
ok: [localhost] => (item=/stigforge/roles)
ok: [localhost] => (item=/etc/hostname)

TASK [/stigforge/roles/rhel9_stig : Ensure All World-Writable Directories Are Owned by root User - Create List of World Writable Directories Not Owned by root] ***
ok: [localhost] => (item={'changed': False, 'stdout': '', 'stderr': '', 'rc': 0, 'cmd': ['find', '/lost+found', '-xdev', '-type', 'd', '-perm', '-0002', '-uid', '+0'], 'start': '2026-07-26 14:00:30.526136', 'end': '2026-07-26 14:00:30.528825', 'delta': '0:00:00.002689', 'msg': '', 'invocation': {'module_args': {'_raw_params': 'find /lost+found -xdev -type d -perm -0002 -uid +0', '_uses_shell': False, 'expand_argument_vars': True, 'stdin_add_newline': True, 'strip_empty_ends': True, 'argv': None, 'chdir': None, 'executable': None, 'creates': None, 'removes': None, 'stdin': None}}, 'stdout_lines': [], 'stderr_lines': [], 'failed': False, 'item': '/lost+found', 'ansible_loop_var': 'item'})
ok: [localhost] => (item={'changed': False, 'stdout': '', 'stderr': '', 'rc': 0, 'cmd': ['find', '/media', '-xdev', '-type', 'd', '-perm', '-0002', '-uid', '+0'], 'start': '2026-07-26 14:00:30.662328', 'end': '2026-07-26 14:00:30.664880', 'delta': '0:00:00.002552', 'msg': '', 'invocation': {'module_args': {'_raw_params': 'find /media -xdev -type d -perm -0002 -uid +0', '_uses_shell': False, 'expand_argument_vars': True, 'stdin_add_newline': True, 'strip_empty_ends': True, 'argv': None, 'chdir': None, 'executable': None, 'creates': None, 'removes': None, 'stdin': None}}, 'stdout_lines': [], 'stderr_lines': [], 'failed': False, 'item': '/media', 'ansible_loop_var': 'item'})
ok: [localhost] => (item={'changed': False, 'stdout': '', 'stderr': '', 'rc': 0, 'cmd': ['find', '/stigforge/policy', '-xdev', '-type', 'd', '-perm', '-0002', '-uid', '+0'], 'start': '2026-07-26 14:00:30.798562', 'end': '2026-07-26 14:00:30.801158', 'delta': '0:00:00.002596', 'msg': '', 'invocation': {'module_args': {'_raw_params': 'find /stigforge/policy -xdev -type d -perm -0002 -uid +0', '_uses_shell': False, 'expand_argument_vars': True, 'stdin_add_newline': True, 'strip_empty_ends': True, 'argv': None, 'chdir': None, 'executable': None, 'creates': None, 'removes': None, 'stdin': None}}, 'stdout_lines': [], 'stderr_lines': [], 'failed': False, 'item': '/stigforge/policy', 'ansible_loop_var': 'item'})
ok: [localhost] => (item={'changed': False, 'stdout': '', 'stderr': '', 'rc': 0, 'cmd': ['find', '/root', '-xdev', '-type', 'd', '-perm', '-0002', '-uid', '+0'], 'start': '2026-07-26 14:00:30.928547', 'end': '2026-07-26 14:00:30.931332', 'delta': '0:00:00.002785', 'msg': '', 'invocation': {'module_args': {'_raw_params': 'find /root -xdev -type d -perm -0002 -uid +0', '_uses_shell': False, 'expand_argument_vars': True, 'stdin_add_newline': True, 'strip_empty_ends': True, 'argv': None, 'chdir': None, 'executable': None, 'creates': None, 'removes': None, 'stdin': None}}, 'stdout_lines': [], 'stderr_lines': [], 'failed': False, 'item': '/root', 'ansible_loop_var': 'item'})
ok: [localhost] => (item={'changed': False, 'stdout': '', 'stderr': '', 'rc': 0, 'cmd': ['find', '/stigforge/artifacts', '-xdev', '-type', 'd', '-perm', '-0002', '-uid', '+0'], 'start': '2026-07-26 14:00:31.063688', 'end': '2026-07-26 14:00:31.066029', 'delta': '0:00:00.002341', 'msg': '', 'invocation': {'module_args': {'_raw_params': 'find /stigforge/artifacts -xdev -type d -perm -0002 -uid +0', '_uses_shell': False, 'expand_argument_vars': True, 'stdin_add_newline': True, 'strip_empty_ends': True, 'argv': None, 'chdir': None, 'executable': None, 'creates': None, 'removes': None, 'stdin': None}}, 'stdout_lines': [], 'stderr_lines': [], 'failed': False, 'item': '/stigforge/artifacts', 'ansible_loop_var': 'item'})
ok: [localhost] => (item={'changed': False, 'stdout': '', 'stderr': '', 'rc': 0, 'cmd': ['find', '/opt', '-xdev', '-type', 'd', '-perm', '-0002', '-uid', '+0'], 'start': '2026-07-26 14:00:31.202207', 'end': '2026-07-26 14:00:31.204931', 'delta': '0:00:00.002724', 'msg': '', 'invocation': {'module_args': {'_raw_params': 'find /opt -xdev -type d -perm -0002 -uid +0', '_uses_shell': False, 'expand_argument_vars': True, 'stdin_add_newline': True, 'strip_empty_ends': True, 'argv': None, 'chdir': None, 'executable': None, 'creates': None, 'removes': None, 'stdin': None}}, 'stdout_lines': [], 'stderr_lines': [], 'failed': False, 'item': '/opt', 'ansible_loop_var': 'item'})
ok: [localhost] => (item={'changed': False, 'stdout': '', 'stderr': '', 'rc': 0, 'cmd': ['find', '/stigforge', '-xdev', '-type', 'd', '-perm', '-0002', '-uid', '+0'], 'start': '2026-07-26 14:00:31.332194', 'end': '2026-07-26 14:00:31.334893', 'delta': '0:00:00.002699', 'msg': '', 'invocation': {'module_args': {'_raw_params': 'find /stigforge -xdev -type d -perm -0002 -uid +0', '_uses_shell': False, 'expand_argument_vars': True, 'stdin_add_newline': True, 'strip_empty_ends': True, 'argv': None, 'chdir': None, 'executable': None, 'creates': None, 'removes': None, 'stdin': None}}, 'stdout_lines': [], 'stderr_lines': [], 'failed': False, 'item': '/stigforge', 'ansible_loop_var': 'item'})
ok: [localhost] => (item={'changed': False, 'stdout': '', 'stderr': '', 'rc': 0, 'cmd': ['find', '/srv', '-xdev', '-type', 'd', '-perm', '-0002', '-uid', '+0'], 'start': '2026-07-26 14:00:31.463743', 'end': '2026-07-26 14:00:31.466236', 'delta': '0:00:00.002493', 'msg': '', 'invocation': {'module_args': {'_raw_params': 'find /srv -xdev -type d -perm -0002 -uid +0', '_uses_shell': False, 'expand_argument_vars': True, 'stdin_add_newline': True, 'strip_empty_ends': True, 'argv': None, 'chdir': None, 'executable': None, 'creates': None, 'removes': None, 'stdin': None}}, 'stdout_lines': [], 'stderr_lines': [], 'failed': False, 'item': '/srv', 'ansible_loop_var': 'item'})
ok: [localhost] => (item={'changed': False, 'stdout': '', 'stderr': '', 'rc': 0, 'cmd': ['find', '/tmp', '-xdev', '-type', 'd', '-perm', '-0002', '-uid', '+0'], 'start': '2026-07-26 14:00:31.593614', 'end': '2026-07-26 14:00:31.596196', 'delta': '0:00:00.002582', 'msg': '', 'invocation': {'module_args': {'_raw_params': 'find /tmp -xdev -type d -perm -0002 -uid +0', '_uses_shell': False, 'expand_argument_vars': True, 'stdin_add_newline': True, 'strip_empty_ends': True, 'argv': None, 'chdir': None, 'executable': None, 'creates': None, 'removes': None, 'stdin': None}}, 'stdout_lines': [], 'stderr_lines': [], 'failed': False, 'item': '/tmp', 'ansible_loop_var': 'item'})
ok: [localhost] => (item={'changed': False, 'stdout': '', 'stderr': '', 'rc': 0, 'cmd': ['find', '/home', '-xdev', '-type', 'd', '-perm', '-0002', '-uid', '+0'], 'start': '2026-07-26 14:00:31.725470', 'end': '2026-07-26 14:00:31.727941', 'delta': '0:00:00.002471', 'msg': '', 'invocation': {'module_args': {'_raw_params': 'find /home -xdev -type d -perm -0002 -uid +0', '_uses_shell': False, 'expand_argument_vars': True, 'stdin_add_newline': True, 'strip_empty_ends': True, 'argv': None, 'chdir': None, 'executable': None, 'creates': None, 'removes': None, 'stdin': None}}, 'stdout_lines': [], 'stderr_lines': [], 'failed': False, 'item': '/home', 'ansible_loop_var': 'item'})
ok: [localhost] => (item={'changed': False, 'stdout': '', 'stderr': '', 'rc': 0, 'cmd': ['find', '/stigforge/generator', '-xdev', '-type', 'd', '-perm', '-0002', '-uid', '+0'], 'start': '2026-07-26 14:00:31.856570', 'end': '2026-07-26 14:00:31.859242', 'delta': '0:00:00.002672', 'msg': '', 'invocation': {'module_args': {'_raw_params': 'find /stigforge/generator -xdev -type d -perm -0002 -uid +0', '_uses_shell': False, 'expand_argument_vars': True, 'stdin_add_newline': True, 'strip_empty_ends': True, 'argv': None, 'chdir': None, 'executable': None, 'creates': None, 'removes': None, 'stdin': None}}, 'stdout_lines': [], 'stderr_lines': [], 'failed': False, 'item': '/stigforge/generator', 'ansible_loop_var': 'item'})
ok: [localhost] => (item={'changed': False, 'stdout': '', 'stderr': '', 'rc': 0, 'cmd': ['find', '/stigforge/pyproject.toml', '-xdev', '-type', 'd', '-perm', '-0002', '-uid', '+0'], 'start': '2026-07-26 14:00:31.987755', 'end': '2026-07-26 14:00:31.990337', 'delta': '0:00:00.002582', 'msg': '', 'invocation': {'module_args': {'_raw_params': 'find /stigforge/pyproject.toml -xdev -type d -perm -0002 -uid +0', '_uses_shell': False, 'expand_argument_vars': True, 'stdin_add_newline': True, 'strip_empty_ends': True, 'argv': None, 'chdir': None, 'executable': None, 'creates': None, 'removes': None, 'stdin': None}}, 'stdout_lines': [], 'stderr_lines': [], 'failed': False, 'item': '/stigforge/pyproject.toml', 'ansible_loop_var': 'item'})
ok: [localhost] => (item={'changed': False, 'stdout': '', 'stderr': '', 'rc': 0, 'cmd': ['find', '/mnt', '-xdev', '-type', 'd', '-perm', '-0002', '-uid', '+0'], 'start': '2026-07-26 14:00:32.118897', 'end': '2026-07-26 14:00:32.121699', 'delta': '0:00:00.002802', 'msg': '', 'invocation': {'module_args': {'_raw_params': 'find /mnt -xdev -type d -perm -0002 -uid +0', '_uses_shell': False, 'expand_argument_vars': True, 'stdin_add_newline': True, 'strip_empty_ends': True, 'argv': None, 'chdir': None, 'executable': None, 'creates': None, 'removes': None, 'stdin': None}}, 'stdout_lines': [], 'stderr_lines': [], 'failed': False, 'item': '/mnt', 'ansible_loop_var': 'item'})
ok: [localhost] => (item={'changed': False, 'stdout': '', 'stderr': '', 'rc': 0, 'cmd': ['find', '/afs', '-xdev', '-type', 'd', '-perm', '-0002', '-uid', '+0'], 'start': '2026-07-26 14:00:32.252270', 'end': '2026-07-26 14:00:32.254781', 'delta': '0:00:00.002511', 'msg': '', 'invocation': {'module_args': {'_raw_params': 'find /afs -xdev -type d -perm -0002 -uid +0', '_uses_shell': False, 'expand_argument_vars': True, 'stdin_add_newline': True, 'strip_empty_ends': True, 'argv': None, 'chdir': None, 'executable': None, 'creates': None, 'removes': None, 'stdin': None}}, 'stdout_lines': [], 'stderr_lines': [], 'failed': False, 'item': '/afs', 'ansible_loop_var': 'item'})
ok: [localhost] => (item={'changed': False, 'stdout': '', 'stderr': '', 'rc': 0, 'cmd': ['find', '/etc/hosts', '-xdev', '-type', 'd', '-perm', '-0002', '-uid', '+0'], 'start': '2026-07-26 14:00:32.383704', 'end': '2026-07-26 14:00:32.386141', 'delta': '0:00:00.002437', 'msg': '', 'invocation': {'module_args': {'_raw_params': 'find /etc/hosts -xdev -type d -perm -0002 -uid +0', '_uses_shell': False, 'expand_argument_vars': True, 'stdin_add_newline': True, 'strip_empty_ends': True, 'argv': None, 'chdir': None, 'executable': None, 'creates': None, 'removes': None, 'stdin': None}}, 'stdout_lines': [], 'stderr_lines': [], 'failed': False, 'item': '/etc/hosts', 'ansible_loop_var': 'item'})
ok: [localhost] => (item={'changed': False, 'stdout': '', 'stderr': '', 'rc': 0, 'cmd': ['find', '/etc', '-xdev', '-type', 'd', '-perm', '-0002', '-uid', '+0'], 'start': '2026-07-26 14:00:32.513644', 'end': '2026-07-26 14:00:32.517579', 'delta': '0:00:00.003935', 'msg': '', 'invocation': {'module_args': {'_raw_params': 'find /etc -xdev -type d -perm -0002 -uid +0', '_uses_shell': False, 'expand_argument_vars': True, 'stdin_add_newline': True, 'strip_empty_ends': True, 'argv': None, 'chdir': None, 'executable': None, 'creates': None, 'removes': None, 'stdin': None}}, 'stdout_lines': [], 'stderr_lines': [], 'failed': False, 'item': '/etc', 'ansible_loop_var': 'item'})
ok: [localhost] => (item={'changed': False, 'stdout': '', 'stderr': '', 'rc': 0, 'cmd': ['find', '/etc/resolv.conf', '-xdev', '-type', 'd', '-perm', '-0002', '-uid', '+0'], 'start': '2026-07-26 14:00:32.644544', 'end': '2026-07-26 14:00:32.647039', 'delta': '0:00:00.002495', 'msg': '', 'invocation': {'module_args': {'_raw_params': 'find /etc/resolv.conf -xdev -type d -perm -0002 -uid +0', '_uses_shell': False, 'expand_argument_vars': True, 'stdin_add_newline': True, 'strip_empty_ends': True, 'argv': None, 'chdir': None, 'executable': None, 'creates': None, 'removes': None, 'stdin': None}}, 'stdout_lines': [], 'stderr_lines': [], 'failed': False, 'item': '/etc/resolv.conf', 'ansible_loop_var': 'item'})
ok: [localhost] => (item={'changed': False, 'stdout': '', 'stderr': '', 'rc': 0, 'cmd': ['find', '/var', '-xdev', '-type', 'd', '-perm', '-0002', '-uid', '+0'], 'start': '2026-07-26 14:00:32.779538', 'end': '2026-07-26 14:00:32.782961', 'delta': '0:00:00.003423', 'msg': '', 'invocation': {'module_args': {'_raw_params': 'find /var -xdev -type d -perm -0002 -uid +0', '_uses_shell': False, 'expand_argument_vars': True, 'stdin_add_newline': True, 'strip_empty_ends': True, 'argv': None, 'chdir': None, 'executable': None, 'creates': None, 'removes': None, 'stdin': None}}, 'stdout_lines': [], 'stderr_lines': [], 'failed': False, 'item': '/var', 'ansible_loop_var': 'item'})
ok: [localhost] => (item={'changed': False, 'stdout': '', 'stderr': '', 'rc': 0, 'cmd': ['find', '/usr', '-xdev', '-type', 'd', '-perm', '-0002', '-uid', '+0'], 'start': '2026-07-26 14:00:32.912772', 'end': '2026-07-26 14:00:32.954046', 'delta': '0:00:00.041274', 'msg': '', 'invocation': {'module_args': {'_raw_params': 'find /usr -xdev -type d -perm -0002 -uid +0', '_uses_shell': False, 'expand_argument_vars': True, 'stdin_add_newline': True, 'strip_empty_ends': True, 'argv': None, 'chdir': None, 'executable': None, 'creates': None, 'removes': None, 'stdin': None}}, 'stdout_lines': [], 'stderr_lines': [], 'failed': False, 'item': '/usr', 'ansible_loop_var': 'item'})
ok: [localhost] => (item={'changed': False, 'stdout': '', 'stderr': '', 'rc': 0, 'cmd': ['find', '/stigforge/roles', '-xdev', '-type', 'd', '-perm', '-0002', '-uid', '+0'], 'start': '2026-07-26 14:00:33.082885', 'end': '2026-07-26 14:00:33.085698', 'delta': '0:00:00.002813', 'msg': '', 'invocation': {'module_args': {'_raw_params': 'find /stigforge/roles -xdev -type d -perm -0002 -uid +0', '_uses_shell': False, 'expand_argument_vars': True, 'stdin_add_newline': True, 'strip_empty_ends': True, 'argv': None, 'chdir': None, 'executable': None, 'creates': None, 'removes': None, 'stdin': None}}, 'stdout_lines': [], 'stderr_lines': [], 'failed': False, 'item': '/stigforge/roles', 'ansible_loop_var': 'item'})
ok: [localhost] => (item={'changed': False, 'stdout': '', 'stderr': '', 'rc': 0, 'cmd': ['find', '/etc/hostname', '-xdev', '-type', 'd', '-perm', '-0002', '-uid', '+0'], 'start': '2026-07-26 14:00:33.212547', 'end': '2026-07-26 14:00:33.215026', 'delta': '0:00:00.002479', 'msg': '', 'invocation': {'module_args': {'_raw_params': 'find /etc/hostname -xdev -type d -perm -0002 -uid +0', '_uses_shell': False, 'expand_argument_vars': True, 'stdin_add_newline': True, 'strip_empty_ends': True, 'argv': None, 'chdir': None, 'executable': None, 'creates': None, 'removes': None, 'stdin': None}}, 'stdout_lines': [], 'stderr_lines': [], 'failed': False, 'item': '/etc/hostname', 'ansible_loop_var': 'item'})

TASK [/stigforge/roles/rhel9_stig : Ensure All World-Writable Directories Are Owned by root User - Ensure root Ownership on Local World Writable Directories] ***
skipping: [localhost]

TASK [/stigforge/roles/rhel9_stig : Verify that All World-Writable Directories Have Sticky Bits Set - Define Excluded (Non-Local) File Systems and Paths] ***
ok: [localhost]

TASK [/stigforge/roles/rhel9_stig : Verify that All World-Writable Directories Have Sticky Bits Set - Find Relevant Root Directories Ignoring Pre-Defined Excluded Paths] ***
ok: [localhost]

TASK [/stigforge/roles/rhel9_stig : Verify that All World-Writable Directories Have Sticky Bits Set - Include Relevant Root Directories in a List of Paths to be Searched] ***
ok: [localhost] => (item={'path': '/opt', 'mode': '0755', 'isdir': True, 'ischr': False, 'isblk': False, 'isreg': False, 'isfifo': False, 'islnk': False, 'issock': False, 'uid': 0, 'gid': 0, 'size': 4096, 'inode': 3763677, 'dev': 50, 'nlink': 2, 'atime': 1785074339.871873, 'mtime': 1652704127.0, 'ctime': 1785074311.3671494, 'gr_name': 'root', 'pw_name': 'root', 'wusr': True, 'rusr': True, 'xusr': True, 'wgrp': False, 'rgrp': True, 'xgrp': True, 'woth': False, 'roth': True, 'xoth': True, 'isuid': False, 'isgid': False})
ok: [localhost] => (item={'path': '/etc', 'mode': '0755', 'isdir': True, 'ischr': False, 'isblk': False, 'isreg': False, 'isfifo': False, 'islnk': False, 'issock': False, 'uid': 0, 'gid': 0, 'size': 4096, 'inode': 4551162, 'dev': 50, 'nlink': 1, 'atime': 1785074432.5148726, 'mtime': 1785074427.2281969, 'ctime': 1785074427.2281969, 'gr_name': 'root', 'pw_name': 'root', 'wusr': True, 'rusr': True, 'xusr': True, 'wgrp': False, 'rgrp': True, 'xgrp': True, 'woth': False, 'roth': True, 'xoth': True, 'isuid': False, 'isgid': False})
ok: [localhost] => (item={'path': '/home', 'mode': '0755', 'isdir': True, 'ischr': False, 'isblk': False, 'isreg': False, 'isfifo': False, 'islnk': False, 'issock': False, 'uid': 0, 'gid': 0, 'size': 4096, 'inode': 3763671, 'dev': 50, 'nlink': 2, 'atime': 1785074339.871873, 'mtime': 1652704127.0, 'ctime': 1785074311.3671494, 'gr_name': 'root', 'pw_name': 'root', 'wusr': True, 'rusr': True, 'xusr': True, 'wgrp': False, 'rgrp': True, 'xgrp': True, 'woth': False, 'roth': True, 'xoth': True, 'isuid': False, 'isgid': False})
ok: [localhost] => (item={'path': '/mnt', 'mode': '0755', 'isdir': True, 'ischr': False, 'isblk': False, 'isreg': False, 'isfifo': False, 'islnk': False, 'issock': False, 'uid': 0, 'gid': 0, 'size': 4096, 'inode': 3763676, 'dev': 50, 'nlink': 2, 'atime': 1785074339.871873, 'mtime': 1652704127.0, 'ctime': 1785074311.3671494, 'gr_name': 'root', 'pw_name': 'root', 'wusr': True, 'rusr': True, 'xusr': True, 'wgrp': False, 'rgrp': True, 'xgrp': True, 'woth': False, 'roth': True, 'xoth': True, 'isuid': False, 'isgid': False})
ok: [localhost] => (item={'path': '/root', 'mode': '0550', 'isdir': True, 'ischr': False, 'isblk': False, 'isreg': False, 'isfifo': False, 'islnk': False, 'issock': False, 'uid': 0, 'gid': 0, 'size': 4096, 'inode': 4551166, 'dev': 50, 'nlink': 1, 'atime': 1785074423.2152777, 'mtime': 1785074386.0578926, 'ctime': 1785074425.5881739, 'gr_name': 'root', 'pw_name': 'root', 'wusr': False, 'rusr': True, 'xusr': True, 'wgrp': False, 'rgrp': True, 'xgrp': True, 'woth': False, 'roth': False, 'xoth': False, 'isuid': False, 'isgid': False})
ok: [localhost] => (item={'path': '/lost+found', 'mode': '0700', 'isdir': True, 'ischr': False, 'isblk': False, 'isreg': False, 'isfifo': False, 'islnk': False, 'issock': False, 'uid': 0, 'gid': 0, 'size': 4096, 'inode': 3763674, 'dev': 50, 'nlink': 2, 'atime': 1785074339.871873, 'mtime': 1700432707.0, 'ctime': 1785074311.3671494, 'gr_name': 'root', 'pw_name': 'root', 'wusr': True, 'rusr': True, 'xusr': True, 'wgrp': False, 'rgrp': False, 'xgrp': False, 'woth': False, 'roth': False, 'xoth': False, 'isuid': False, 'isgid': False})
ok: [localhost] => (item={'path': '/usr', 'mode': '0755', 'isdir': True, 'ischr': False, 'isblk': False, 'isreg': False, 'isfifo': False, 'islnk': False, 'issock': False, 'uid': 0, 'gid': 0, 'size': 4096, 'inode': 4765748, 'dev': 50, 'nlink': 1, 'atime': 1785074339.9058716, 'mtime': 1700432719.0, 'ctime': 1785074367.4116986, 'gr_name': 'root', 'pw_name': 'root', 'wusr': True, 'rusr': True, 'xusr': True, 'wgrp': False, 'rgrp': True, 'xgrp': True, 'woth': False, 'roth': True, 'xoth': True, 'isuid': False, 'isgid': False})
ok: [localhost] => (item={'path': '/tmp', 'mode': '1777', 'isdir': True, 'ischr': False, 'isblk': False, 'isreg': False, 'isfifo': False, 'islnk': False, 'issock': False, 'uid': 0, 'gid': 0, 'size': 4096, 'inode': 4551155, 'dev': 50, 'nlink': 1, 'atime': 1785074433.4778306, 'mtime': 1785074433.4758308, 'ctime': 1785074433.4758308, 'gr_name': 'root', 'pw_name': 'root', 'wusr': True, 'rusr': True, 'xusr': True, 'wgrp': True, 'rgrp': True, 'xgrp': True, 'woth': True, 'roth': True, 'xoth': True, 'isuid': False, 'isgid': False})
ok: [localhost] => (item={'path': '/srv', 'mode': '0755', 'isdir': True, 'ischr': False, 'isblk': False, 'isreg': False, 'isfifo': False, 'islnk': False, 'issock': False, 'uid': 0, 'gid': 0, 'size': 4096, 'inode': 3763690, 'dev': 50, 'nlink': 2, 'atime': 1785074339.871873, 'mtime': 1652704127.0, 'ctime': 1785074311.3671494, 'gr_name': 'root', 'pw_name': 'root', 'wusr': True, 'rusr': True, 'xusr': True, 'wgrp': False, 'rgrp': True, 'xgrp': True, 'woth': False, 'roth': True, 'xoth': True, 'isuid': False, 'isgid': False})
ok: [localhost] => (item={'path': '/afs', 'mode': '0555', 'isdir': True, 'ischr': False, 'isblk': False, 'isreg': False, 'isfifo': False, 'islnk': False, 'issock': False, 'uid': 0, 'gid': 0, 'size': 4096, 'inode': 3763394, 'dev': 50, 'nlink': 2, 'atime': 1785074339.8628733, 'mtime': 1652704127.0, 'ctime': 1785074311.366938, 'gr_name': 'root', 'pw_name': 'root', 'wusr': False, 'rusr': True, 'xusr': True, 'wgrp': False, 'rgrp': True, 'xgrp': True, 'woth': False, 'roth': True, 'xoth': True, 'isuid': False, 'isgid': False})
ok: [localhost] => (item={'path': '/var', 'mode': '0755', 'isdir': True, 'ischr': False, 'isblk': False, 'isreg': False, 'isfifo': False, 'islnk': False, 'issock': False, 'uid': 0, 'gid': 0, 'size': 4096, 'inode': 4283049, 'dev': 50, 'nlink': 1, 'atime': 1785074423.3122735, 'mtime': 1700432720.0, 'ctime': 1785074359.2950509, 'gr_name': 'root', 'pw_name': 'root', 'wusr': True, 'rusr': True, 'xusr': True, 'wgrp': False, 'rgrp': True, 'xgrp': True, 'woth': False, 'roth': True, 'xoth': True, 'isuid': False, 'isgid': False})
ok: [localhost] => (item={'path': '/media', 'mode': '0755', 'isdir': True, 'ischr': False, 'isblk': False, 'isreg': False, 'isfifo': False, 'islnk': False, 'issock': False, 'uid': 0, 'gid': 0, 'size': 4096, 'inode': 3763675, 'dev': 50, 'nlink': 2, 'atime': 1785074339.871873, 'mtime': 1652704127.0, 'ctime': 1785074311.3671494, 'gr_name': 'root', 'pw_name': 'root', 'wusr': True, 'rusr': True, 'xusr': True, 'wgrp': False, 'rgrp': True, 'xgrp': True, 'woth': False, 'roth': True, 'xoth': True, 'isuid': False, 'isgid': False})
ok: [localhost] => (item={'path': '/stigforge', 'mode': '0755', 'isdir': True, 'ischr': False, 'isblk': False, 'isreg': False, 'isfifo': False, 'islnk': False, 'issock': False, 'uid': 0, 'gid': 0, 'size': 4096, 'inode': 4551150, 'dev': 50, 'nlink': 1, 'atime': 1785074344.6816628, 'mtime': 1785074344.6110818, 'ctime': 1785074346.2685935, 'gr_name': 'root', 'pw_name': 'root', 'wusr': True, 'rusr': True, 'xusr': True, 'wgrp': False, 'rgrp': True, 'xgrp': True, 'woth': False, 'roth': True, 'xoth': True, 'isuid': False, 'isgid': False})

TASK [/stigforge/roles/rhel9_stig : Verify that All World-Writable Directories Have Sticky Bits Set - Increment Search Paths List with Local Partitions Mount Points] ***
ok: [localhost] => (item={'mount': '/stigforge/pyproject.toml', 'device': '/dev/root', 'fstype': 'ext4', 'options': 'ro,relatime,discard,errors=remount-ro,commit=30,bind', 'dump': 0, 'passno': 0, 'size_total': 76887154688, 'size_available': 12813778944, 'block_size': 4096, 'block_total': 18771278, 'block_available': 3128364, 'block_used': 15642914, 'inode_total': 9699328, 'inode_available': 8615583, 'inode_used': 1083745, 'uuid': 'N/A'})
ok: [localhost] => (item={'mount': '/stigforge/artifacts', 'device': '/dev/root', 'fstype': 'ext4', 'options': 'rw,relatime,discard,errors=remount-ro,commit=30,bind', 'dump': 0, 'passno': 0, 'size_total': 76887154688, 'size_available': 12813778944, 'block_size': 4096, 'block_total': 18771278, 'block_available': 3128364, 'block_used': 15642914, 'inode_total': 9699328, 'inode_available': 8615583, 'inode_used': 1083745, 'uuid': 'N/A'})
ok: [localhost] => (item={'mount': '/stigforge/roles', 'device': '/dev/root', 'fstype': 'ext4', 'options': 'ro,relatime,discard,errors=remount-ro,commit=30,bind', 'dump': 0, 'passno': 0, 'size_total': 76887154688, 'size_available': 12813778944, 'block_size': 4096, 'block_total': 18771278, 'block_available': 3128364, 'block_used': 15642914, 'inode_total': 9699328, 'inode_available': 8615583, 'inode_used': 1083745, 'uuid': 'N/A'})
ok: [localhost] => (item={'mount': '/stigforge/policy', 'device': '/dev/root', 'fstype': 'ext4', 'options': 'ro,relatime,discard,errors=remount-ro,commit=30,bind', 'dump': 0, 'passno': 0, 'size_total': 76887154688, 'size_available': 12813778944, 'block_size': 4096, 'block_total': 18771278, 'block_available': 3128364, 'block_used': 15642914, 'inode_total': 9699328, 'inode_available': 8615583, 'inode_used': 1083745, 'uuid': 'N/A'})
ok: [localhost] => (item={'mount': '/stigforge/generator', 'device': '/dev/root', 'fstype': 'ext4', 'options': 'ro,relatime,discard,errors=remount-ro,commit=30,bind', 'dump': 0, 'passno': 0, 'size_total': 76887154688, 'size_available': 12813778944, 'block_size': 4096, 'block_total': 18771278, 'block_available': 3128364, 'block_used': 15642914, 'inode_total': 9699328, 'inode_available': 8615583, 'inode_used': 1083745, 'uuid': 'N/A'})
ok: [localhost] => (item={'mount': '/etc/resolv.conf', 'device': '/dev/root', 'fstype': 'ext4', 'options': 'rw,relatime,discard,errors=remount-ro,commit=30,bind', 'dump': 0, 'passno': 0, 'size_total': 76887154688, 'size_available': 12813778944, 'block_size': 4096, 'block_total': 18771278, 'block_available': 3128364, 'block_used': 15642914, 'inode_total': 9699328, 'inode_available': 8615583, 'inode_used': 1083745, 'uuid': 'N/A'})
ok: [localhost] => (item={'mount': '/etc/hostname', 'device': '/dev/root', 'fstype': 'ext4', 'options': 'rw,relatime,discard,errors=remount-ro,commit=30,bind', 'dump': 0, 'passno': 0, 'size_total': 76887154688, 'size_available': 12813778944, 'block_size': 4096, 'block_total': 18771278, 'block_available': 3128364, 'block_used': 15642914, 'inode_total': 9699328, 'inode_available': 8615583, 'inode_used': 1083745, 'uuid': 'N/A'})
ok: [localhost] => (item={'mount': '/etc/hosts', 'device': '/dev/root', 'fstype': 'ext4', 'options': 'rw,relatime,discard,errors=remount-ro,commit=30,bind', 'dump': 0, 'passno': 0, 'size_total': 76887154688, 'size_available': 12813778944, 'block_size': 4096, 'block_total': 18771278, 'block_available': 3128364, 'block_used': 15642914, 'inode_total': 9699328, 'inode_available': 8615583, 'inode_used': 1083745, 'uuid': 'N/A'})

TASK [/stigforge/roles/rhel9_stig : Verify that All World-Writable Directories Have Sticky Bits Set - Increment Search Paths List with Local NFS File System Targets] ***
skipping: [localhost] => (item={'mount': '/stigforge/pyproject.toml', 'device': '/dev/root', 'fstype': 'ext4', 'options': 'ro,relatime,discard,errors=remount-ro,commit=30,bind', 'dump': 0, 'passno': 0, 'size_total': 76887154688, 'size_available': 12813778944, 'block_size': 4096, 'block_total': 18771278, 'block_available': 3128364, 'block_used': 15642914, 'inode_total': 9699328, 'inode_available': 8615583, 'inode_used': 1083745, 'uuid': 'N/A'}) 
skipping: [localhost] => (item={'mount': '/stigforge/artifacts', 'device': '/dev/root', 'fstype': 'ext4', 'options': 'rw,relatime,discard,errors=remount-ro,commit=30,bind', 'dump': 0, 'passno': 0, 'size_total': 76887154688, 'size_available': 12813778944, 'block_size': 4096, 'block_total': 18771278, 'block_available': 3128364, 'block_used': 15642914, 'inode_total': 9699328, 'inode_available': 8615583, 'inode_used': 1083745, 'uuid': 'N/A'}) 
skipping: [localhost] => (item={'mount': '/stigforge/roles', 'device': '/dev/root', 'fstype': 'ext4', 'options': 'ro,relatime,discard,errors=remount-ro,commit=30,bind', 'dump': 0, 'passno': 0, 'size_total': 76887154688, 'size_available': 12813778944, 'block_size': 4096, 'block_total': 18771278, 'block_available': 3128364, 'block_used': 15642914, 'inode_total': 9699328, 'inode_available': 8615583, 'inode_used': 1083745, 'uuid': 'N/A'}) 
skipping: [localhost] => (item={'mount': '/stigforge/policy', 'device': '/dev/root', 'fstype': 'ext4', 'options': 'ro,relatime,discard,errors=remount-ro,commit=30,bind', 'dump': 0, 'passno': 0, 'size_total': 76887154688, 'size_available': 12813778944, 'block_size': 4096, 'block_total': 18771278, 'block_available': 3128364, 'block_used': 15642914, 'inode_total': 9699328, 'inode_available': 8615583, 'inode_used': 1083745, 'uuid': 'N/A'}) 
skipping: [localhost] => (item={'mount': '/stigforge/generator', 'device': '/dev/root', 'fstype': 'ext4', 'options': 'ro,relatime,discard,errors=remount-ro,commit=30,bind', 'dump': 0, 'passno': 0, 'size_total': 76887154688, 'size_available': 12813778944, 'block_size': 4096, 'block_total': 18771278, 'block_available': 3128364, 'block_used': 15642914, 'inode_total': 9699328, 'inode_available': 8615583, 'inode_used': 1083745, 'uuid': 'N/A'}) 
skipping: [localhost] => (item={'mount': '/etc/resolv.conf', 'device': '/dev/root', 'fstype': 'ext4', 'options': 'rw,relatime,discard,errors=remount-ro,commit=30,bind', 'dump': 0, 'passno': 0, 'size_total': 76887154688, 'size_available': 12813778944, 'block_size': 4096, 'block_total': 18771278, 'block_available': 3128364, 'block_used': 15642914, 'inode_total': 9699328, 'inode_available': 8615583, 'inode_used': 1083745, 'uuid': 'N/A'}) 
skipping: [localhost] => (item={'mount': '/etc/hostname', 'device': '/dev/root', 'fstype': 'ext4', 'options': 'rw,relatime,discard,errors=remount-ro,commit=30,bind', 'dump': 0, 'passno': 0, 'size_total': 76887154688, 'size_available': 12813778944, 'block_size': 4096, 'block_total': 18771278, 'block_available': 3128364, 'block_used': 15642914, 'inode_total': 9699328, 'inode_available': 8615583, 'inode_used': 1083745, 'uuid': 'N/A'}) 
skipping: [localhost] => (item={'mount': '/etc/hosts', 'device': '/dev/root', 'fstype': 'ext4', 'options': 'rw,relatime,discard,errors=remount-ro,commit=30,bind', 'dump': 0, 'passno': 0, 'size_total': 76887154688, 'size_available': 12813778944, 'block_size': 4096, 'block_total': 18771278, 'block_available': 3128364, 'block_used': 15642914, 'inode_total': 9699328, 'inode_available': 8615583, 'inode_used': 1083745, 'uuid': 'N/A'}) 
skipping: [localhost]

TASK [/stigforge/roles/rhel9_stig : Verify that All World-Writable Directories Have Sticky Bits Set - Define Rule Specific Facts] ***
ok: [localhost]

TASK [/stigforge/roles/rhel9_stig : Verify that All World-Writable Directories Have Sticky Bits Set - Find All Uncompliant Directories in Local File Systems] ***
ok: [localhost] => (item=/lost+found)
ok: [localhost] => (item=/media)
ok: [localhost] => (item=/stigforge/policy)
ok: [localhost] => (item=/root)
ok: [localhost] => (item=/stigforge/artifacts)
ok: [localhost] => (item=/opt)
ok: [localhost] => (item=/stigforge)
ok: [localhost] => (item=/srv)
ok: [localhost] => (item=/tmp)
ok: [localhost] => (item=/home)
ok: [localhost] => (item=/stigforge/generator)
ok: [localhost] => (item=/stigforge/pyproject.toml)
ok: [localhost] => (item=/mnt)
ok: [localhost] => (item=/afs)
ok: [localhost] => (item=/etc/hosts)
ok: [localhost] => (item=/etc)
ok: [localhost] => (item=/etc/resolv.conf)
ok: [localhost] => (item=/var)
ok: [localhost] => (item=/usr)
ok: [localhost] => (item=/stigforge/roles)
ok: [localhost] => (item=/etc/hostname)

TASK [/stigforge/roles/rhel9_stig : Verify that All World-Writable Directories Have Sticky Bits Set - Create List of World Writable Directories Without Sticky Bit] ***
ok: [localhost] => (item={'changed': False, 'stdout': '', 'stderr': '', 'rc': 0, 'cmd': ['find', '/lost+found', '-xdev', '-type', 'd', '(', '-perm', '-0002', '-a', '!', '-perm', '-1000', ')'], 'start': '2026-07-26 14:00:33.912022', 'end': '2026-07-26 14:00:33.914811', 'delta': '0:00:00.002789', 'msg': '', 'invocation': {'module_args': {'_raw_params': 'find /lost+found -xdev -type d ( -perm -0002 -a ! -perm -1000 )', '_uses_shell': False, 'expand_argument_vars': True, 'stdin_add_newline': True, 'strip_empty_ends': True, 'argv': None, 'chdir': None, 'executable': None, 'creates': None, 'removes': None, 'stdin': None}}, 'stdout_lines': [], 'stderr_lines': [], 'failed': False, 'item': '/lost+found', 'ansible_loop_var': 'item'})
ok: [localhost] => (item={'changed': False, 'stdout': '', 'stderr': '', 'rc': 0, 'cmd': ['find', '/media', '-xdev', '-type', 'd', '(', '-perm', '-0002', '-a', '!', '-perm', '-1000', ')'], 'start': '2026-07-26 14:00:34.045983', 'end': '2026-07-26 14:00:34.048908', 'delta': '0:00:00.002925', 'msg': '', 'invocation': {'module_args': {'_raw_params': 'find /media -xdev -type d ( -perm -0002 -a ! -perm -1000 )', '_uses_shell': False, 'expand_argument_vars': True, 'stdin_add_newline': True, 'strip_empty_ends': True, 'argv': None, 'chdir': None, 'executable': None, 'creates': None, 'removes': None, 'stdin': None}}, 'stdout_lines': [], 'stderr_lines': [], 'failed': False, 'item': '/media', 'ansible_loop_var': 'item'})
ok: [localhost] => (item={'changed': False, 'stdout': '', 'stderr': '', 'rc': 0, 'cmd': ['find', '/stigforge/policy', '-xdev', '-type', 'd', '(', '-perm', '-0002', '-a', '!', '-perm', '-1000', ')'], 'start': '2026-07-26 14:00:34.179608', 'end': '2026-07-26 14:00:34.182374', 'delta': '0:00:00.002766', 'msg': '', 'invocation': {'module_args': {'_raw_params': 'find /stigforge/policy -xdev -type d ( -perm -0002 -a ! -perm -1000 )', '_uses_shell': False, 'expand_argument_vars': True, 'stdin_add_newline': True, 'strip_empty_ends': True, 'argv': None, 'chdir': None, 'executable': None, 'creates': None, 'removes': None, 'stdin': None}}, 'stdout_lines': [], 'stderr_lines': [], 'failed': False, 'item': '/stigforge/policy', 'ansible_loop_var': 'item'})
ok: [localhost] => (item={'changed': False, 'stdout': '', 'stderr': '', 'rc': 0, 'cmd': ['find', '/root', '-xdev', '-type', 'd', '(', '-perm', '-0002', '-a', '!', '-perm', '-1000', ')'], 'start': '2026-07-26 14:00:34.311841', 'end': '2026-07-26 14:00:34.314855', 'delta': '0:00:00.003014', 'msg': '', 'invocation': {'module_args': {'_raw_params': 'find /root -xdev -type d ( -perm -0002 -a ! -perm -1000 )', '_uses_shell': False, 'expand_argument_vars': True, 'stdin_add_newline': True, 'strip_empty_ends': True, 'argv': None, 'chdir': None, 'executable': None, 'creates': None, 'removes': None, 'stdin': None}}, 'stdout_lines': [], 'stderr_lines': [], 'failed': False, 'item': '/root', 'ansible_loop_var': 'item'})
ok: [localhost] => (item={'changed': False, 'stdout': '', 'stderr': '', 'rc': 0, 'cmd': ['find', '/stigforge/artifacts', '-xdev', '-type', 'd', '(', '-perm', '-0002', '-a', '!', '-perm', '-1000', ')'], 'start': '2026-07-26 14:00:34.443732', 'end': '2026-07-26 14:00:34.446429', 'delta': '0:00:00.002697', 'msg': '', 'invocation': {'module_args': {'_raw_params': 'find /stigforge/artifacts -xdev -type d ( -perm -0002 -a ! -perm -1000 )', '_uses_shell': False, 'expand_argument_vars': True, 'stdin_add_newline': True, 'strip_empty_ends': True, 'argv': None, 'chdir': None, 'executable': None, 'creates': None, 'removes': None, 'stdin': None}}, 'stdout_lines': [], 'stderr_lines': [], 'failed': False, 'item': '/stigforge/artifacts', 'ansible_loop_var': 'item'})
ok: [localhost] => (item={'changed': False, 'stdout': '', 'stderr': '', 'rc': 0, 'cmd': ['find', '/opt', '-xdev', '-type', 'd', '(', '-perm', '-0002', '-a', '!', '-perm', '-1000', ')'], 'start': '2026-07-26 14:00:34.576999', 'end': '2026-07-26 14:00:34.579701', 'delta': '0:00:00.002702', 'msg': '', 'invocation': {'module_args': {'_raw_params': 'find /opt -xdev -type d ( -perm -0002 -a ! -perm -1000 )', '_uses_shell': False, 'expand_argument_vars': True, 'stdin_add_newline': True, 'strip_empty_ends': True, 'argv': None, 'chdir': None, 'executable': None, 'creates': None, 'removes': None, 'stdin': None}}, 'stdout_lines': [], 'stderr_lines': [], 'failed': False, 'item': '/opt', 'ansible_loop_var': 'item'})
ok: [localhost] => (item={'changed': False, 'stdout': '', 'stderr': '', 'rc': 0, 'cmd': ['find', '/stigforge', '-xdev', '-type', 'd', '(', '-perm', '-0002', '-a', '!', '-perm', '-1000', ')'], 'start': '2026-07-26 14:00:34.712075', 'end': '2026-07-26 14:00:34.714918', 'delta': '0:00:00.002843', 'msg': '', 'invocation': {'module_args': {'_raw_params': 'find /stigforge -xdev -type d ( -perm -0002 -a ! -perm -1000 )', '_uses_shell': False, 'expand_argument_vars': True, 'stdin_add_newline': True, 'strip_empty_ends': True, 'argv': None, 'chdir': None, 'executable': None, 'creates': None, 'removes': None, 'stdin': None}}, 'stdout_lines': [], 'stderr_lines': [], 'failed': False, 'item': '/stigforge', 'ansible_loop_var': 'item'})
ok: [localhost] => (item={'changed': False, 'stdout': '', 'stderr': '', 'rc': 0, 'cmd': ['find', '/srv', '-xdev', '-type', 'd', '(', '-perm', '-0002', '-a', '!', '-perm', '-1000', ')'], 'start': '2026-07-26 14:00:34.844100', 'end': '2026-07-26 14:00:34.846861', 'delta': '0:00:00.002761', 'msg': '', 'invocation': {'module_args': {'_raw_params': 'find /srv -xdev -type d ( -perm -0002 -a ! -perm -1000 )', '_uses_shell': False, 'expand_argument_vars': True, 'stdin_add_newline': True, 'strip_empty_ends': True, 'argv': None, 'chdir': None, 'executable': None, 'creates': None, 'removes': None, 'stdin': None}}, 'stdout_lines': [], 'stderr_lines': [], 'failed': False, 'item': '/srv', 'ansible_loop_var': 'item'})
ok: [localhost] => (item={'changed': False, 'stdout': '', 'stderr': '', 'rc': 0, 'cmd': ['find', '/tmp', '-xdev', '-type', 'd', '(', '-perm', '-0002', '-a', '!', '-perm', '-1000', ')'], 'start': '2026-07-26 14:00:34.977920', 'end': '2026-07-26 14:00:34.980598', 'delta': '0:00:00.002678', 'msg': '', 'invocation': {'module_args': {'_raw_params': 'find /tmp -xdev -type d ( -perm -0002 -a ! -perm -1000 )', '_uses_shell': False, 'expand_argument_vars': True, 'stdin_add_newline': True, 'strip_empty_ends': True, 'argv': None, 'chdir': None, 'executable': None, 'creates': None, 'removes': None, 'stdin': None}}, 'stdout_lines': [], 'stderr_lines': [], 'failed': False, 'item': '/tmp', 'ansible_loop_var': 'item'})
ok: [localhost] => (item={'changed': False, 'stdout': '', 'stderr': '', 'rc': 0, 'cmd': ['find', '/home', '-xdev', '-type', 'd', '(', '-perm', '-0002', '-a', '!', '-perm', '-1000', ')'], 'start': '2026-07-26 14:00:35.109978', 'end': '2026-07-26 14:00:35.112635', 'delta': '0:00:00.002657', 'msg': '', 'invocation': {'module_args': {'_raw_params': 'find /home -xdev -type d ( -perm -0002 -a ! -perm -1000 )', '_uses_shell': False, 'expand_argument_vars': True, 'stdin_add_newline': True, 'strip_empty_ends': True, 'argv': None, 'chdir': None, 'executable': None, 'creates': None, 'removes': None, 'stdin': None}}, 'stdout_lines': [], 'stderr_lines': [], 'failed': False, 'item': '/home', 'ansible_loop_var': 'item'})
ok: [localhost] => (item={'changed': False, 'stdout': '', 'stderr': '', 'rc': 0, 'cmd': ['find', '/stigforge/generator', '-xdev', '-type', 'd', '(', '-perm', '-0002', '-a', '!', '-perm', '-1000', ')'], 'start': '2026-07-26 14:00:35.242522', 'end': '2026-07-26 14:00:35.245286', 'delta': '0:00:00.002764', 'msg': '', 'invocation': {'module_args': {'_raw_params': 'find /stigforge/generator -xdev -type d ( -perm -0002 -a ! -perm -1000 )', '_uses_shell': False, 'expand_argument_vars': True, 'stdin_add_newline': True, 'strip_empty_ends': True, 'argv': None, 'chdir': None, 'executable': None, 'creates': None, 'removes': None, 'stdin': None}}, 'stdout_lines': [], 'stderr_lines': [], 'failed': False, 'item': '/stigforge/generator', 'ansible_loop_var': 'item'})
ok: [localhost] => (item={'changed': False, 'stdout': '', 'stderr': '', 'rc': 0, 'cmd': ['find', '/stigforge/pyproject.toml', '-xdev', '-type', 'd', '(', '-perm', '-0002', '-a', '!', '-perm', '-1000', ')'], 'start': '2026-07-26 14:00:35.374125', 'end': '2026-07-26 14:00:35.376796', 'delta': '0:00:00.002671', 'msg': '', 'invocation': {'module_args': {'_raw_params': 'find /stigforge/pyproject.toml -xdev -type d ( -perm -0002 -a ! -perm -1000 )', '_uses_shell': False, 'expand_argument_vars': True, 'stdin_add_newline': True, 'strip_empty_ends': True, 'argv': None, 'chdir': None, 'executable': None, 'creates': None, 'removes': None, 'stdin': None}}, 'stdout_lines': [], 'stderr_lines': [], 'failed': False, 'item': '/stigforge/pyproject.toml', 'ansible_loop_var': 'item'})
ok: [localhost] => (item={'changed': False, 'stdout': '', 'stderr': '', 'rc': 0, 'cmd': ['find', '/mnt', '-xdev', '-type', 'd', '(', '-perm', '-0002', '-a', '!', '-perm', '-1000', ')'], 'start': '2026-07-26 14:00:35.506046', 'end': '2026-07-26 14:00:35.508754', 'delta': '0:00:00.002708', 'msg': '', 'invocation': {'module_args': {'_raw_params': 'find /mnt -xdev -type d ( -perm -0002 -a ! -perm -1000 )', '_uses_shell': False, 'expand_argument_vars': True, 'stdin_add_newline': True, 'strip_empty_ends': True, 'argv': None, 'chdir': None, 'executable': None, 'creates': None, 'removes': None, 'stdin': None}}, 'stdout_lines': [], 'stderr_lines': [], 'failed': False, 'item': '/mnt', 'ansible_loop_var': 'item'})
ok: [localhost] => (item={'changed': False, 'stdout': '', 'stderr': '', 'rc': 0, 'cmd': ['find', '/afs', '-xdev', '-type', 'd', '(', '-perm', '-0002', '-a', '!', '-perm', '-1000', ')'], 'start': '2026-07-26 14:00:35.648125', 'end': '2026-07-26 14:00:35.651043', 'delta': '0:00:00.002918', 'msg': '', 'invocation': {'module_args': {'_raw_params': 'find /afs -xdev -type d ( -perm -0002 -a ! -perm -1000 )', '_uses_shell': False, 'expand_argument_vars': True, 'stdin_add_newline': True, 'strip_empty_ends': True, 'argv': None, 'chdir': None, 'executable': None, 'creates': None, 'removes': None, 'stdin': None}}, 'stdout_lines': [], 'stderr_lines': [], 'failed': False, 'item': '/afs', 'ansible_loop_var': 'item'})
ok: [localhost] => (item={'changed': False, 'stdout': '', 'stderr': '', 'rc': 0, 'cmd': ['find', '/etc/hosts', '-xdev', '-type', 'd', '(', '-perm', '-0002', '-a', '!', '-perm', '-1000', ')'], 'start': '2026-07-26 14:00:35.779756', 'end': '2026-07-26 14:00:35.782602', 'delta': '0:00:00.002846', 'msg': '', 'invocation': {'module_args': {'_raw_params': 'find /etc/hosts -xdev -type d ( -perm -0002 -a ! -perm -1000 )', '_uses_shell': False, 'expand_argument_vars': True, 'stdin_add_newline': True, 'strip_empty_ends': True, 'argv': None, 'chdir': None, 'executable': None, 'creates': None, 'removes': None, 'stdin': None}}, 'stdout_lines': [], 'stderr_lines': [], 'failed': False, 'item': '/etc/hosts', 'ansible_loop_var': 'item'})
ok: [localhost] => (item={'changed': False, 'stdout': '', 'stderr': '', 'rc': 0, 'cmd': ['find', '/etc', '-xdev', '-type', 'd', '(', '-perm', '-0002', '-a', '!', '-perm', '-1000', ')'], 'start': '2026-07-26 14:00:35.913496', 'end': '2026-07-26 14:00:35.917702', 'delta': '0:00:00.004206', 'msg': '', 'invocation': {'module_args': {'_raw_params': 'find /etc -xdev -type d ( -perm -0002 -a ! -perm -1000 )', '_uses_shell': False, 'expand_argument_vars': True, 'stdin_add_newline': True, 'strip_empty_ends': True, 'argv': None, 'chdir': None, 'executable': None, 'creates': None, 'removes': None, 'stdin': None}}, 'stdout_lines': [], 'stderr_lines': [], 'failed': False, 'item': '/etc', 'ansible_loop_var': 'item'})
ok: [localhost] => (item={'changed': False, 'stdout': '', 'stderr': '', 'rc': 0, 'cmd': ['find', '/etc/resolv.conf', '-xdev', '-type', 'd', '(', '-perm', '-0002', '-a', '!', '-perm', '-1000', ')'], 'start': '2026-07-26 14:00:36.046371', 'end': '2026-07-26 14:00:36.049008', 'delta': '0:00:00.002637', 'msg': '', 'invocation': {'module_args': {'_raw_params': 'find /etc/resolv.conf -xdev -type d ( -perm -0002 -a ! -perm -1000 )', '_uses_shell': False, 'expand_argument_vars': True, 'stdin_add_newline': True, 'strip_empty_ends': True, 'argv': None, 'chdir': None, 'executable': None, 'creates': None, 'removes': None, 'stdin': None}}, 'stdout_lines': [], 'stderr_lines': [], 'failed': False, 'item': '/etc/resolv.conf', 'ansible_loop_var': 'item'})
ok: [localhost] => (item={'changed': False, 'stdout': '', 'stderr': '', 'rc': 0, 'cmd': ['find', '/var', '-xdev', '-type', 'd', '(', '-perm', '-0002', '-a', '!', '-perm', '-1000', ')'], 'start': '2026-07-26 14:00:36.179204', 'end': '2026-07-26 14:00:36.182893', 'delta': '0:00:00.003689', 'msg': '', 'invocation': {'module_args': {'_raw_params': 'find /var -xdev -type d ( -perm -0002 -a ! -perm -1000 )', '_uses_shell': False, 'expand_argument_vars': True, 'stdin_add_newline': True, 'strip_empty_ends': True, 'argv': None, 'chdir': None, 'executable': None, 'creates': None, 'removes': None, 'stdin': None}}, 'stdout_lines': [], 'stderr_lines': [], 'failed': False, 'item': '/var', 'ansible_loop_var': 'item'})
ok: [localhost] => (item={'changed': False, 'stdout': '', 'stderr': '', 'rc': 0, 'cmd': ['find', '/usr', '-xdev', '-type', 'd', '(', '-perm', '-0002', '-a', '!', '-perm', '-1000', ')'], 'start': '2026-07-26 14:00:36.311853', 'end': '2026-07-26 14:00:36.353290', 'delta': '0:00:00.041437', 'msg': '', 'invocation': {'module_args': {'_raw_params': 'find /usr -xdev -type d ( -perm -0002 -a ! -perm -1000 )', '_uses_shell': False, 'expand_argument_vars': True, 'stdin_add_newline': True, 'strip_empty_ends': True, 'argv': None, 'chdir': None, 'executable': None, 'creates': None, 'removes': None, 'stdin': None}}, 'stdout_lines': [], 'stderr_lines': [], 'failed': False, 'item': '/usr', 'ansible_loop_var': 'item'})
ok: [localhost] => (item={'changed': False, 'stdout': '', 'stderr': '', 'rc': 0, 'cmd': ['find', '/stigforge/roles', '-xdev', '-type', 'd', '(', '-perm', '-0002', '-a', '!', '-perm', '-1000', ')'], 'start': '2026-07-26 14:00:36.483885', 'end': '2026-07-26 14:00:36.486900', 'delta': '0:00:00.003015', 'msg': '', 'invocation': {'module_args': {'_raw_params': 'find /stigforge/roles -xdev -type d ( -perm -0002 -a ! -perm -1000 )', '_uses_shell': False, 'expand_argument_vars': True, 'stdin_add_newline': True, 'strip_empty_ends': True, 'argv': None, 'chdir': None, 'executable': None, 'creates': None, 'removes': None, 'stdin': None}}, 'stdout_lines': [], 'stderr_lines': [], 'failed': False, 'item': '/stigforge/roles', 'ansible_loop_var': 'item'})
ok: [localhost] => (item={'changed': False, 'stdout': '', 'stderr': '', 'rc': 0, 'cmd': ['find', '/etc/hostname', '-xdev', '-type', 'd', '(', '-perm', '-0002', '-a', '!', '-perm', '-1000', ')'], 'start': '2026-07-26 14:00:36.616042', 'end': '2026-07-26 14:00:36.618918', 'delta': '0:00:00.002876', 'msg': '', 'invocation': {'module_args': {'_raw_params': 'find /etc/hostname -xdev -type d ( -perm -0002 -a ! -perm -1000 )', '_uses_shell': False, 'expand_argument_vars': True, 'stdin_add_newline': True, 'strip_empty_ends': True, 'argv': None, 'chdir': None, 'executable': None, 'creates': None, 'removes': None, 'stdin': None}}, 'stdout_lines': [], 'stderr_lines': [], 'failed': False, 'item': '/etc/hostname', 'ansible_loop_var': 'item'})

TASK [/stigforge/roles/rhel9_stig : Verify that All World-Writable Directories Have Sticky Bits Set - Ensure Sticky Bit is Set on Local World Writable Directories] ***
skipping: [localhost]

TASK [/stigforge/roles/rhel9_stig : List /etc/sysctl.d/*.conf files] ***********
skipping: [localhost]

TASK [/stigforge/roles/rhel9_stig : Comment out any occurrences of fs.protected_hardlinks from config files] ***
skipping: [localhost]

TASK [/stigforge/roles/rhel9_stig : Ensure sysctl fs.protected_hardlinks is set to 1] ***
skipping: [localhost]

TASK [/stigforge/roles/rhel9_stig : List /etc/sysctl.d/*.conf files] ***********
skipping: [localhost]

TASK [/stigforge/roles/rhel9_stig : Comment out any occurrences of fs.protected_symlinks from config files] ***
skipping: [localhost]

TASK [/stigforge/roles/rhel9_stig : Ensure sysctl fs.protected_symlinks is set to 1] ***
skipping: [localhost]

TASK [/stigforge/roles/rhel9_stig : Set the file_groupowner_backup_etc_group_newgroup variable if represented by gid] ***
ok: [localhost]

TASK [/stigforge/roles/rhel9_stig : Test for existence /etc/group-] ************
ok: [localhost]

TASK [/stigforge/roles/rhel9_stig : Ensure group owner on /etc/group-] *********
ok: [localhost]

TASK [/stigforge/roles/rhel9_stig : Set the file_groupowner_backup_etc_gshadow_newgroup variable if represented by gid] ***
ok: [localhost]

TASK [/stigforge/roles/rhel9_stig : Test for existence /etc/gshadow-] **********
ok: [localhost]

TASK [/stigforge/roles/rhel9_stig : Ensure group owner on /etc/gshadow-] *******
ok: [localhost]

TASK [/stigforge/roles/rhel9_stig : Set the file_groupowner_backup_etc_passwd_newgroup variable if represented by gid] ***
ok: [localhost]

TASK [/stigforge/roles/rhel9_stig : Test for existence /etc/passwd-] ***********
ok: [localhost]

TASK [/stigforge/roles/rhel9_stig : Ensure group owner on /etc/passwd-] ********
ok: [localhost]

TASK [/stigforge/roles/rhel9_stig : Set the file_groupowner_backup_etc_shadow_newgroup variable if represented by gid] ***
ok: [localhost]

TASK [/stigforge/roles/rhel9_stig : Test for existence /etc/shadow-] ***********
ok: [localhost]

TASK [/stigforge/roles/rhel9_stig : Ensure group owner on /etc/shadow-] ********
ok: [localhost]

TASK [/stigforge/roles/rhel9_stig : Set the file_groupowner_etc_group_newgroup variable if represented by gid] ***
ok: [localhost]

TASK [/stigforge/roles/rhel9_stig : Test for existence /etc/group] *************
ok: [localhost]

TASK [/stigforge/roles/rhel9_stig : Ensure group owner on /etc/group] **********
ok: [localhost]

TASK [/stigforge/roles/rhel9_stig : Set the file_groupowner_etc_gshadow_newgroup variable if represented by gid] ***
ok: [localhost]

TASK [/stigforge/roles/rhel9_stig : Test for existence /etc/gshadow] ***********
ok: [localhost]

TASK [/stigforge/roles/rhel9_stig : Ensure group owner on /etc/gshadow] ********
ok: [localhost]

TASK [/stigforge/roles/rhel9_stig : Set the file_groupowner_etc_passwd_newgroup variable if represented by gid] ***
ok: [localhost]

TASK [/stigforge/roles/rhel9_stig : Test for existence /etc/passwd] ************
ok: [localhost]

TASK [/stigforge/roles/rhel9_stig : Ensure group owner on /etc/passwd] *********
ok: [localhost]

TASK [/stigforge/roles/rhel9_stig : Set the file_groupowner_etc_shadow_newgroup variable if represented by gid] ***
ok: [localhost]

TASK [/stigforge/roles/rhel9_stig : Test for existence /etc/shadow] ************
ok: [localhost]

TASK [/stigforge/roles/rhel9_stig : Ensure group owner on /etc/shadow] *********
ok: [localhost]

TASK [/stigforge/roles/rhel9_stig : Set the file_owner_backup_etc_group_newown variable if represented by uid] ***
ok: [localhost]

TASK [/stigforge/roles/rhel9_stig : Test for existence /etc/group-] ************
ok: [localhost]

TASK [/stigforge/roles/rhel9_stig : Ensure owner on /etc/group-] ***************
ok: [localhost]

TASK [/stigforge/roles/rhel9_stig : Set the file_owner_backup_etc_gshadow_newown variable if represented by uid] ***
ok: [localhost]

TASK [/stigforge/roles/rhel9_stig : Test for existence /etc/gshadow-] **********
ok: [localhost]

TASK [/stigforge/roles/rhel9_stig : Ensure owner on /etc/gshadow-] *************
ok: [localhost]

TASK [/stigforge/roles/rhel9_stig : Set the file_owner_backup_etc_passwd_newown variable if represented by uid] ***
ok: [localhost]

TASK [/stigforge/roles/rhel9_stig : Test for existence /etc/passwd-] ***********
ok: [localhost]

TASK [/stigforge/roles/rhel9_stig : Ensure owner on /etc/passwd-] **************
ok: [localhost]

TASK [/stigforge/roles/rhel9_stig : Set the file_owner_backup_etc_shadow_newown variable if represented by uid] ***
ok: [localhost]

TASK [/stigforge/roles/rhel9_stig : Test for existence /etc/shadow-] ***********
ok: [localhost]

TASK [/stigforge/roles/rhel9_stig : Ensure owner on /etc/shadow-] **************
ok: [localhost]

TASK [/stigforge/roles/rhel9_stig : Set the file_owner_etc_group_newown variable if represented by uid] ***
ok: [localhost]

TASK [/stigforge/roles/rhel9_stig : Test for existence /etc/group] *************
ok: [localhost]

TASK [/stigforge/roles/rhel9_stig : Ensure owner on /etc/group] ****************
ok: [localhost]

TASK [/stigforge/roles/rhel9_stig : Set the file_owner_etc_gshadow_newown variable if represented by uid] ***
ok: [localhost]

TASK [/stigforge/roles/rhel9_stig : Test for existence /etc/gshadow] ***********
ok: [localhost]

TASK [/stigforge/roles/rhel9_stig : Ensure owner on /etc/gshadow] **************
ok: [localhost]

TASK [/stigforge/roles/rhel9_stig : Set the file_owner_etc_passwd_newown variable if represented by uid] ***
ok: [localhost]

TASK [/stigforge/roles/rhel9_stig : Test for existence /etc/passwd] ************
ok: [localhost]

TASK [/stigforge/roles/rhel9_stig : Ensure owner on /etc/passwd] ***************
ok: [localhost]

TASK [/stigforge/roles/rhel9_stig : Set the file_owner_etc_shadow_newown variable if represented by uid] ***
ok: [localhost]

TASK [/stigforge/roles/rhel9_stig : Test for existence /etc/shadow] ************
ok: [localhost]

TASK [/stigforge/roles/rhel9_stig : Ensure owner on /etc/shadow] ***************
ok: [localhost]

TASK [/stigforge/roles/rhel9_stig : Test for existence /etc/group-] ************
ok: [localhost]

TASK [/stigforge/roles/rhel9_stig : Ensure permission u-xs,g-xws,o-xwt on /etc/group-] ***
ok: [localhost]

TASK [/stigforge/roles/rhel9_stig : Test for existence /etc/gshadow-] **********
ok: [localhost]

TASK [/stigforge/roles/rhel9_stig : Ensure permission u-xwrs,g-xwrs,o-xwrt on /etc/gshadow-] ***
ok: [localhost]

TASK [/stigforge/roles/rhel9_stig : Test for existence /etc/passwd-] ***********
ok: [localhost]

TASK [/stigforge/roles/rhel9_stig : Ensure permission u-xs,g-xws,o-xwt on /etc/passwd-] ***
ok: [localhost]

TASK [/stigforge/roles/rhel9_stig : Test for existence /etc/shadow-] ***********
ok: [localhost]

TASK [/stigforge/roles/rhel9_stig : Ensure permission u-xwrs,g-xwrs,o-xwrt on /etc/shadow-] ***
ok: [localhost]

TASK [/stigforge/roles/rhel9_stig : Test for existence /etc/group] *************
ok: [localhost]

TASK [/stigforge/roles/rhel9_stig : Ensure permission u-xs,g-xws,o-xwt on /etc/group] ***
ok: [localhost]

TASK [/stigforge/roles/rhel9_stig : Test for existence /etc/gshadow] ***********
ok: [localhost]

TASK [/stigforge/roles/rhel9_stig : Ensure permission u-xwrs,g-xwrs,o-xwrt on /etc/gshadow] ***
ok: [localhost]

TASK [/stigforge/roles/rhel9_stig : Test for existence /etc/passwd] ************
ok: [localhost]

TASK [/stigforge/roles/rhel9_stig : Ensure permission u-xs,g-xws,o-xwt on /etc/passwd] ***
ok: [localhost]

TASK [/stigforge/roles/rhel9_stig : Test for existence /etc/shadow] ************
ok: [localhost]

TASK [/stigforge/roles/rhel9_stig : Ensure permission u-xwrs,g-xwrs,o-xwrt on /etc/shadow] ***
ok: [localhost]

TASK [/stigforge/roles/rhel9_stig : Set the file_groupowner_var_log_newgroup variable if represented by gid] ***
ok: [localhost]

TASK [/stigforge/roles/rhel9_stig : Ensure group owner on /var/log/] ***********
ok: [localhost]

TASK [/stigforge/roles/rhel9_stig : Set the file_groupowner_var_log_messages_newgroup variable if represented by gid] ***
ok: [localhost]

TASK [/stigforge/roles/rhel9_stig : Test for existence /var/log/messages] ******
ok: [localhost]

TASK [/stigforge/roles/rhel9_stig : Ensure group owner on /var/log/messages] ***
skipping: [localhost]

TASK [/stigforge/roles/rhel9_stig : Set the file_owner_var_log_newown variable if represented by uid] ***
ok: [localhost]

TASK [/stigforge/roles/rhel9_stig : Ensure owner on directory /var/log/] *******
ok: [localhost]

TASK [/stigforge/roles/rhel9_stig : Set the file_owner_var_log_messages_newown variable if represented by uid] ***
ok: [localhost]

TASK [/stigforge/roles/rhel9_stig : Test for existence /var/log/messages] ******
ok: [localhost]

TASK [/stigforge/roles/rhel9_stig : Ensure owner on /var/log/messages] *********
skipping: [localhost]

TASK [/stigforge/roles/rhel9_stig : Find /var/log/ file(s)] ********************
ok: [localhost]

TASK [/stigforge/roles/rhel9_stig : Set permissions for /var/log/ file(s)] *****
skipping: [localhost]

TASK [/stigforge/roles/rhel9_stig : Test for existence /var/log/messages] ******
ok: [localhost]

TASK [/stigforge/roles/rhel9_stig : Ensure permission u-xs,g-xwrs,o-xwrt on /var/log/messages] ***
skipping: [localhost]

TASK [/stigforge/roles/rhel9_stig : Set the dir_group_ownership_library_dirs_newgroup variable if represented by gid] ***
ok: [localhost]

TASK [/stigforge/roles/rhel9_stig : Ensure group owner on /lib/ recursively] ***
ok: [localhost]

TASK [/stigforge/roles/rhel9_stig : Ensure group owner on /lib64/ recursively] ***
ok: [localhost]

TASK [/stigforge/roles/rhel9_stig : Ensure group owner on /usr/lib/ recursively] ***
ok: [localhost]

TASK [/stigforge/roles/rhel9_stig : Ensure group owner on /usr/lib64/ recursively] ***
ok: [localhost]

TASK [/stigforge/roles/rhel9_stig : Set the dir_ownership_library_dirs_newown variable if represented by uid] ***
ok: [localhost]

TASK [/stigforge/roles/rhel9_stig : Ensure owner on directory /lib/ recursively] ***
ok: [localhost]

TASK [/stigforge/roles/rhel9_stig : Ensure owner on directory /lib64/ recursively] ***
ok: [localhost]

TASK [/stigforge/roles/rhel9_stig : Ensure owner on directory /usr/lib/ recursively] ***
ok: [localhost]

TASK [/stigforge/roles/rhel9_stig : Ensure owner on directory /usr/lib64/ recursively] ***
ok: [localhost]

TASK [/stigforge/roles/rhel9_stig : Find /lib/ file(s) recursively] ************
ok: [localhost]

TASK [/stigforge/roles/rhel9_stig : Set permissions for /lib/ file(s)] *********
skipping: [localhost]

TASK [/stigforge/roles/rhel9_stig : Find /lib64/ file(s) recursively] **********
ok: [localhost]

TASK [/stigforge/roles/rhel9_stig : Set permissions for /lib64/ file(s)] *******
skipping: [localhost]

TASK [/stigforge/roles/rhel9_stig : Find /usr/lib/ file(s) recursively] ********
ok: [localhost]

TASK [/stigforge/roles/rhel9_stig : Set permissions for /usr/lib/ file(s)] *****
skipping: [localhost]

TASK [/stigforge/roles/rhel9_stig : Find /usr/lib64/ file(s) recursively] ******
ok: [localhost]

TASK [/stigforge/roles/rhel9_stig : Set permissions for /usr/lib64/ file(s)] ***
skipping: [localhost]

TASK [/stigforge/roles/rhel9_stig : Retrieve the system command files and set their group ownership to root] ***
ok: [localhost] => (item=/bin)
ok: [localhost] => (item=/sbin)
ok: [localhost] => (item=/usr/bin)
ok: [localhost] => (item=/usr/sbin)
ok: [localhost] => (item=/usr/local/bin)
ok: [localhost] => (item=/usr/local/sbin)

TASK [/stigforge/roles/rhel9_stig : Read list of system executables without root ownership] ***
ok: [localhost]

TASK [/stigforge/roles/rhel9_stig : Set ownership to root of system executables] ***
skipping: [localhost]

TASK [/stigforge/roles/rhel9_stig : Set the file_ownership_library_dirs_newown variable if represented by uid] ***
ok: [localhost]

TASK [/stigforge/roles/rhel9_stig : Find /lib/ file(s) matching ^.*$ recursively] ***
ok: [localhost]

TASK [/stigforge/roles/rhel9_stig : Ensure owner on /lib/ file(s) matching ^.*$] ***
skipping: [localhost]

TASK [/stigforge/roles/rhel9_stig : Find /lib64/ file(s) matching ^.*$ recursively] ***
ok: [localhost]

TASK [/stigforge/roles/rhel9_stig : Ensure owner on /lib64/ file(s) matching ^.*$] ***
skipping: [localhost]

TASK [/stigforge/roles/rhel9_stig : Find /usr/lib/ file(s) matching ^.*$ recursively] ***
ok: [localhost]

TASK [/stigforge/roles/rhel9_stig : Ensure owner on /usr/lib/ file(s) matching ^.*$] ***
skipping: [localhost]

TASK [/stigforge/roles/rhel9_stig : Find /usr/lib64/ file(s) matching ^.*$ recursively] ***
ok: [localhost]

TASK [/stigforge/roles/rhel9_stig : Ensure owner on /usr/lib64/ file(s) matching ^.*$] ***
skipping: [localhost]

TASK [/stigforge/roles/rhel9_stig : Read list of world and group writable system executables] ***
ok: [localhost]

TASK [/stigforge/roles/rhel9_stig : Remove world/group writability of system executables] ***
skipping: [localhost]

TASK [/stigforge/roles/rhel9_stig : Find /lib/ file(s) recursively] ************
ok: [localhost]

TASK [/stigforge/roles/rhel9_stig : Set permissions for /lib/ file(s)] *********
skipping: [localhost]

TASK [/stigforge/roles/rhel9_stig : Find /lib64/ file(s) recursively] **********
ok: [localhost]

TASK [/stigforge/roles/rhel9_stig : Set permissions for /lib64/ file(s)] *******
skipping: [localhost]

TASK [/stigforge/roles/rhel9_stig : Find /usr/lib/ file(s) recursively] ********
ok: [localhost]

TASK [/stigforge/roles/rhel9_stig : Set permissions for /usr/lib/ file(s)] *****
skipping: [localhost]

TASK [/stigforge/roles/rhel9_stig : Find /usr/lib64/ file(s) recursively] ******
ok: [localhost]

TASK [/stigforge/roles/rhel9_stig : Set permissions for /usr/lib64/ file(s)] ***
skipping: [localhost]

TASK [/stigforge/roles/rhel9_stig : Set the root_permissions_syslibrary_files_newgroup variable if represented by gid] ***
ok: [localhost]

TASK [/stigforge/roles/rhel9_stig : Find /lib/ file(s) matching ^.*$ recursively] ***
ok: [localhost]

TASK [/stigforge/roles/rhel9_stig : Ensure group owner on /lib/ file(s) matching ^.*$] ***
skipping: [localhost]

TASK [/stigforge/roles/rhel9_stig : Find /lib64/ file(s) matching ^.*$ recursively] ***
ok: [localhost]

TASK [/stigforge/roles/rhel9_stig : Ensure group owner on /lib64/ file(s) matching ^.*$] ***
skipping: [localhost]

TASK [/stigforge/roles/rhel9_stig : Find /usr/lib/ file(s) matching ^.*$ recursively] ***
ok: [localhost]

TASK [/stigforge/roles/rhel9_stig : Ensure group owner on /usr/lib/ file(s) matching ^.*$] ***
skipping: [localhost]

TASK [/stigforge/roles/rhel9_stig : Find /usr/lib64/ file(s) matching ^.*$ recursively] ***
ok: [localhost]

TASK [/stigforge/roles/rhel9_stig : Ensure group owner on /usr/lib64/ file(s) matching ^.*$] ***
skipping: [localhost]

TASK [/stigforge/roles/rhel9_stig : Ensure rootfiles tmpfile.d is Configured Correctly - Find configation files] ***
ok: [localhost]

TASK [/stigforge/roles/rhel9_stig : Ensure rootfiles tmpfile.d is Configured Correctly - Remove existing configuration] ***
skipping: [localhost]

TASK [/stigforge/roles/rhel9_stig : Ensure rootfiles tmpfile.d is Configured Correctly] ***
changed: [localhost]

TASK [/stigforge/roles/rhel9_stig : Ensure rootfiles tmpfile.d is Configured Correctly - Find configation files] ***
ok: [localhost]

TASK [/stigforge/roles/rhel9_stig : Ensure rootfiles tmpfile.d is Configured Correctly - Remove existing configuration] ***
ok: [localhost] => (item={'path': '/etc/tmpfiles.d/rootfiles.conf', 'mode': '0644', 'isdir': False, 'ischr': False, 'isblk': False, 'isreg': True, 'isfifo': False, 'islnk': False, 'issock': False, 'uid': 0, 'gid': 0, 'size': 71, 'inode': 4766510, 'dev': 50, 'nlink': 1, 'atime': 1785074452.3040085, 'mtime': 1785074452.3050084, 'ctime': 1785074452.3050084, 'gr_name': 'root', 'pw_name': 'root', 'wusr': True, 'rusr': True, 'xusr': False, 'wgrp': False, 'rgrp': True, 'xgrp': False, 'woth': False, 'roth': True, 'xoth': False, 'isuid': False, 'isgid': False})

TASK [/stigforge/roles/rhel9_stig : Ensure rootfiles tmpfile.d is Configured Correctly] ***
changed: [localhost]

TASK [/stigforge/roles/rhel9_stig : Ensure rootfiles tmpfile.d is Configured Correctly - Find configation files] ***
ok: [localhost]

TASK [/stigforge/roles/rhel9_stig : Ensure rootfiles tmpfile.d is Configured Correctly - Remove existing configuration] ***
ok: [localhost] => (item={'path': '/etc/tmpfiles.d/rootfiles.conf', 'mode': '0644', 'isdir': False, 'ischr': False, 'isblk': False, 'isreg': True, 'isfifo': False, 'islnk': False, 'issock': False, 'uid': 0, 'gid': 0, 'size': 144, 'inode': 4766512, 'dev': 50, 'nlink': 1, 'atime': 1785074452.78535, 'mtime': 1785074452.7853503, 'ctime': 1785074452.7849874, 'gr_name': 'root', 'pw_name': 'root', 'wusr': True, 'rusr': True, 'xusr': False, 'wgrp': False, 'rgrp': True, 'xgrp': False, 'woth': False, 'roth': True, 'xoth': False, 'isuid': False, 'isgid': False})

TASK [/stigforge/roles/rhel9_stig : Ensure rootfiles tmpfile.d is Configured Correctly] ***
changed: [localhost]

TASK [/stigforge/roles/rhel9_stig : Ensure rootfiles tmpfile.d is Configured Correctly - Find configation files] ***
ok: [localhost]

TASK [/stigforge/roles/rhel9_stig : Ensure rootfiles tmpfile.d is Configured Correctly - Remove existing configuration] ***
ok: [localhost] => (item={'path': '/etc/tmpfiles.d/rootfiles.conf', 'mode': '0644', 'isdir': False, 'ischr': False, 'isblk': False, 'isreg': True, 'isfifo': False, 'islnk': False, 'issock': False, 'uid': 0, 'gid': 0, 'size': 205, 'inode': 4766510, 'dev': 50, 'nlink': 1, 'atime': 1785074453.322507, 'mtime': 1785074453.3225074, 'ctime': 1785074453.322425, 'gr_name': 'root', 'pw_name': 'root', 'wusr': True, 'rusr': True, 'xusr': False, 'wgrp': False, 'rgrp': True, 'xgrp': False, 'woth': False, 'roth': True, 'xoth': False, 'isuid': False, 'isgid': False})

TASK [/stigforge/roles/rhel9_stig : Ensure rootfiles tmpfile.d is Configured Correctly] ***
changed: [localhost]

TASK [/stigforge/roles/rhel9_stig : Ensure rootfiles tmpfile.d is Configured Correctly - Find configation files] ***
ok: [localhost]

TASK [/stigforge/roles/rhel9_stig : Ensure rootfiles tmpfile.d is Configured Correctly - Remove existing configuration] ***
ok: [localhost] => (item={'path': '/etc/tmpfiles.d/rootfiles.conf', 'mode': '0644', 'isdir': False, 'ischr': False, 'isblk': False, 'isreg': True, 'isfifo': False, 'islnk': False, 'issock': False, 'uid': 0, 'gid': 0, 'size': 264, 'inode': 4766512, 'dev': 50, 'nlink': 1, 'atime': 1785074453.792533, 'mtime': 1785074453.792533, 'ctime': 1785074453.7924514, 'gr_name': 'root', 'pw_name': 'root', 'wusr': True, 'rusr': True, 'xusr': False, 'wgrp': False, 'rgrp': True, 'xgrp': False, 'woth': False, 'roth': True, 'xoth': False, 'isuid': False, 'isgid': False})

TASK [/stigforge/roles/rhel9_stig : Ensure rootfiles tmpfile.d is Configured Correctly] ***
changed: [localhost]

TASK [/stigforge/roles/rhel9_stig : Ensure kernel module 'cramfs' is disabled] ***
skipping: [localhost]

TASK [/stigforge/roles/rhel9_stig : Ensure kernel module 'cramfs' is blacklisted] ***
skipping: [localhost]

TASK [/stigforge/roles/rhel9_stig : Ensure kernel module 'usb-storage' is disabled] ***
skipping: [localhost]

TASK [/stigforge/roles/rhel9_stig : Ensure kernel module 'usb-storage' is blacklisted] ***
skipping: [localhost]

TASK [/stigforge/roles/rhel9_stig : Add nosuid Option to /boot/efi: Check information associated to mountpoint] ***
skipping: [localhost]

TASK [/stigforge/roles/rhel9_stig : Add nosuid Option to /boot/efi: Create mount_info dictionary variable] ***
skipping: [localhost]

TASK [/stigforge/roles/rhel9_stig : Add nosuid Option to /boot/efi: If /boot/efi not mounted, craft mount_info manually] ***
skipping: [localhost] => (item=['target', '/boot/efi']) 
skipping: [localhost] => (item=['source', '']) 
skipping: [localhost] => (item=['fstype', '']) 
skipping: [localhost] => (item=['options', 'defaults']) 
skipping: [localhost]

TASK [/stigforge/roles/rhel9_stig : Add nosuid Option to /boot/efi: Make sure nosuid option is part of the to /boot/efi options] ***
skipping: [localhost]

TASK [/stigforge/roles/rhel9_stig : Add nosuid Option to /boot/efi: Ensure /boot/efi is mounted with nosuid option] ***
skipping: [localhost]

TASK [/stigforge/roles/rhel9_stig : Add nodev Option to /boot: Check information associated to mountpoint] ***
skipping: [localhost]

TASK [/stigforge/roles/rhel9_stig : Add nodev Option to /boot: Create mount_info dictionary variable] ***
skipping: [localhost]

TASK [/stigforge/roles/rhel9_stig : Add nodev Option to /boot: If /boot not mounted, craft mount_info manually] ***
skipping: [localhost] => (item=['target', '/boot']) 
skipping: [localhost] => (item=['source', '']) 
skipping: [localhost] => (item=['fstype', '']) 
skipping: [localhost] => (item=['options', 'defaults']) 
skipping: [localhost]

TASK [/stigforge/roles/rhel9_stig : Add nodev Option to /boot: Make sure nodev option is part of the to /boot options] ***
skipping: [localhost]

TASK [/stigforge/roles/rhel9_stig : Add nodev Option to /boot: Ensure /boot is mounted with nodev option] ***
skipping: [localhost]

TASK [/stigforge/roles/rhel9_stig : Add nosuid Option to /boot: Check information associated to mountpoint] ***
skipping: [localhost]

TASK [/stigforge/roles/rhel9_stig : Add nosuid Option to /boot: Create mount_info dictionary variable] ***
skipping: [localhost]

TASK [/stigforge/roles/rhel9_stig : Add nosuid Option to /boot: If /boot not mounted, craft mount_info manually] ***
skipping: [localhost] => (item=['target', '/boot']) 
skipping: [localhost] => (item=['source', '']) 
skipping: [localhost] => (item=['fstype', '']) 
skipping: [localhost] => (item=['options', 'defaults']) 
skipping: [localhost]

TASK [/stigforge/roles/rhel9_stig : Add nosuid Option to /boot: Make sure nosuid option is part of the to /boot options] ***
skipping: [localhost]

TASK [/stigforge/roles/rhel9_stig : Add nosuid Option to /boot: Ensure /boot is mounted with nosuid option] ***
skipping: [localhost]

TASK [/stigforge/roles/rhel9_stig : Add nodev Option to /dev/shm: Check information associated to mountpoint] ***
skipping: [localhost]

TASK [/stigforge/roles/rhel9_stig : Add nodev Option to /dev/shm: Create mount_info dictionary variable] ***
skipping: [localhost]

TASK [/stigforge/roles/rhel9_stig : Add nodev Option to /dev/shm: If /dev/shm not mounted, craft mount_info manually] ***
skipping: [localhost] => (item=['target', '/dev/shm']) 
skipping: [localhost] => (item=['source', 'tmpfs']) 
skipping: [localhost] => (item=['fstype', 'tmpfs']) 
skipping: [localhost] => (item=['options', 'defaults']) 
skipping: [localhost]

TASK [/stigforge/roles/rhel9_stig : Add nodev Option to /dev/shm: Make sure nodev option is part of the to /dev/shm options] ***
skipping: [localhost]

TASK [/stigforge/roles/rhel9_stig : Add nodev Option to /dev/shm: Ensure /dev/shm is mounted with nodev option] ***
skipping: [localhost]

TASK [/stigforge/roles/rhel9_stig : Add noexec Option to /dev/shm: Check information associated to mountpoint] ***
skipping: [localhost]

TASK [/stigforge/roles/rhel9_stig : Add noexec Option to /dev/shm: Create mount_info dictionary variable] ***
skipping: [localhost]

TASK [/stigforge/roles/rhel9_stig : Add noexec Option to /dev/shm: If /dev/shm not mounted, craft mount_info manually] ***
skipping: [localhost] => (item=['target', '/dev/shm']) 
skipping: [localhost] => (item=['source', 'tmpfs']) 
skipping: [localhost] => (item=['fstype', 'tmpfs']) 
skipping: [localhost] => (item=['options', 'defaults']) 
skipping: [localhost]

TASK [/stigforge/roles/rhel9_stig : Add noexec Option to /dev/shm: Make sure noexec option is part of the to /dev/shm options] ***
skipping: [localhost]

TASK [/stigforge/roles/rhel9_stig : Add noexec Option to /dev/shm: Ensure /dev/shm is mounted with noexec option] ***
skipping: [localhost]

TASK [/stigforge/roles/rhel9_stig : Add nosuid Option to /dev/shm: Check information associated to mountpoint] ***
skipping: [localhost]

TASK [/stigforge/roles/rhel9_stig : Add nosuid Option to /dev/shm: Create mount_info dictionary variable] ***
skipping: [localhost]

TASK [/stigforge/roles/rhel9_stig : Add nosuid Option to /dev/shm: If /dev/shm not mounted, craft mount_info manually] ***
skipping: [localhost] => (item=['target', '/dev/shm']) 
skipping: [localhost] => (item=['source', 'tmpfs']) 
skipping: [localhost] => (item=['fstype', 'tmpfs']) 
skipping: [localhost] => (item=['options', 'defaults']) 
skipping: [localhost]

TASK [/stigforge/roles/rhel9_stig : Add nosuid Option to /dev/shm: Make sure nosuid option is part of the to /dev/shm options] ***
skipping: [localhost]

TASK [/stigforge/roles/rhel9_stig : Add nosuid Option to /dev/shm: Ensure /dev/shm is mounted with nosuid option] ***
skipping: [localhost]

TASK [/stigforge/roles/rhel9_stig : Add nodev Option to /home: Check information associated to mountpoint] ***
skipping: [localhost]

TASK [/stigforge/roles/rhel9_stig : Add nodev Option to /home: Create mount_info dictionary variable] ***
skipping: [localhost]

TASK [/stigforge/roles/rhel9_stig : Add nodev Option to /home: If /home not mounted, craft mount_info manually] ***
skipping: [localhost] => (item=['target', '/home']) 
skipping: [localhost] => (item=['source', '']) 
skipping: [localhost] => (item=['fstype', '']) 
skipping: [localhost] => (item=['options', 'defaults']) 
skipping: [localhost]

TASK [/stigforge/roles/rhel9_stig : Add nodev Option to /home: Make sure nodev option is part of the to /home options] ***
skipping: [localhost]

TASK [/stigforge/roles/rhel9_stig : Add nodev Option to /home: Ensure /home is mounted with nodev option] ***
skipping: [localhost]

TASK [/stigforge/roles/rhel9_stig : Add noexec Option to /home: Check information associated to mountpoint] ***
skipping: [localhost]

TASK [/stigforge/roles/rhel9_stig : Add noexec Option to /home: Create mount_info dictionary variable] ***
skipping: [localhost]

TASK [/stigforge/roles/rhel9_stig : Add noexec Option to /home: If /home not mounted, craft mount_info manually] ***
skipping: [localhost] => (item=['target', '/home']) 
skipping: [localhost] => (item=['source', '']) 
skipping: [localhost] => (item=['fstype', '']) 
skipping: [localhost] => (item=['options', 'defaults']) 
skipping: [localhost]

TASK [/stigforge/roles/rhel9_stig : Add noexec Option to /home: Make sure noexec option is part of the to /home options] ***
skipping: [localhost]

TASK [/stigforge/roles/rhel9_stig : Add noexec Option to /home: Ensure /home is mounted with noexec option] ***
skipping: [localhost]

TASK [/stigforge/roles/rhel9_stig : Add nosuid Option to /home: Check information associated to mountpoint] ***
skipping: [localhost]

TASK [/stigforge/roles/rhel9_stig : Add nosuid Option to /home: Create mount_info dictionary variable] ***
skipping: [localhost]

TASK [/stigforge/roles/rhel9_stig : Add nosuid Option to /home: If /home not mounted, craft mount_info manually] ***
skipping: [localhost] => (item=['target', '/home']) 
skipping: [localhost] => (item=['source', '']) 
skipping: [localhost] => (item=['fstype', '']) 
skipping: [localhost] => (item=['options', 'defaults']) 
skipping: [localhost]

TASK [/stigforge/roles/rhel9_stig : Add nosuid Option to /home: Make sure nosuid option is part of the to /home options] ***
skipping: [localhost]

TASK [/stigforge/roles/rhel9_stig : Add nosuid Option to /home: Ensure /home is mounted with nosuid option] ***
skipping: [localhost]

TASK [/stigforge/roles/rhel9_stig : Add nodev Option to Non-Root Local Partitions: Refresh facts] ***
skipping: [localhost]

TASK [/stigforge/roles/rhel9_stig : Add nodev Option to Non-Root Local Partitions: Define excluded (non-local) file systems] ***
skipping: [localhost]

TASK [/stigforge/roles/rhel9_stig : Add nodev Option to Non-Root Local Partitions: Ensure non-root local partitions are mounted with nodev option] ***
skipping: [localhost] => (item={'mount': '/stigforge/pyproject.toml', 'device': '/dev/root', 'fstype': 'ext4', 'options': 'ro,relatime,discard,errors=remount-ro,commit=30,bind', 'dump': 0, 'passno': 0, 'size_total': 76887154688, 'size_available': 12813778944, 'block_size': 4096, 'block_total': 18771278, 'block_available': 3128364, 'block_used': 15642914, 'inode_total': 9699328, 'inode_available': 8615583, 'inode_used': 1083745, 'uuid': 'N/A'}) 
skipping: [localhost] => (item={'mount': '/stigforge/artifacts', 'device': '/dev/root', 'fstype': 'ext4', 'options': 'rw,relatime,discard,errors=remount-ro,commit=30,bind', 'dump': 0, 'passno': 0, 'size_total': 76887154688, 'size_available': 12813778944, 'block_size': 4096, 'block_total': 18771278, 'block_available': 3128364, 'block_used': 15642914, 'inode_total': 9699328, 'inode_available': 8615583, 'inode_used': 1083745, 'uuid': 'N/A'}) 
skipping: [localhost] => (item={'mount': '/stigforge/roles', 'device': '/dev/root', 'fstype': 'ext4', 'options': 'ro,relatime,discard,errors=remount-ro,commit=30,bind', 'dump': 0, 'passno': 0, 'size_total': 76887154688, 'size_available': 12813778944, 'block_size': 4096, 'block_total': 18771278, 'block_available': 3128364, 'block_used': 15642914, 'inode_total': 9699328, 'inode_available': 8615583, 'inode_used': 1083745, 'uuid': 'N/A'}) 
skipping: [localhost] => (item={'mount': '/stigforge/policy', 'device': '/dev/root', 'fstype': 'ext4', 'options': 'ro,relatime,discard,errors=remount-ro,commit=30,bind', 'dump': 0, 'passno': 0, 'size_total': 76887154688, 'size_available': 12813778944, 'block_size': 4096, 'block_total': 18771278, 'block_available': 3128364, 'block_used': 15642914, 'inode_total': 9699328, 'inode_available': 8615583, 'inode_used': 1083745, 'uuid': 'N/A'}) 
skipping: [localhost] => (item={'mount': '/stigforge/generator', 'device': '/dev/root', 'fstype': 'ext4', 'options': 'ro,relatime,discard,errors=remount-ro,commit=30,bind', 'dump': 0, 'passno': 0, 'size_total': 76887154688, 'size_available': 12813778944, 'block_size': 4096, 'block_total': 18771278, 'block_available': 3128364, 'block_used': 15642914, 'inode_total': 9699328, 'inode_available': 8615583, 'inode_used': 1083745, 'uuid': 'N/A'}) 
skipping: [localhost] => (item={'mount': '/etc/resolv.conf', 'device': '/dev/root', 'fstype': 'ext4', 'options': 'rw,relatime,discard,errors=remount-ro,commit=30,bind', 'dump': 0, 'passno': 0, 'size_total': 76887154688, 'size_available': 12813778944, 'block_size': 4096, 'block_total': 18771278, 'block_available': 3128364, 'block_used': 15642914, 'inode_total': 9699328, 'inode_available': 8615583, 'inode_used': 1083745, 'uuid': 'N/A'}) 
skipping: [localhost] => (item={'mount': '/etc/hostname', 'device': '/dev/root', 'fstype': 'ext4', 'options': 'rw,relatime,discard,errors=remount-ro,commit=30,bind', 'dump': 0, 'passno': 0, 'size_total': 76887154688, 'size_available': 12813778944, 'block_size': 4096, 'block_total': 18771278, 'block_available': 3128364, 'block_used': 15642914, 'inode_total': 9699328, 'inode_available': 8615583, 'inode_used': 1083745, 'uuid': 'N/A'}) 
skipping: [localhost] => (item={'mount': '/etc/hosts', 'device': '/dev/root', 'fstype': 'ext4', 'options': 'rw,relatime,discard,errors=remount-ro,commit=30,bind', 'dump': 0, 'passno': 0, 'size_total': 76887154688, 'size_available': 12813778944, 'block_size': 4096, 'block_total': 18771278, 'block_available': 3128364, 'block_used': 15642914, 'inode_total': 9699328, 'inode_available': 8615583, 'inode_used': 1083745, 'uuid': 'N/A'}) 
skipping: [localhost]

TASK [/stigforge/roles/rhel9_stig : Add nodev Option to Non-Root Local Partitions: Ensure non-root local partitions are present with nodev option in /etc/fstab] ***
skipping: [localhost]

TASK [/stigforge/roles/rhel9_stig : Ensure permission nodev are set on var_removable_partition] ***
skipping: [localhost]

TASK [/stigforge/roles/rhel9_stig : Ensure permission noexec are set on var_removable_partition] ***
skipping: [localhost]

TASK [/stigforge/roles/rhel9_stig : Ensure permission nosuid are set on var_removable_partition] ***
skipping: [localhost]

TASK [/stigforge/roles/rhel9_stig : Add nodev Option to /tmp: Check information associated to mountpoint] ***
skipping: [localhost]

TASK [/stigforge/roles/rhel9_stig : Add nodev Option to /tmp: Create mount_info dictionary variable] ***
skipping: [localhost]

TASK [/stigforge/roles/rhel9_stig : Add nodev Option to /tmp: If /tmp not mounted, craft mount_info manually] ***
skipping: [localhost] => (item=['target', '/tmp']) 
skipping: [localhost] => (item=['source', '']) 
skipping: [localhost] => (item=['fstype', '']) 
skipping: [localhost] => (item=['options', 'defaults']) 
skipping: [localhost]

TASK [/stigforge/roles/rhel9_stig : Add nodev Option to /tmp: Make sure nodev option is part of the to /tmp options] ***
skipping: [localhost]

TASK [/stigforge/roles/rhel9_stig : Add nodev Option to /tmp: Ensure /tmp is mounted with nodev option] ***
skipping: [localhost]

TASK [/stigforge/roles/rhel9_stig : Add noexec Option to /tmp: Check information associated to mountpoint] ***
skipping: [localhost]

TASK [/stigforge/roles/rhel9_stig : Add noexec Option to /tmp: Create mount_info dictionary variable] ***
skipping: [localhost]

TASK [/stigforge/roles/rhel9_stig : Add noexec Option to /tmp: If /tmp not mounted, craft mount_info manually] ***
skipping: [localhost] => (item=['target', '/tmp']) 
skipping: [localhost] => (item=['source', '']) 
skipping: [localhost] => (item=['fstype', '']) 
skipping: [localhost] => (item=['options', 'defaults']) 
skipping: [localhost]

TASK [/stigforge/roles/rhel9_stig : Add noexec Option to /tmp: Make sure noexec option is part of the to /tmp options] ***
skipping: [localhost]

TASK [/stigforge/roles/rhel9_stig : Add noexec Option to /tmp: Ensure /tmp is mounted with noexec option] ***
skipping: [localhost]

TASK [/stigforge/roles/rhel9_stig : Add nosuid Option to /tmp: Check information associated to mountpoint] ***
skipping: [localhost]

TASK [/stigforge/roles/rhel9_stig : Add nosuid Option to /tmp: Create mount_info dictionary variable] ***
skipping: [localhost]

TASK [/stigforge/roles/rhel9_stig : Add nosuid Option to /tmp: If /tmp not mounted, craft mount_info manually] ***
skipping: [localhost] => (item=['target', '/tmp']) 
skipping: [localhost] => (item=['source', '']) 
skipping: [localhost] => (item=['fstype', '']) 
skipping: [localhost] => (item=['options', 'defaults']) 
skipping: [localhost]

TASK [/stigforge/roles/rhel9_stig : Add nosuid Option to /tmp: Make sure nosuid option is part of the to /tmp options] ***
skipping: [localhost]

TASK [/stigforge/roles/rhel9_stig : Add nosuid Option to /tmp: Ensure /tmp is mounted with nosuid option] ***
skipping: [localhost]

TASK [/stigforge/roles/rhel9_stig : Add nodev Option to /var/log/audit: Check information associated to mountpoint] ***
skipping: [localhost]

TASK [/stigforge/roles/rhel9_stig : Add nodev Option to /var/log/audit: Create mount_info dictionary variable] ***
skipping: [localhost]

TASK [/stigforge/roles/rhel9_stig : Add nodev Option to /var/log/audit: If /var/log/audit not mounted, craft mount_info manually] ***
skipping: [localhost] => (item=['target', '/var/log/audit']) 
skipping: [localhost] => (item=['source', '']) 
skipping: [localhost] => (item=['fstype', '']) 
skipping: [localhost] => (item=['options', 'defaults']) 
skipping: [localhost]

TASK [/stigforge/roles/rhel9_stig : Add nodev Option to /var/log/audit: Make sure nodev option is part of the to /var/log/audit options] ***
skipping: [localhost]

TASK [/stigforge/roles/rhel9_stig : Add nodev Option to /var/log/audit: Ensure /var/log/audit is mounted with nodev option] ***
skipping: [localhost]

TASK [/stigforge/roles/rhel9_stig : Add noexec Option to /var/log/audit: Check information associated to mountpoint] ***
skipping: [localhost]

TASK [/stigforge/roles/rhel9_stig : Add noexec Option to /var/log/audit: Create mount_info dictionary variable] ***
skipping: [localhost]

TASK [/stigforge/roles/rhel9_stig : Add noexec Option to /var/log/audit: If /var/log/audit not mounted, craft mount_info manually] ***
skipping: [localhost] => (item=['target', '/var/log/audit']) 
skipping: [localhost] => (item=['source', '']) 
skipping: [localhost] => (item=['fstype', '']) 
skipping: [localhost] => (item=['options', 'defaults']) 
skipping: [localhost]

TASK [/stigforge/roles/rhel9_stig : Add noexec Option to /var/log/audit: Make sure noexec option is part of the to /var/log/audit options] ***
skipping: [localhost]

TASK [/stigforge/roles/rhel9_stig : Add noexec Option to /var/log/audit: Ensure /var/log/audit is mounted with noexec option] ***
skipping: [localhost]

TASK [/stigforge/roles/rhel9_stig : Add nosuid Option to /var/log/audit: Check information associated to mountpoint] ***
skipping: [localhost]

TASK [/stigforge/roles/rhel9_stig : Add nosuid Option to /var/log/audit: Create mount_info dictionary variable] ***
skipping: [localhost]

TASK [/stigforge/roles/rhel9_stig : Add nosuid Option to /var/log/audit: If /var/log/audit not mounted, craft mount_info manually] ***
skipping: [localhost] => (item=['target', '/var/log/audit']) 
skipping: [localhost] => (item=['source', '']) 
skipping: [localhost] => (item=['fstype', '']) 
skipping: [localhost] => (item=['options', 'defaults']) 
skipping: [localhost]

TASK [/stigforge/roles/rhel9_stig : Add nosuid Option to /var/log/audit: Make sure nosuid option is part of the to /var/log/audit options] ***
skipping: [localhost]

TASK [/stigforge/roles/rhel9_stig : Add nosuid Option to /var/log/audit: Ensure /var/log/audit is mounted with nosuid option] ***
skipping: [localhost]

TASK [/stigforge/roles/rhel9_stig : Add nodev Option to /var/log: Check information associated to mountpoint] ***
skipping: [localhost]

TASK [/stigforge/roles/rhel9_stig : Add nodev Option to /var/log: Create mount_info dictionary variable] ***
skipping: [localhost]

TASK [/stigforge/roles/rhel9_stig : Add nodev Option to /var/log: If /var/log not mounted, craft mount_info manually] ***
skipping: [localhost] => (item=['target', '/var/log']) 
skipping: [localhost] => (item=['source', '']) 
skipping: [localhost] => (item=['fstype', '']) 
skipping: [localhost] => (item=['options', 'defaults']) 
skipping: [localhost]

TASK [/stigforge/roles/rhel9_stig : Add nodev Option to /var/log: Make sure nodev option is part of the to /var/log options] ***
skipping: [localhost]

TASK [/stigforge/roles/rhel9_stig : Add nodev Option to /var/log: Ensure /var/log is mounted with nodev option] ***
skipping: [localhost]

TASK [/stigforge/roles/rhel9_stig : Add noexec Option to /var/log: Check information associated to mountpoint] ***
skipping: [localhost]

TASK [/stigforge/roles/rhel9_stig : Add noexec Option to /var/log: Create mount_info dictionary variable] ***
skipping: [localhost]

TASK [/stigforge/roles/rhel9_stig : Add noexec Option to /var/log: If /var/log not mounted, craft mount_info manually] ***
skipping: [localhost] => (item=['target', '/var/log']) 
skipping: [localhost] => (item=['source', '']) 
skipping: [localhost] => (item=['fstype', '']) 
skipping: [localhost] => (item=['options', 'defaults']) 
skipping: [localhost]

TASK [/stigforge/roles/rhel9_stig : Add noexec Option to /var/log: Make sure noexec option is part of the to /var/log options] ***
skipping: [localhost]

TASK [/stigforge/roles/rhel9_stig : Add noexec Option to /var/log: Ensure /var/log is mounted with noexec option] ***
skipping: [localhost]

TASK [/stigforge/roles/rhel9_stig : Add nosuid Option to /var/log: Check information associated to mountpoint] ***
skipping: [localhost]

TASK [/stigforge/roles/rhel9_stig : Add nosuid Option to /var/log: Create mount_info dictionary variable] ***
skipping: [localhost]

TASK [/stigforge/roles/rhel9_stig : Add nosuid Option to /var/log: If /var/log not mounted, craft mount_info manually] ***
skipping: [localhost] => (item=['target', '/var/log']) 
skipping: [localhost] => (item=['source', '']) 
skipping: [localhost] => (item=['fstype', '']) 
skipping: [localhost] => (item=['options', 'defaults']) 
skipping: [localhost]

TASK [/stigforge/roles/rhel9_stig : Add nosuid Option to /var/log: Make sure nosuid option is part of the to /var/log options] ***
skipping: [localhost]

TASK [/stigforge/roles/rhel9_stig : Add nosuid Option to /var/log: Ensure /var/log is mounted with nosuid option] ***
skipping: [localhost]

TASK [/stigforge/roles/rhel9_stig : Add nodev Option to /var: Check information associated to mountpoint] ***
skipping: [localhost]

TASK [/stigforge/roles/rhel9_stig : Add nodev Option to /var: Create mount_info dictionary variable] ***
skipping: [localhost]

TASK [/stigforge/roles/rhel9_stig : Add nodev Option to /var: If /var not mounted, craft mount_info manually] ***
skipping: [localhost] => (item=['target', '/var']) 
skipping: [localhost] => (item=['source', '']) 
skipping: [localhost] => (item=['fstype', '']) 
skipping: [localhost] => (item=['options', 'defaults']) 
skipping: [localhost]

TASK [/stigforge/roles/rhel9_stig : Add nodev Option to /var: Make sure nodev option is part of the to /var options] ***
skipping: [localhost]

TASK [/stigforge/roles/rhel9_stig : Add nodev Option to /var: Ensure /var is mounted with nodev option] ***
skipping: [localhost]

TASK [/stigforge/roles/rhel9_stig : Add nodev Option to /var/tmp: Check information associated to mountpoint] ***
skipping: [localhost]

TASK [/stigforge/roles/rhel9_stig : Add nodev Option to /var/tmp: Create mount_info dictionary variable] ***
skipping: [localhost]

TASK [/stigforge/roles/rhel9_stig : Add nodev Option to /var/tmp: If /var/tmp not mounted, craft mount_info manually] ***
skipping: [localhost] => (item=['target', '/var/tmp']) 
skipping: [localhost] => (item=['source', '']) 
skipping: [localhost] => (item=['fstype', '']) 
skipping: [localhost] => (item=['options', 'defaults']) 
skipping: [localhost]

TASK [/stigforge/roles/rhel9_stig : Add nodev Option to /var/tmp: Make sure nodev option is part of the to /var/tmp options] ***
skipping: [localhost]

TASK [/stigforge/roles/rhel9_stig : Add nodev Option to /var/tmp: Ensure /var/tmp is mounted with nodev option] ***
skipping: [localhost]

TASK [/stigforge/roles/rhel9_stig : Add noexec Option to /var/tmp: Check information associated to mountpoint] ***
skipping: [localhost]

TASK [/stigforge/roles/rhel9_stig : Add noexec Option to /var/tmp: Create mount_info dictionary variable] ***
skipping: [localhost]

TASK [/stigforge/roles/rhel9_stig : Add noexec Option to /var/tmp: If /var/tmp not mounted, craft mount_info manually] ***
skipping: [localhost] => (item=['target', '/var/tmp']) 
skipping: [localhost] => (item=['source', '']) 
skipping: [localhost] => (item=['fstype', '']) 
skipping: [localhost] => (item=['options', 'defaults']) 
skipping: [localhost]

TASK [/stigforge/roles/rhel9_stig : Add noexec Option to /var/tmp: Make sure noexec option is part of the to /var/tmp options] ***
skipping: [localhost]

TASK [/stigforge/roles/rhel9_stig : Add noexec Option to /var/tmp: Ensure /var/tmp is mounted with noexec option] ***
skipping: [localhost]

TASK [/stigforge/roles/rhel9_stig : Add nosuid Option to /var/tmp: Check information associated to mountpoint] ***
skipping: [localhost]

TASK [/stigforge/roles/rhel9_stig : Add nosuid Option to /var/tmp: Create mount_info dictionary variable] ***
skipping: [localhost]

TASK [/stigforge/roles/rhel9_stig : Add nosuid Option to /var/tmp: If /var/tmp not mounted, craft mount_info manually] ***
skipping: [localhost] => (item=['target', '/var/tmp']) 
skipping: [localhost] => (item=['source', '']) 
skipping: [localhost] => (item=['fstype', '']) 
skipping: [localhost] => (item=['options', 'defaults']) 
skipping: [localhost]

TASK [/stigforge/roles/rhel9_stig : Add nosuid Option to /var/tmp: Make sure nosuid option is part of the to /var/tmp options] ***
skipping: [localhost]

TASK [/stigforge/roles/rhel9_stig : Add nosuid Option to /var/tmp: Ensure /var/tmp is mounted with nosuid option] ***
skipping: [localhost]

TASK [/stigforge/roles/rhel9_stig : List /etc/sysctl.d/*.conf files] ***********
skipping: [localhost]

TASK [/stigforge/roles/rhel9_stig : Comment out any occurrences of kernel.core_pattern from config files] ***
skipping: [localhost]

TASK [/stigforge/roles/rhel9_stig : Ensure sysctl kernel.core_pattern is set to |/bin/false] ***
skipping: [localhost]

TASK [/stigforge/roles/rhel9_stig : List /etc/sysctl.d/*.conf files] ***********
skipping: [localhost]

TASK [/stigforge/roles/rhel9_stig : Comment out any occurrences of kernel.dmesg_restrict from config files] ***
skipping: [localhost]

TASK [/stigforge/roles/rhel9_stig : Ensure sysctl kernel.dmesg_restrict is set to 1] ***
skipping: [localhost]

TASK [/stigforge/roles/rhel9_stig : List /etc/sysctl.d/*.conf files] ***********
skipping: [localhost]

TASK [/stigforge/roles/rhel9_stig : Comment out any occurrences of kernel.kexec_load_disabled from config files] ***
skipping: [localhost]

TASK [/stigforge/roles/rhel9_stig : Ensure sysctl kernel.kexec_load_disabled is set to 1] ***
skipping: [localhost]

TASK [/stigforge/roles/rhel9_stig : List /etc/sysctl.d/*.conf files] ***********
skipping: [localhost]

TASK [/stigforge/roles/rhel9_stig : Comment out any occurrences of kernel.perf_event_paranoid from config files] ***
skipping: [localhost]

TASK [/stigforge/roles/rhel9_stig : Ensure sysctl kernel.perf_event_paranoid is set to 2] ***
skipping: [localhost]

TASK [/stigforge/roles/rhel9_stig : List /etc/sysctl.d/*.conf files] ***********
skipping: [localhost]

TASK [/stigforge/roles/rhel9_stig : Comment out any occurrences of kernel.unprivileged_bpf_disabled from config files] ***
skipping: [localhost]

TASK [/stigforge/roles/rhel9_stig : Ensure sysctl kernel.unprivileged_bpf_disabled is set to 1] ***
skipping: [localhost]

TASK [/stigforge/roles/rhel9_stig : List /etc/sysctl.d/*.conf files] ***********
skipping: [localhost]

TASK [/stigforge/roles/rhel9_stig : Comment out any occurrences of kernel.yama.ptrace_scope from config files] ***
skipping: [localhost]

TASK [/stigforge/roles/rhel9_stig : Ensure sysctl kernel.yama.ptrace_scope is set to 1] ***
skipping: [localhost]

TASK [/stigforge/roles/rhel9_stig : List /etc/sysctl.d/*.conf files] ***********
skipping: [localhost]

TASK [/stigforge/roles/rhel9_stig : Comment out any occurrences of net.core.bpf_jit_harden from config files] ***
skipping: [localhost]

TASK [/stigforge/roles/rhel9_stig : Ensure sysctl net.core.bpf_jit_harden is set to 2] ***
skipping: [localhost]

TASK [/stigforge/roles/rhel9_stig : Disable acquiring, saving, and processing core dumps - Collect systemd Socket Units Present in the System] ***
skipping: [localhost]

TASK [/stigforge/roles/rhel9_stig : Disable acquiring, saving, and processing core dumps - Ensure systemd-coredump.socket is Masked] ***
skipping: [localhost]

TASK [/stigforge/roles/rhel9_stig : Disable core dump backtraces - Search for a section in files] ***
[WARNING]: Skipped '/etc/systemd/coredump.conf.d' path due to this access
issue: '/etc/systemd/coredump.conf.d' is not a directory
ok: [localhost] => (item={'path': '/etc/systemd', 'pattern': 'coredump\\.conf'})
ok: [localhost] => (item={'path': '/etc/systemd/coredump.conf.d', 'pattern': '.*\\.conf'})

TASK [/stigforge/roles/rhel9_stig : Disable core dump backtraces - Count number of files which contain the correct section] ***
ok: [localhost]

TASK [/stigforge/roles/rhel9_stig : Disable core dump backtraces - Add missing configuration to correct section] ***
skipping: [localhost]

TASK [/stigforge/roles/rhel9_stig : Disable core dump backtraces - Add configuration to new remediation file] ***
changed: [localhost]

TASK [/stigforge/roles/rhel9_stig : Disable storing core dump - Search for a section in files] ***
ok: [localhost] => (item={'path': '/etc/systemd', 'pattern': 'coredump\\.conf'})
ok: [localhost] => (item={'path': '/etc/systemd/coredump.conf.d', 'pattern': '.*\\.conf'})

TASK [/stigforge/roles/rhel9_stig : Disable storing core dump - Count number of files which contain the correct section] ***
ok: [localhost]

TASK [/stigforge/roles/rhel9_stig : Disable storing core dump - Add missing configuration to correct section] ***
changed: [localhost] => (item=/etc/systemd/coredump.conf.d/complianceascode_hardening.conf)

TASK [/stigforge/roles/rhel9_stig : Disable storing core dump - Add configuration to new remediation file] ***
skipping: [localhost]

TASK [/stigforge/roles/rhel9_stig : Disable Core Dumps for All Users - Set dirs, files and regex variables] ***
ok: [localhost]

TASK [/stigforge/roles/rhel9_stig : Disable Core Dumps for All Users - Find valid drop-ins for core limit] ***
ok: [localhost]

TASK [/stigforge/roles/rhel9_stig : Disable Core Dumps for All Users - Find all drop-ins with any core limit] ***
ok: [localhost]

TASK [/stigforge/roles/rhel9_stig : Disable Core Dumps for All Users - Get invalid drop-ins] ***
ok: [localhost]

TASK [/stigforge/roles/rhel9_stig : Disable Core Dumps for All Users - Comment invalid * hard core lines in drop-ins] ***
skipping: [localhost]

TASK [/stigforge/roles/rhel9_stig : Disable Core Dumps for All Users - Check if main limits.conf contains correct core limit] ***
ok: [localhost]

TASK [/stigforge/roles/rhel9_stig : Disable Core Dumps for All Users - Set fact if configuration is valid] ***
ok: [localhost]

TASK [/stigforge/roles/rhel9_stig : Disable Core Dumps for All Users - Ensure drop-in directory exists] ***
ok: [localhost]

TASK [/stigforge/roles/rhel9_stig : Disable Core Dumps for All Users - Deploy 10-ssg-hardening.conf drop-in with correct core limit] ***
changed: [localhost]

TASK [/stigforge/roles/rhel9_stig : Update grub defaults and the bootloader menu] ***
skipping: [localhost]

TASK [/stigforge/roles/rhel9_stig : List /etc/sysctl.d/*.conf files] ***********
skipping: [localhost]

TASK [/stigforge/roles/rhel9_stig : Comment out any occurrences of kernel.kptr_restrict from config files] ***
skipping: [localhost]

TASK [/stigforge/roles/rhel9_stig : Ensure sysctl kernel.kptr_restrict is set] ***
skipping: [localhost]

TASK [/stigforge/roles/rhel9_stig : List /etc/sysctl.d/*.conf files] ***********
skipping: [localhost]

TASK [/stigforge/roles/rhel9_stig : Comment out any occurrences of kernel.randomize_va_space from config files] ***
skipping: [localhost]

TASK [/stigforge/roles/rhel9_stig : Ensure sysctl kernel.randomize_va_space is set to 2] ***
skipping: [localhost]

TASK [/stigforge/roles/rhel9_stig : Update grub defaults and the bootloader menu] ***
skipping: [localhost]

TASK [/stigforge/roles/rhel9_stig : Check for duplicate values] ****************
skipping: [localhost]

TASK [/stigforge/roles/rhel9_stig : Deduplicate values from /etc/selinux/config] ***
skipping: [localhost]

TASK [/stigforge/roles/rhel9_stig : Insert correct line to /etc/selinux/config] ***
skipping: [localhost]

TASK [/stigforge/roles/rhel9_stig : Check for duplicate values] ****************
skipping: [localhost]

TASK [/stigforge/roles/rhel9_stig : Deduplicate values from /etc/selinux/config] ***
skipping: [localhost]

TASK [/stigforge/roles/rhel9_stig : Insert correct line to /etc/selinux/config] ***
skipping: [localhost]

TASK [/stigforge/roles/rhel9_stig :  - Mark system to relabel SELinux on next boot] ***
skipping: [localhost]

TASK [/stigforge/roles/rhel9_stig : Set the file_groupowner_cron_d_newgroup variable if represented by gid] ***
skipping: [localhost]

TASK [/stigforge/roles/rhel9_stig : Ensure group owner on /etc/cron.d/] ********
skipping: [localhost]

TASK [/stigforge/roles/rhel9_stig : Set the file_groupowner_cron_daily_newgroup variable if represented by gid] ***
skipping: [localhost]

TASK [/stigforge/roles/rhel9_stig : Ensure group owner on /etc/cron.daily/] ****
skipping: [localhost]

TASK [/stigforge/roles/rhel9_stig : Set the file_groupowner_cron_deny_newgroup variable if represented by gid] ***
skipping: [localhost]

TASK [/stigforge/roles/rhel9_stig : Test for existence /etc/cron.deny] *********
skipping: [localhost]

TASK [/stigforge/roles/rhel9_stig : Ensure group owner on /etc/cron.deny] ******
skipping: [localhost]

TASK [/stigforge/roles/rhel9_stig : Set the file_groupowner_cron_hourly_newgroup variable if represented by gid] ***
skipping: [localhost]

TASK [/stigforge/roles/rhel9_stig : Ensure group owner on /etc/cron.hourly/] ***
skipping: [localhost]

TASK [/stigforge/roles/rhel9_stig : Set the file_groupowner_cron_monthly_newgroup variable if represented by gid] ***
skipping: [localhost]

TASK [/stigforge/roles/rhel9_stig : Ensure group owner on /etc/cron.monthly/] ***
skipping: [localhost]

TASK [/stigforge/roles/rhel9_stig : Set the file_groupowner_cron_weekly_newgroup variable if represented by gid] ***
skipping: [localhost]

TASK [/stigforge/roles/rhel9_stig : Ensure group owner on /etc/cron.weekly/] ***
skipping: [localhost]

TASK [/stigforge/roles/rhel9_stig : Set the file_groupowner_crontab_newgroup variable if represented by gid] ***
skipping: [localhost]

TASK [/stigforge/roles/rhel9_stig : Test for existence /etc/crontab] ***********
skipping: [localhost]

TASK [/stigforge/roles/rhel9_stig : Ensure group owner on /etc/crontab] ********
skipping: [localhost]

TASK [/stigforge/roles/rhel9_stig : Set the file_owner_cron_d_newown variable if represented by uid] ***
skipping: [localhost]

TASK [/stigforge/roles/rhel9_stig : Ensure owner on directory /etc/cron.d/] ****
skipping: [localhost]

TASK [/stigforge/roles/rhel9_stig : Set the file_owner_cron_daily_newown variable if represented by uid] ***
skipping: [localhost]

TASK [/stigforge/roles/rhel9_stig : Ensure owner on directory /etc/cron.daily/] ***
skipping: [localhost]

TASK [/stigforge/roles/rhel9_stig : Set the file_owner_cron_deny_newown variable if represented by uid] ***
skipping: [localhost]

TASK [/stigforge/roles/rhel9_stig : Test for existence /etc/cron.deny] *********
skipping: [localhost]

TASK [/stigforge/roles/rhel9_stig : Ensure owner on /etc/cron.deny] ************
skipping: [localhost]

TASK [/stigforge/roles/rhel9_stig : Set the file_owner_cron_hourly_newown variable if represented by uid] ***
skipping: [localhost]

TASK [/stigforge/roles/rhel9_stig : Ensure owner on directory /etc/cron.hourly/] ***
skipping: [localhost]

TASK [/stigforge/roles/rhel9_stig : Set the file_owner_cron_monthly_newown variable if represented by uid] ***
skipping: [localhost]

TASK [/stigforge/roles/rhel9_stig : Ensure owner on directory /etc/cron.monthly/] ***
skipping: [localhost]

TASK [/stigforge/roles/rhel9_stig : Set the file_owner_cron_weekly_newown variable if represented by uid] ***
skipping: [localhost]

TASK [/stigforge/roles/rhel9_stig : Ensure owner on directory /etc/cron.weekly/] ***
skipping: [localhost]

TASK [/stigforge/roles/rhel9_stig : Set the file_owner_crontab_newown variable if represented by uid] ***
skipping: [localhost]

TASK [/stigforge/roles/rhel9_stig : Test for existence /etc/crontab] ***********
skipping: [localhost]

TASK [/stigforge/roles/rhel9_stig : Ensure owner on /etc/crontab] **************
skipping: [localhost]

TASK [/stigforge/roles/rhel9_stig : Find /etc/cron.d/ file(s)] *****************
skipping: [localhost]

TASK [/stigforge/roles/rhel9_stig : Set permissions for /etc/cron.d/ file(s)] ***
skipping: [localhost]

TASK [/stigforge/roles/rhel9_stig : Find /etc/cron.daily/ file(s)] *************
skipping: [localhost]

TASK [/stigforge/roles/rhel9_stig : Set permissions for /etc/cron.daily/ file(s)] ***
skipping: [localhost]

TASK [/stigforge/roles/rhel9_stig : Find /etc/cron.hourly/ file(s)] ************
skipping: [localhost]

TASK [/stigforge/roles/rhel9_stig : Set permissions for /etc/cron.hourly/ file(s)] ***
skipping: [localhost]

TASK [/stigforge/roles/rhel9_stig : Find /etc/cron.monthly/ file(s)] ***********
skipping: [localhost]

TASK [/stigforge/roles/rhel9_stig : Set permissions for /etc/cron.monthly/ file(s)] ***
skipping: [localhost]

TASK [/stigforge/roles/rhel9_stig : Find /etc/cron.weekly/ file(s)] ************
skipping: [localhost]

TASK [/stigforge/roles/rhel9_stig : Set permissions for /etc/cron.weekly/ file(s)] ***
skipping: [localhost]

TASK [/stigforge/roles/rhel9_stig : Configure Fapolicy Module to Employ a Deny-all, Permit-by-exception Policy to Allow the Execution of Authorized Software Programs. - Ensure a Final Rule Denying Everything] ***
skipping: [localhost]

TASK [/stigforge/roles/rhel9_stig : Configure Fapolicy Module to Employ a Deny-all, Permit-by-exception Policy to Allow the Execution of Authorized Software Programs. - Ensure fapolicyd is Not Permissive] ***
skipping: [localhost]

TASK [/stigforge/roles/rhel9_stig : Configure Fapolicy Module to Employ a Deny-all, Permit-by-exception Policy to Allow the Execution of Authorized Software Programs. - Restart fapolicyd If Permissive Mode or Final Rule is Changed] ***
skipping: [localhost]

TASK [/stigforge/roles/rhel9_stig : Make sure that "/etc/aliases" has a defined value for root] ***
skipping: [localhost]

TASK [/stigforge/roles/rhel9_stig : Check if newaliases command is available] ***
skipping: [localhost]

TASK [/stigforge/roles/rhel9_stig : Update postfix aliases] ********************
skipping: [localhost]

TASK [/stigforge/roles/rhel9_stig : Check for duplicate values] ****************
skipping: [localhost]

TASK [/stigforge/roles/rhel9_stig : Deduplicate values from /etc/aliases] ******
skipping: [localhost]

TASK [/stigforge/roles/rhel9_stig : Insert correct line to /etc/aliases] *******
skipping: [localhost]

TASK [/stigforge/roles/rhel9_stig : Check if newaliases command is available] ***
skipping: [localhost]

TASK [/stigforge/roles/rhel9_stig : Update postfix aliases] ********************
skipping: [localhost]

TASK [/stigforge/roles/rhel9_stig : Check for duplicate values] ****************
skipping: [localhost]

TASK [/stigforge/roles/rhel9_stig : Deduplicate values from /etc/postfix/main.cf] ***
skipping: [localhost]

TASK [/stigforge/roles/rhel9_stig : Insert correct line to /etc/postfix/main.cf] ***
skipping: [localhost]

TASK [/stigforge/roles/rhel9_stig : Get nfs and nfs4 mount points, that don't have nodev] ***
skipping: [localhost]

TASK [/stigforge/roles/rhel9_stig : Add nodev to nfs and nfs4 mount points] ****
skipping: [localhost]

TASK [/stigforge/roles/rhel9_stig : Get nfs and nfs4 mount points, that don't have noexec] ***
skipping: [localhost]

TASK [/stigforge/roles/rhel9_stig : Add noexec to nfs and nfs4 mount points] ***
skipping: [localhost]

TASK [/stigforge/roles/rhel9_stig : Get nfs and nfs4 mount points, that don't have nosuid] ***
skipping: [localhost]

TASK [/stigforge/roles/rhel9_stig : Add nosuid to nfs and nfs4 mount points] ***
skipping: [localhost]

TASK [/stigforge/roles/rhel9_stig : Detect if chrony is already configured with pools or servers] ***
skipping: [localhost]

TASK [/stigforge/roles/rhel9_stig : Configure remote time servers] *************
skipping: [localhost] => (item=0.us.pool.ntp.mil) 
skipping: [localhost]

TASK [/stigforge/roles/rhel9_stig : Check for duplicate values] ****************
skipping: [localhost]

TASK [/stigforge/roles/rhel9_stig : Deduplicate values from /etc/chrony.conf] ***
skipping: [localhost]

TASK [/stigforge/roles/rhel9_stig : Insert correct line to /etc/chrony.conf] ***
skipping: [localhost]

TASK [/stigforge/roles/rhel9_stig : Check for duplicate values] ****************
skipping: [localhost]

TASK [/stigforge/roles/rhel9_stig : Deduplicate values from /etc/chrony.conf] ***
skipping: [localhost]

TASK [/stigforge/roles/rhel9_stig : Insert correct line to /etc/chrony.conf] ***
skipping: [localhost]

TASK [/stigforge/roles/rhel9_stig : Configure Time Service Maxpoll Interval - Check That /etc/ntp.conf Exist] ***
skipping: [localhost]

TASK [/stigforge/roles/rhel9_stig : Configure Time Service Maxpoll Interval - Update the maxpoll Values in /etc/ntp.conf] ***
skipping: [localhost]

TASK [/stigforge/roles/rhel9_stig : Configure Time Service Maxpoll Interval - Set the maxpoll Values in /etc/ntp.conf] ***
skipping: [localhost]

TASK [/stigforge/roles/rhel9_stig : Configure Time Service Maxpoll Interval - Check That /etc/chrony.conf Exist] ***
skipping: [localhost]

TASK [/stigforge/roles/rhel9_stig : Configure Time Service Maxpoll Interval - Update the maxpoll Values in /etc/chrony.conf] ***
skipping: [localhost]

TASK [/stigforge/roles/rhel9_stig : Configure Time Service Maxpoll Interval - Set the maxpoll Values in /etc/chrony.conf] ***
skipping: [localhost]

TASK [/stigforge/roles/rhel9_stig : Configure Time Service Maxpoll Interval - Get Conf Files from /etc/chrony.d/] ***
skipping: [localhost]

TASK [/stigforge/roles/rhel9_stig : Configure Time Service Maxpoll Interval - Update the maxpoll Values in /etc/chrony.d/] ***
skipping: [localhost]

TASK [/stigforge/roles/rhel9_stig : Configure Time Service Maxpoll Interval - Set the maxpoll Values in /etc/chrony.d/] ***
skipping: [localhost]

TASK [/stigforge/roles/rhel9_stig : Remove Host-Based Authentication Files - Define Excluded (Non-Local) File Systems and Paths] ***
ok: [localhost]

TASK [/stigforge/roles/rhel9_stig : Remove Host-Based Authentication Files - Find Relevant Root Directories Ignoring Pre-Defined Excluded Paths] ***
ok: [localhost]

TASK [/stigforge/roles/rhel9_stig : Remove Host-Based Authentication Files - Include Relevant Root Directories in a List of Paths to be Searched] ***
ok: [localhost] => (item={'path': '/opt', 'mode': '0755', 'isdir': True, 'ischr': False, 'isblk': False, 'isreg': False, 'isfifo': False, 'islnk': False, 'issock': False, 'uid': 0, 'gid': 0, 'size': 4096, 'inode': 3763677, 'dev': 50, 'nlink': 2, 'atime': 1785074339.871873, 'mtime': 1652704127.0, 'ctime': 1785074311.3671494, 'gr_name': 'root', 'pw_name': 'root', 'wusr': True, 'rusr': True, 'xusr': True, 'wgrp': False, 'rgrp': True, 'xgrp': True, 'woth': False, 'roth': True, 'xoth': True, 'isuid': False, 'isgid': False})
ok: [localhost] => (item={'path': '/etc', 'mode': '0755', 'isdir': True, 'ischr': False, 'isblk': False, 'isreg': False, 'isfifo': False, 'islnk': False, 'issock': False, 'uid': 0, 'gid': 0, 'size': 4096, 'inode': 4551162, 'dev': 50, 'nlink': 1, 'atime': 1785074432.5148726, 'mtime': 1785074427.2281969, 'ctime': 1785074452.3050084, 'gr_name': 'root', 'pw_name': 'root', 'wusr': True, 'rusr': True, 'xusr': True, 'wgrp': False, 'rgrp': True, 'xgrp': True, 'woth': False, 'roth': True, 'xoth': True, 'isuid': False, 'isgid': False})
ok: [localhost] => (item={'path': '/home', 'mode': '0755', 'isdir': True, 'ischr': False, 'isblk': False, 'isreg': False, 'isfifo': False, 'islnk': False, 'issock': False, 'uid': 0, 'gid': 0, 'size': 4096, 'inode': 3763671, 'dev': 50, 'nlink': 2, 'atime': 1785074339.871873, 'mtime': 1652704127.0, 'ctime': 1785074311.3671494, 'gr_name': 'root', 'pw_name': 'root', 'wusr': True, 'rusr': True, 'xusr': True, 'wgrp': False, 'rgrp': True, 'xgrp': True, 'woth': False, 'roth': True, 'xoth': True, 'isuid': False, 'isgid': False})
ok: [localhost] => (item={'path': '/mnt', 'mode': '0755', 'isdir': True, 'ischr': False, 'isblk': False, 'isreg': False, 'isfifo': False, 'islnk': False, 'issock': False, 'uid': 0, 'gid': 0, 'size': 4096, 'inode': 3763676, 'dev': 50, 'nlink': 2, 'atime': 1785074339.871873, 'mtime': 1652704127.0, 'ctime': 1785074311.3671494, 'gr_name': 'root', 'pw_name': 'root', 'wusr': True, 'rusr': True, 'xusr': True, 'wgrp': False, 'rgrp': True, 'xgrp': True, 'woth': False, 'roth': True, 'xoth': True, 'isuid': False, 'isgid': False})
ok: [localhost] => (item={'path': '/root', 'mode': '0550', 'isdir': True, 'ischr': False, 'isblk': False, 'isreg': False, 'isfifo': False, 'islnk': False, 'issock': False, 'uid': 0, 'gid': 0, 'size': 4096, 'inode': 4551166, 'dev': 50, 'nlink': 1, 'atime': 1785074423.2152777, 'mtime': 1785074386.0578926, 'ctime': 1785074425.5881739, 'gr_name': 'root', 'pw_name': 'root', 'wusr': False, 'rusr': True, 'xusr': True, 'wgrp': False, 'rgrp': True, 'xgrp': True, 'woth': False, 'roth': False, 'xoth': False, 'isuid': False, 'isgid': False})
ok: [localhost] => (item={'path': '/lost+found', 'mode': '0700', 'isdir': True, 'ischr': False, 'isblk': False, 'isreg': False, 'isfifo': False, 'islnk': False, 'issock': False, 'uid': 0, 'gid': 0, 'size': 4096, 'inode': 3763674, 'dev': 50, 'nlink': 2, 'atime': 1785074339.871873, 'mtime': 1700432707.0, 'ctime': 1785074311.3671494, 'gr_name': 'root', 'pw_name': 'root', 'wusr': True, 'rusr': True, 'xusr': True, 'wgrp': False, 'rgrp': False, 'xgrp': False, 'woth': False, 'roth': False, 'xoth': False, 'isuid': False, 'isgid': False})
ok: [localhost] => (item={'path': '/usr', 'mode': '0755', 'isdir': True, 'ischr': False, 'isblk': False, 'isreg': False, 'isfifo': False, 'islnk': False, 'issock': False, 'uid': 0, 'gid': 0, 'size': 4096, 'inode': 4765748, 'dev': 50, 'nlink': 1, 'atime': 1785074339.9058716, 'mtime': 1700432719.0, 'ctime': 1785074367.4116986, 'gr_name': 'root', 'pw_name': 'root', 'wusr': True, 'rusr': True, 'xusr': True, 'wgrp': False, 'rgrp': True, 'xgrp': True, 'woth': False, 'roth': True, 'xoth': True, 'isuid': False, 'isgid': False})
ok: [localhost] => (item={'path': '/tmp', 'mode': '1777', 'isdir': True, 'ischr': False, 'isblk': False, 'isreg': False, 'isfifo': False, 'islnk': False, 'issock': False, 'uid': 0, 'gid': 0, 'size': 4096, 'inode': 4551155, 'dev': 50, 'nlink': 1, 'atime': 1785074462.5538082, 'mtime': 1785074462.5515618, 'ctime': 1785074462.5515618, 'gr_name': 'root', 'pw_name': 'root', 'wusr': True, 'rusr': True, 'xusr': True, 'wgrp': True, 'rgrp': True, 'xgrp': True, 'woth': True, 'roth': True, 'xoth': True, 'isuid': False, 'isgid': False})
ok: [localhost] => (item={'path': '/srv', 'mode': '0755', 'isdir': True, 'ischr': False, 'isblk': False, 'isreg': False, 'isfifo': False, 'islnk': False, 'issock': False, 'uid': 0, 'gid': 0, 'size': 4096, 'inode': 3763690, 'dev': 50, 'nlink': 2, 'atime': 1785074339.871873, 'mtime': 1652704127.0, 'ctime': 1785074311.3671494, 'gr_name': 'root', 'pw_name': 'root', 'wusr': True, 'rusr': True, 'xusr': True, 'wgrp': False, 'rgrp': True, 'xgrp': True, 'woth': False, 'roth': True, 'xoth': True, 'isuid': False, 'isgid': False})
ok: [localhost] => (item={'path': '/afs', 'mode': '0555', 'isdir': True, 'ischr': False, 'isblk': False, 'isreg': False, 'isfifo': False, 'islnk': False, 'issock': False, 'uid': 0, 'gid': 0, 'size': 4096, 'inode': 3763394, 'dev': 50, 'nlink': 2, 'atime': 1785074339.8628733, 'mtime': 1652704127.0, 'ctime': 1785074311.366938, 'gr_name': 'root', 'pw_name': 'root', 'wusr': False, 'rusr': True, 'xusr': True, 'wgrp': False, 'rgrp': True, 'xgrp': True, 'woth': False, 'roth': True, 'xoth': True, 'isuid': False, 'isgid': False})
ok: [localhost] => (item={'path': '/var', 'mode': '0755', 'isdir': True, 'ischr': False, 'isblk': False, 'isreg': False, 'isfifo': False, 'islnk': False, 'issock': False, 'uid': 0, 'gid': 0, 'size': 4096, 'inode': 4283049, 'dev': 50, 'nlink': 1, 'atime': 1785074423.3122735, 'mtime': 1700432720.0, 'ctime': 1785074359.2950509, 'gr_name': 'root', 'pw_name': 'root', 'wusr': True, 'rusr': True, 'xusr': True, 'wgrp': False, 'rgrp': True, 'xgrp': True, 'woth': False, 'roth': True, 'xoth': True, 'isuid': False, 'isgid': False})
ok: [localhost] => (item={'path': '/media', 'mode': '0755', 'isdir': True, 'ischr': False, 'isblk': False, 'isreg': False, 'isfifo': False, 'islnk': False, 'issock': False, 'uid': 0, 'gid': 0, 'size': 4096, 'inode': 3763675, 'dev': 50, 'nlink': 2, 'atime': 1785074339.871873, 'mtime': 1652704127.0, 'ctime': 1785074311.3671494, 'gr_name': 'root', 'pw_name': 'root', 'wusr': True, 'rusr': True, 'xusr': True, 'wgrp': False, 'rgrp': True, 'xgrp': True, 'woth': False, 'roth': True, 'xoth': True, 'isuid': False, 'isgid': False})
ok: [localhost] => (item={'path': '/stigforge', 'mode': '0755', 'isdir': True, 'ischr': False, 'isblk': False, 'isreg': False, 'isfifo': False, 'islnk': False, 'issock': False, 'uid': 0, 'gid': 0, 'size': 4096, 'inode': 4551150, 'dev': 50, 'nlink': 1, 'atime': 1785074344.6816628, 'mtime': 1785074344.6110818, 'ctime': 1785074346.2685935, 'gr_name': 'root', 'pw_name': 'root', 'wusr': True, 'rusr': True, 'xusr': True, 'wgrp': False, 'rgrp': True, 'xgrp': True, 'woth': False, 'roth': True, 'xoth': True, 'isuid': False, 'isgid': False})

TASK [/stigforge/roles/rhel9_stig : Remove Host-Based Authentication Files - Increment Search Paths List with Local Partitions Mount Points] ***
ok: [localhost] => (item={'mount': '/stigforge/pyproject.toml', 'device': '/dev/root', 'fstype': 'ext4', 'options': 'ro,relatime,discard,errors=remount-ro,commit=30,bind', 'dump': 0, 'passno': 0, 'size_total': 76887154688, 'size_available': 12813778944, 'block_size': 4096, 'block_total': 18771278, 'block_available': 3128364, 'block_used': 15642914, 'inode_total': 9699328, 'inode_available': 8615583, 'inode_used': 1083745, 'uuid': 'N/A'})
ok: [localhost] => (item={'mount': '/stigforge/artifacts', 'device': '/dev/root', 'fstype': 'ext4', 'options': 'rw,relatime,discard,errors=remount-ro,commit=30,bind', 'dump': 0, 'passno': 0, 'size_total': 76887154688, 'size_available': 12813778944, 'block_size': 4096, 'block_total': 18771278, 'block_available': 3128364, 'block_used': 15642914, 'inode_total': 9699328, 'inode_available': 8615583, 'inode_used': 1083745, 'uuid': 'N/A'})
ok: [localhost] => (item={'mount': '/stigforge/roles', 'device': '/dev/root', 'fstype': 'ext4', 'options': 'ro,relatime,discard,errors=remount-ro,commit=30,bind', 'dump': 0, 'passno': 0, 'size_total': 76887154688, 'size_available': 12813778944, 'block_size': 4096, 'block_total': 18771278, 'block_available': 3128364, 'block_used': 15642914, 'inode_total': 9699328, 'inode_available': 8615583, 'inode_used': 1083745, 'uuid': 'N/A'})
ok: [localhost] => (item={'mount': '/stigforge/policy', 'device': '/dev/root', 'fstype': 'ext4', 'options': 'ro,relatime,discard,errors=remount-ro,commit=30,bind', 'dump': 0, 'passno': 0, 'size_total': 76887154688, 'size_available': 12813778944, 'block_size': 4096, 'block_total': 18771278, 'block_available': 3128364, 'block_used': 15642914, 'inode_total': 9699328, 'inode_available': 8615583, 'inode_used': 1083745, 'uuid': 'N/A'})
ok: [localhost] => (item={'mount': '/stigforge/generator', 'device': '/dev/root', 'fstype': 'ext4', 'options': 'ro,relatime,discard,errors=remount-ro,commit=30,bind', 'dump': 0, 'passno': 0, 'size_total': 76887154688, 'size_available': 12813778944, 'block_size': 4096, 'block_total': 18771278, 'block_available': 3128364, 'block_used': 15642914, 'inode_total': 9699328, 'inode_available': 8615583, 'inode_used': 1083745, 'uuid': 'N/A'})
ok: [localhost] => (item={'mount': '/etc/resolv.conf', 'device': '/dev/root', 'fstype': 'ext4', 'options': 'rw,relatime,discard,errors=remount-ro,commit=30,bind', 'dump': 0, 'passno': 0, 'size_total': 76887154688, 'size_available': 12813778944, 'block_size': 4096, 'block_total': 18771278, 'block_available': 3128364, 'block_used': 15642914, 'inode_total': 9699328, 'inode_available': 8615583, 'inode_used': 1083745, 'uuid': 'N/A'})
ok: [localhost] => (item={'mount': '/etc/hostname', 'device': '/dev/root', 'fstype': 'ext4', 'options': 'rw,relatime,discard,errors=remount-ro,commit=30,bind', 'dump': 0, 'passno': 0, 'size_total': 76887154688, 'size_available': 12813778944, 'block_size': 4096, 'block_total': 18771278, 'block_available': 3128364, 'block_used': 15642914, 'inode_total': 9699328, 'inode_available': 8615583, 'inode_used': 1083745, 'uuid': 'N/A'})
ok: [localhost] => (item={'mount': '/etc/hosts', 'device': '/dev/root', 'fstype': 'ext4', 'options': 'rw,relatime,discard,errors=remount-ro,commit=30,bind', 'dump': 0, 'passno': 0, 'size_total': 76887154688, 'size_available': 12813778944, 'block_size': 4096, 'block_total': 18771278, 'block_available': 3128364, 'block_used': 15642914, 'inode_total': 9699328, 'inode_available': 8615583, 'inode_used': 1083745, 'uuid': 'N/A'})

TASK [/stigforge/roles/rhel9_stig : Remove Host-Based Authentication Files - Increment Search Paths List with Local NFS File System Targets] ***
skipping: [localhost] => (item={'mount': '/stigforge/pyproject.toml', 'device': '/dev/root', 'fstype': 'ext4', 'options': 'ro,relatime,discard,errors=remount-ro,commit=30,bind', 'dump': 0, 'passno': 0, 'size_total': 76887154688, 'size_available': 12813778944, 'block_size': 4096, 'block_total': 18771278, 'block_available': 3128364, 'block_used': 15642914, 'inode_total': 9699328, 'inode_available': 8615583, 'inode_used': 1083745, 'uuid': 'N/A'}) 
skipping: [localhost] => (item={'mount': '/stigforge/artifacts', 'device': '/dev/root', 'fstype': 'ext4', 'options': 'rw,relatime,discard,errors=remount-ro,commit=30,bind', 'dump': 0, 'passno': 0, 'size_total': 76887154688, 'size_available': 12813778944, 'block_size': 4096, 'block_total': 18771278, 'block_available': 3128364, 'block_used': 15642914, 'inode_total': 9699328, 'inode_available': 8615583, 'inode_used': 1083745, 'uuid': 'N/A'}) 
skipping: [localhost] => (item={'mount': '/stigforge/roles', 'device': '/dev/root', 'fstype': 'ext4', 'options': 'ro,relatime,discard,errors=remount-ro,commit=30,bind', 'dump': 0, 'passno': 0, 'size_total': 76887154688, 'size_available': 12813778944, 'block_size': 4096, 'block_total': 18771278, 'block_available': 3128364, 'block_used': 15642914, 'inode_total': 9699328, 'inode_available': 8615583, 'inode_used': 1083745, 'uuid': 'N/A'}) 
skipping: [localhost] => (item={'mount': '/stigforge/policy', 'device': '/dev/root', 'fstype': 'ext4', 'options': 'ro,relatime,discard,errors=remount-ro,commit=30,bind', 'dump': 0, 'passno': 0, 'size_total': 76887154688, 'size_available': 12813778944, 'block_size': 4096, 'block_total': 18771278, 'block_available': 3128364, 'block_used': 15642914, 'inode_total': 9699328, 'inode_available': 8615583, 'inode_used': 1083745, 'uuid': 'N/A'}) 
skipping: [localhost] => (item={'mount': '/stigforge/generator', 'device': '/dev/root', 'fstype': 'ext4', 'options': 'ro,relatime,discard,errors=remount-ro,commit=30,bind', 'dump': 0, 'passno': 0, 'size_total': 76887154688, 'size_available': 12813778944, 'block_size': 4096, 'block_total': 18771278, 'block_available': 3128364, 'block_used': 15642914, 'inode_total': 9699328, 'inode_available': 8615583, 'inode_used': 1083745, 'uuid': 'N/A'}) 
skipping: [localhost] => (item={'mount': '/etc/resolv.conf', 'device': '/dev/root', 'fstype': 'ext4', 'options': 'rw,relatime,discard,errors=remount-ro,commit=30,bind', 'dump': 0, 'passno': 0, 'size_total': 76887154688, 'size_available': 12813778944, 'block_size': 4096, 'block_total': 18771278, 'block_available': 3128364, 'block_used': 15642914, 'inode_total': 9699328, 'inode_available': 8615583, 'inode_used': 1083745, 'uuid': 'N/A'}) 
skipping: [localhost] => (item={'mount': '/etc/hostname', 'device': '/dev/root', 'fstype': 'ext4', 'options': 'rw,relatime,discard,errors=remount-ro,commit=30,bind', 'dump': 0, 'passno': 0, 'size_total': 76887154688, 'size_available': 12813778944, 'block_size': 4096, 'block_total': 18771278, 'block_available': 3128364, 'block_used': 15642914, 'inode_total': 9699328, 'inode_available': 8615583, 'inode_used': 1083745, 'uuid': 'N/A'}) 
skipping: [localhost] => (item={'mount': '/etc/hosts', 'device': '/dev/root', 'fstype': 'ext4', 'options': 'rw,relatime,discard,errors=remount-ro,commit=30,bind', 'dump': 0, 'passno': 0, 'size_total': 76887154688, 'size_available': 12813778944, 'block_size': 4096, 'block_total': 18771278, 'block_available': 3128364, 'block_used': 15642914, 'inode_total': 9699328, 'inode_available': 8615583, 'inode_used': 1083745, 'uuid': 'N/A'}) 
skipping: [localhost]

TASK [/stigforge/roles/rhel9_stig : Remove Host-Based Authentication Files - Define Rule Specific Facts] ***
ok: [localhost]

TASK [/stigforge/roles/rhel9_stig : Remove Host-Based Authentication Files - Find All shosts.equiv Files in Local File Systems] ***
ok: [localhost] => (item=/lost+found)
ok: [localhost] => (item=/media)
ok: [localhost] => (item=/stigforge/policy)
ok: [localhost] => (item=/root)
ok: [localhost] => (item=/stigforge/artifacts)
ok: [localhost] => (item=/opt)
ok: [localhost] => (item=/stigforge)
ok: [localhost] => (item=/srv)
ok: [localhost] => (item=/tmp)
ok: [localhost] => (item=/home)
ok: [localhost] => (item=/stigforge/generator)
ok: [localhost] => (item=/stigforge/pyproject.toml)
ok: [localhost] => (item=/mnt)
ok: [localhost] => (item=/afs)
ok: [localhost] => (item=/etc/hosts)
ok: [localhost] => (item=/etc)
ok: [localhost] => (item=/etc/resolv.conf)
ok: [localhost] => (item=/var)
ok: [localhost] => (item=/usr)
ok: [localhost] => (item=/stigforge/roles)
ok: [localhost] => (item=/etc/hostname)

TASK [/stigforge/roles/rhel9_stig : Remove Host-Based Authentication Files - Create List of shosts.equiv Files Present in Local File Systems] ***
ok: [localhost] => (item={'changed': False, 'stdout': '', 'stderr': '', 'rc': 0, 'cmd': ['find', '/lost+found', '-xdev', '-type', 'f', '-name', 'shosts.equiv'], 'start': '2026-07-26 14:01:03.105939', 'end': '2026-07-26 14:01:03.108618', 'delta': '0:00:00.002679', 'msg': '', 'invocation': {'module_args': {'_raw_params': 'find /lost+found -xdev -type f -name "shosts.equiv"', '_uses_shell': False, 'expand_argument_vars': True, 'stdin_add_newline': True, 'strip_empty_ends': True, 'argv': None, 'chdir': None, 'executable': None, 'creates': None, 'removes': None, 'stdin': None}}, 'stdout_lines': [], 'stderr_lines': [], 'failed': False, 'item': '/lost+found', 'ansible_loop_var': 'item'})
ok: [localhost] => (item={'changed': False, 'stdout': '', 'stderr': '', 'rc': 0, 'cmd': ['find', '/media', '-xdev', '-type', 'f', '-name', 'shosts.equiv'], 'start': '2026-07-26 14:01:03.239146', 'end': '2026-07-26 14:01:03.242055', 'delta': '0:00:00.002909', 'msg': '', 'invocation': {'module_args': {'_raw_params': 'find /media -xdev -type f -name "shosts.equiv"', '_uses_shell': False, 'expand_argument_vars': True, 'stdin_add_newline': True, 'strip_empty_ends': True, 'argv': None, 'chdir': None, 'executable': None, 'creates': None, 'removes': None, 'stdin': None}}, 'stdout_lines': [], 'stderr_lines': [], 'failed': False, 'item': '/media', 'ansible_loop_var': 'item'})
ok: [localhost] => (item={'changed': False, 'stdout': '', 'stderr': '', 'rc': 0, 'cmd': ['find', '/stigforge/policy', '-xdev', '-type', 'f', '-name', 'shosts.equiv'], 'start': '2026-07-26 14:01:03.370748', 'end': '2026-07-26 14:01:03.373409', 'delta': '0:00:00.002661', 'msg': '', 'invocation': {'module_args': {'_raw_params': 'find /stigforge/policy -xdev -type f -name "shosts.equiv"', '_uses_shell': False, 'expand_argument_vars': True, 'stdin_add_newline': True, 'strip_empty_ends': True, 'argv': None, 'chdir': None, 'executable': None, 'creates': None, 'removes': None, 'stdin': None}}, 'stdout_lines': [], 'stderr_lines': [], 'failed': False, 'item': '/stigforge/policy', 'ansible_loop_var': 'item'})
ok: [localhost] => (item={'changed': False, 'stdout': '', 'stderr': '', 'rc': 0, 'cmd': ['find', '/root', '-xdev', '-type', 'f', '-name', 'shosts.equiv'], 'start': '2026-07-26 14:01:03.502297', 'end': '2026-07-26 14:01:03.505555', 'delta': '0:00:00.003258', 'msg': '', 'invocation': {'module_args': {'_raw_params': 'find /root -xdev -type f -name "shosts.equiv"', '_uses_shell': False, 'expand_argument_vars': True, 'stdin_add_newline': True, 'strip_empty_ends': True, 'argv': None, 'chdir': None, 'executable': None, 'creates': None, 'removes': None, 'stdin': None}}, 'stdout_lines': [], 'stderr_lines': [], 'failed': False, 'item': '/root', 'ansible_loop_var': 'item'})
ok: [localhost] => (item={'changed': False, 'stdout': '', 'stderr': '', 'rc': 0, 'cmd': ['find', '/stigforge/artifacts', '-xdev', '-type', 'f', '-name', 'shosts.equiv'], 'start': '2026-07-26 14:01:03.634440', 'end': '2026-07-26 14:01:03.637192', 'delta': '0:00:00.002752', 'msg': '', 'invocation': {'module_args': {'_raw_params': 'find /stigforge/artifacts -xdev -type f -name "shosts.equiv"', '_uses_shell': False, 'expand_argument_vars': True, 'stdin_add_newline': True, 'strip_empty_ends': True, 'argv': None, 'chdir': None, 'executable': None, 'creates': None, 'removes': None, 'stdin': None}}, 'stdout_lines': [], 'stderr_lines': [], 'failed': False, 'item': '/stigforge/artifacts', 'ansible_loop_var': 'item'})
ok: [localhost] => (item={'changed': False, 'stdout': '', 'stderr': '', 'rc': 0, 'cmd': ['find', '/opt', '-xdev', '-type', 'f', '-name', 'shosts.equiv'], 'start': '2026-07-26 14:01:03.767032', 'end': '2026-07-26 14:01:03.769633', 'delta': '0:00:00.002601', 'msg': '', 'invocation': {'module_args': {'_raw_params': 'find /opt -xdev -type f -name "shosts.equiv"', '_uses_shell': False, 'expand_argument_vars': True, 'stdin_add_newline': True, 'strip_empty_ends': True, 'argv': None, 'chdir': None, 'executable': None, 'creates': None, 'removes': None, 'stdin': None}}, 'stdout_lines': [], 'stderr_lines': [], 'failed': False, 'item': '/opt', 'ansible_loop_var': 'item'})
ok: [localhost] => (item={'changed': False, 'stdout': '', 'stderr': '', 'rc': 0, 'cmd': ['find', '/stigforge', '-xdev', '-type', 'f', '-name', 'shosts.equiv'], 'start': '2026-07-26 14:01:03.898616', 'end': '2026-07-26 14:01:03.901345', 'delta': '0:00:00.002729', 'msg': '', 'invocation': {'module_args': {'_raw_params': 'find /stigforge -xdev -type f -name "shosts.equiv"', '_uses_shell': False, 'expand_argument_vars': True, 'stdin_add_newline': True, 'strip_empty_ends': True, 'argv': None, 'chdir': None, 'executable': None, 'creates': None, 'removes': None, 'stdin': None}}, 'stdout_lines': [], 'stderr_lines': [], 'failed': False, 'item': '/stigforge', 'ansible_loop_var': 'item'})
ok: [localhost] => (item={'changed': False, 'stdout': '', 'stderr': '', 'rc': 0, 'cmd': ['find', '/srv', '-xdev', '-type', 'f', '-name', 'shosts.equiv'], 'start': '2026-07-26 14:01:04.029367', 'end': '2026-07-26 14:01:04.031970', 'delta': '0:00:00.002603', 'msg': '', 'invocation': {'module_args': {'_raw_params': 'find /srv -xdev -type f -name "shosts.equiv"', '_uses_shell': False, 'expand_argument_vars': True, 'stdin_add_newline': True, 'strip_empty_ends': True, 'argv': None, 'chdir': None, 'executable': None, 'creates': None, 'removes': None, 'stdin': None}}, 'stdout_lines': [], 'stderr_lines': [], 'failed': False, 'item': '/srv', 'ansible_loop_var': 'item'})
ok: [localhost] => (item={'changed': False, 'stdout': '', 'stderr': '', 'rc': 0, 'cmd': ['find', '/tmp', '-xdev', '-type', 'f', '-name', 'shosts.equiv'], 'start': '2026-07-26 14:01:04.162498', 'end': '2026-07-26 14:01:04.165211', 'delta': '0:00:00.002713', 'msg': '', 'invocation': {'module_args': {'_raw_params': 'find /tmp -xdev -type f -name "shosts.equiv"', '_uses_shell': False, 'expand_argument_vars': True, 'stdin_add_newline': True, 'strip_empty_ends': True, 'argv': None, 'chdir': None, 'executable': None, 'creates': None, 'removes': None, 'stdin': None}}, 'stdout_lines': [], 'stderr_lines': [], 'failed': False, 'item': '/tmp', 'ansible_loop_var': 'item'})
ok: [localhost] => (item={'changed': False, 'stdout': '', 'stderr': '', 'rc': 0, 'cmd': ['find', '/home', '-xdev', '-type', 'f', '-name', 'shosts.equiv'], 'start': '2026-07-26 14:01:04.293189', 'end': '2026-07-26 14:01:04.295830', 'delta': '0:00:00.002641', 'msg': '', 'invocation': {'module_args': {'_raw_params': 'find /home -xdev -type f -name "shosts.equiv"', '_uses_shell': False, 'expand_argument_vars': True, 'stdin_add_newline': True, 'strip_empty_ends': True, 'argv': None, 'chdir': None, 'executable': None, 'creates': None, 'removes': None, 'stdin': None}}, 'stdout_lines': [], 'stderr_lines': [], 'failed': False, 'item': '/home', 'ansible_loop_var': 'item'})
ok: [localhost] => (item={'changed': False, 'stdout': '', 'stderr': '', 'rc': 0, 'cmd': ['find', '/stigforge/generator', '-xdev', '-type', 'f', '-name', 'shosts.equiv'], 'start': '2026-07-26 14:01:04.424170', 'end': '2026-07-26 14:01:04.427112', 'delta': '0:00:00.002942', 'msg': '', 'invocation': {'module_args': {'_raw_params': 'find /stigforge/generator -xdev -type f -name "shosts.equiv"', '_uses_shell': False, 'expand_argument_vars': True, 'stdin_add_newline': True, 'strip_empty_ends': True, 'argv': None, 'chdir': None, 'executable': None, 'creates': None, 'removes': None, 'stdin': None}}, 'stdout_lines': [], 'stderr_lines': [], 'failed': False, 'item': '/stigforge/generator', 'ansible_loop_var': 'item'})
ok: [localhost] => (item={'changed': False, 'stdout': '', 'stderr': '', 'rc': 0, 'cmd': ['find', '/stigforge/pyproject.toml', '-xdev', '-type', 'f', '-name', 'shosts.equiv'], 'start': '2026-07-26 14:01:04.555169', 'end': '2026-07-26 14:01:04.557780', 'delta': '0:00:00.002611', 'msg': '', 'invocation': {'module_args': {'_raw_params': 'find /stigforge/pyproject.toml -xdev -type f -name "shosts.equiv"', '_uses_shell': False, 'expand_argument_vars': True, 'stdin_add_newline': True, 'strip_empty_ends': True, 'argv': None, 'chdir': None, 'executable': None, 'creates': None, 'removes': None, 'stdin': None}}, 'stdout_lines': [], 'stderr_lines': [], 'failed': False, 'item': '/stigforge/pyproject.toml', 'ansible_loop_var': 'item'})
ok: [localhost] => (item={'changed': False, 'stdout': '', 'stderr': '', 'rc': 0, 'cmd': ['find', '/mnt', '-xdev', '-type', 'f', '-name', 'shosts.equiv'], 'start': '2026-07-26 14:01:04.687008', 'end': '2026-07-26 14:01:04.689601', 'delta': '0:00:00.002593', 'msg': '', 'invocation': {'module_args': {'_raw_params': 'find /mnt -xdev -type f -name "shosts.equiv"', '_uses_shell': False, 'expand_argument_vars': True, 'stdin_add_newline': True, 'strip_empty_ends': True, 'argv': None, 'chdir': None, 'executable': None, 'creates': None, 'removes': None, 'stdin': None}}, 'stdout_lines': [], 'stderr_lines': [], 'failed': False, 'item': '/mnt', 'ansible_loop_var': 'item'})
ok: [localhost] => (item={'changed': False, 'stdout': '', 'stderr': '', 'rc': 0, 'cmd': ['find', '/afs', '-xdev', '-type', 'f', '-name', 'shosts.equiv'], 'start': '2026-07-26 14:01:04.819715', 'end': '2026-07-26 14:01:04.822486', 'delta': '0:00:00.002771', 'msg': '', 'invocation': {'module_args': {'_raw_params': 'find /afs -xdev -type f -name "shosts.equiv"', '_uses_shell': False, 'expand_argument_vars': True, 'stdin_add_newline': True, 'strip_empty_ends': True, 'argv': None, 'chdir': None, 'executable': None, 'creates': None, 'removes': None, 'stdin': None}}, 'stdout_lines': [], 'stderr_lines': [], 'failed': False, 'item': '/afs', 'ansible_loop_var': 'item'})
ok: [localhost] => (item={'changed': False, 'stdout': '', 'stderr': '', 'rc': 0, 'cmd': ['find', '/etc/hosts', '-xdev', '-type', 'f', '-name', 'shosts.equiv'], 'start': '2026-07-26 14:01:04.951029', 'end': '2026-07-26 14:01:04.953667', 'delta': '0:00:00.002638', 'msg': '', 'invocation': {'module_args': {'_raw_params': 'find /etc/hosts -xdev -type f -name "shosts.equiv"', '_uses_shell': False, 'expand_argument_vars': True, 'stdin_add_newline': True, 'strip_empty_ends': True, 'argv': None, 'chdir': None, 'executable': None, 'creates': None, 'removes': None, 'stdin': None}}, 'stdout_lines': [], 'stderr_lines': [], 'failed': False, 'item': '/etc/hosts', 'ansible_loop_var': 'item'})
ok: [localhost] => (item={'changed': False, 'stdout': '', 'stderr': '', 'rc': 0, 'cmd': ['find', '/etc', '-xdev', '-type', 'f', '-name', 'shosts.equiv'], 'start': '2026-07-26 14:01:05.082568', 'end': '2026-07-26 14:01:05.086721', 'delta': '0:00:00.004153', 'msg': '', 'invocation': {'module_args': {'_raw_params': 'find /etc -xdev -type f -name "shosts.equiv"', '_uses_shell': False, 'expand_argument_vars': True, 'stdin_add_newline': True, 'strip_empty_ends': True, 'argv': None, 'chdir': None, 'executable': None, 'creates': None, 'removes': None, 'stdin': None}}, 'stdout_lines': [], 'stderr_lines': [], 'failed': False, 'item': '/etc', 'ansible_loop_var': 'item'})
ok: [localhost] => (item={'changed': False, 'stdout': '', 'stderr': '', 'rc': 0, 'cmd': ['find', '/etc/resolv.conf', '-xdev', '-type', 'f', '-name', 'shosts.equiv'], 'start': '2026-07-26 14:01:05.215060', 'end': '2026-07-26 14:01:05.217731', 'delta': '0:00:00.002671', 'msg': '', 'invocation': {'module_args': {'_raw_params': 'find /etc/resolv.conf -xdev -type f -name "shosts.equiv"', '_uses_shell': False, 'expand_argument_vars': True, 'stdin_add_newline': True, 'strip_empty_ends': True, 'argv': None, 'chdir': None, 'executable': None, 'creates': None, 'removes': None, 'stdin': None}}, 'stdout_lines': [], 'stderr_lines': [], 'failed': False, 'item': '/etc/resolv.conf', 'ansible_loop_var': 'item'})
ok: [localhost] => (item={'changed': False, 'stdout': '', 'stderr': '', 'rc': 0, 'cmd': ['find', '/var', '-xdev', '-type', 'f', '-name', 'shosts.equiv'], 'start': '2026-07-26 14:01:05.347622', 'end': '2026-07-26 14:01:05.351210', 'delta': '0:00:00.003588', 'msg': '', 'invocation': {'module_args': {'_raw_params': 'find /var -xdev -type f -name "shosts.equiv"', '_uses_shell': False, 'expand_argument_vars': True, 'stdin_add_newline': True, 'strip_empty_ends': True, 'argv': None, 'chdir': None, 'executable': None, 'creates': None, 'removes': None, 'stdin': None}}, 'stdout_lines': [], 'stderr_lines': [], 'failed': False, 'item': '/var', 'ansible_loop_var': 'item'})
ok: [localhost] => (item={'changed': False, 'stdout': '', 'stderr': '', 'rc': 0, 'cmd': ['find', '/usr', '-xdev', '-type', 'f', '-name', 'shosts.equiv'], 'start': '2026-07-26 14:01:05.483192', 'end': '2026-07-26 14:01:05.530514', 'delta': '0:00:00.047322', 'msg': '', 'invocation': {'module_args': {'_raw_params': 'find /usr -xdev -type f -name "shosts.equiv"', '_uses_shell': False, 'expand_argument_vars': True, 'stdin_add_newline': True, 'strip_empty_ends': True, 'argv': None, 'chdir': None, 'executable': None, 'creates': None, 'removes': None, 'stdin': None}}, 'stdout_lines': [], 'stderr_lines': [], 'failed': False, 'item': '/usr', 'ansible_loop_var': 'item'})
ok: [localhost] => (item={'changed': False, 'stdout': '', 'stderr': '', 'rc': 0, 'cmd': ['find', '/stigforge/roles', '-xdev', '-type', 'f', '-name', 'shosts.equiv'], 'start': '2026-07-26 14:01:05.659370', 'end': '2026-07-26 14:01:05.662460', 'delta': '0:00:00.003090', 'msg': '', 'invocation': {'module_args': {'_raw_params': 'find /stigforge/roles -xdev -type f -name "shosts.equiv"', '_uses_shell': False, 'expand_argument_vars': True, 'stdin_add_newline': True, 'strip_empty_ends': True, 'argv': None, 'chdir': None, 'executable': None, 'creates': None, 'removes': None, 'stdin': None}}, 'stdout_lines': [], 'stderr_lines': [], 'failed': False, 'item': '/stigforge/roles', 'ansible_loop_var': 'item'})
ok: [localhost] => (item={'changed': False, 'stdout': '', 'stderr': '', 'rc': 0, 'cmd': ['find', '/etc/hostname', '-xdev', '-type', 'f', '-name', 'shosts.equiv'], 'start': '2026-07-26 14:01:05.791553', 'end': '2026-07-26 14:01:05.794133', 'delta': '0:00:00.002580', 'msg': '', 'invocation': {'module_args': {'_raw_params': 'find /etc/hostname -xdev -type f -name "shosts.equiv"', '_uses_shell': False, 'expand_argument_vars': True, 'stdin_add_newline': True, 'strip_empty_ends': True, 'argv': None, 'chdir': None, 'executable': None, 'creates': None, 'removes': None, 'stdin': None}}, 'stdout_lines': [], 'stderr_lines': [], 'failed': False, 'item': '/etc/hostname', 'ansible_loop_var': 'item'})

TASK [/stigforge/roles/rhel9_stig : Remove Host-Based Authentication Files - Ensure No shosts.equiv Files Are Present in the System] ***
ok: [localhost] => (item=/shosts.equiv)

TASK [/stigforge/roles/rhel9_stig : Remove User Host-Based Authentication Files - Define Excluded (Non-Local) File Systems and Paths] ***
ok: [localhost]

TASK [/stigforge/roles/rhel9_stig : Remove User Host-Based Authentication Files - Find Relevant Root Directories Ignoring Pre-Defined Excluded Paths] ***
ok: [localhost]

TASK [/stigforge/roles/rhel9_stig : Remove User Host-Based Authentication Files - Include Relevant Root Directories in a List of Paths to be Searched] ***
ok: [localhost] => (item={'path': '/opt', 'mode': '0755', 'isdir': True, 'ischr': False, 'isblk': False, 'isreg': False, 'isfifo': False, 'islnk': False, 'issock': False, 'uid': 0, 'gid': 0, 'size': 4096, 'inode': 3763677, 'dev': 50, 'nlink': 2, 'atime': 1785074339.871873, 'mtime': 1652704127.0, 'ctime': 1785074311.3671494, 'gr_name': 'root', 'pw_name': 'root', 'wusr': True, 'rusr': True, 'xusr': True, 'wgrp': False, 'rgrp': True, 'xgrp': True, 'woth': False, 'roth': True, 'xoth': True, 'isuid': False, 'isgid': False})
ok: [localhost] => (item={'path': '/etc', 'mode': '0755', 'isdir': True, 'ischr': False, 'isblk': False, 'isreg': False, 'isfifo': False, 'islnk': False, 'issock': False, 'uid': 0, 'gid': 0, 'size': 4096, 'inode': 4551162, 'dev': 50, 'nlink': 1, 'atime': 1785074432.5148726, 'mtime': 1785074427.2281969, 'ctime': 1785074452.3050084, 'gr_name': 'root', 'pw_name': 'root', 'wusr': True, 'rusr': True, 'xusr': True, 'wgrp': False, 'rgrp': True, 'xgrp': True, 'woth': False, 'roth': True, 'xoth': True, 'isuid': False, 'isgid': False})
ok: [localhost] => (item={'path': '/home', 'mode': '0755', 'isdir': True, 'ischr': False, 'isblk': False, 'isreg': False, 'isfifo': False, 'islnk': False, 'issock': False, 'uid': 0, 'gid': 0, 'size': 4096, 'inode': 3763671, 'dev': 50, 'nlink': 2, 'atime': 1785074339.871873, 'mtime': 1652704127.0, 'ctime': 1785074311.3671494, 'gr_name': 'root', 'pw_name': 'root', 'wusr': True, 'rusr': True, 'xusr': True, 'wgrp': False, 'rgrp': True, 'xgrp': True, 'woth': False, 'roth': True, 'xoth': True, 'isuid': False, 'isgid': False})
ok: [localhost] => (item={'path': '/mnt', 'mode': '0755', 'isdir': True, 'ischr': False, 'isblk': False, 'isreg': False, 'isfifo': False, 'islnk': False, 'issock': False, 'uid': 0, 'gid': 0, 'size': 4096, 'inode': 3763676, 'dev': 50, 'nlink': 2, 'atime': 1785074339.871873, 'mtime': 1652704127.0, 'ctime': 1785074311.3671494, 'gr_name': 'root', 'pw_name': 'root', 'wusr': True, 'rusr': True, 'xusr': True, 'wgrp': False, 'rgrp': True, 'xgrp': True, 'woth': False, 'roth': True, 'xoth': True, 'isuid': False, 'isgid': False})
ok: [localhost] => (item={'path': '/root', 'mode': '0550', 'isdir': True, 'ischr': False, 'isblk': False, 'isreg': False, 'isfifo': False, 'islnk': False, 'issock': False, 'uid': 0, 'gid': 0, 'size': 4096, 'inode': 4551166, 'dev': 50, 'nlink': 1, 'atime': 1785074423.2152777, 'mtime': 1785074386.0578926, 'ctime': 1785074425.5881739, 'gr_name': 'root', 'pw_name': 'root', 'wusr': False, 'rusr': True, 'xusr': True, 'wgrp': False, 'rgrp': True, 'xgrp': True, 'woth': False, 'roth': False, 'xoth': False, 'isuid': False, 'isgid': False})
ok: [localhost] => (item={'path': '/lost+found', 'mode': '0700', 'isdir': True, 'ischr': False, 'isblk': False, 'isreg': False, 'isfifo': False, 'islnk': False, 'issock': False, 'uid': 0, 'gid': 0, 'size': 4096, 'inode': 3763674, 'dev': 50, 'nlink': 2, 'atime': 1785074339.871873, 'mtime': 1700432707.0, 'ctime': 1785074311.3671494, 'gr_name': 'root', 'pw_name': 'root', 'wusr': True, 'rusr': True, 'xusr': True, 'wgrp': False, 'rgrp': False, 'xgrp': False, 'woth': False, 'roth': False, 'xoth': False, 'isuid': False, 'isgid': False})
ok: [localhost] => (item={'path': '/usr', 'mode': '0755', 'isdir': True, 'ischr': False, 'isblk': False, 'isreg': False, 'isfifo': False, 'islnk': False, 'issock': False, 'uid': 0, 'gid': 0, 'size': 4096, 'inode': 4765748, 'dev': 50, 'nlink': 1, 'atime': 1785074339.9058716, 'mtime': 1700432719.0, 'ctime': 1785074367.4116986, 'gr_name': 'root', 'pw_name': 'root', 'wusr': True, 'rusr': True, 'xusr': True, 'wgrp': False, 'rgrp': True, 'xgrp': True, 'woth': False, 'roth': True, 'xoth': True, 'isuid': False, 'isgid': False})
ok: [localhost] => (item={'path': '/tmp', 'mode': '1777', 'isdir': True, 'ischr': False, 'isblk': False, 'isreg': False, 'isfifo': False, 'islnk': False, 'issock': False, 'uid': 0, 'gid': 0, 'size': 4096, 'inode': 4551155, 'dev': 50, 'nlink': 1, 'atime': 1785074466.1845937, 'mtime': 1785074466.1824028, 'ctime': 1785074466.1824028, 'gr_name': 'root', 'pw_name': 'root', 'wusr': True, 'rusr': True, 'xusr': True, 'wgrp': True, 'rgrp': True, 'xgrp': True, 'woth': True, 'roth': True, 'xoth': True, 'isuid': False, 'isgid': False})
ok: [localhost] => (item={'path': '/srv', 'mode': '0755', 'isdir': True, 'ischr': False, 'isblk': False, 'isreg': False, 'isfifo': False, 'islnk': False, 'issock': False, 'uid': 0, 'gid': 0, 'size': 4096, 'inode': 3763690, 'dev': 50, 'nlink': 2, 'atime': 1785074339.871873, 'mtime': 1652704127.0, 'ctime': 1785074311.3671494, 'gr_name': 'root', 'pw_name': 'root', 'wusr': True, 'rusr': True, 'xusr': True, 'wgrp': False, 'rgrp': True, 'xgrp': True, 'woth': False, 'roth': True, 'xoth': True, 'isuid': False, 'isgid': False})
ok: [localhost] => (item={'path': '/afs', 'mode': '0555', 'isdir': True, 'ischr': False, 'isblk': False, 'isreg': False, 'isfifo': False, 'islnk': False, 'issock': False, 'uid': 0, 'gid': 0, 'size': 4096, 'inode': 3763394, 'dev': 50, 'nlink': 2, 'atime': 1785074339.8628733, 'mtime': 1652704127.0, 'ctime': 1785074311.366938, 'gr_name': 'root', 'pw_name': 'root', 'wusr': False, 'rusr': True, 'xusr': True, 'wgrp': False, 'rgrp': True, 'xgrp': True, 'woth': False, 'roth': True, 'xoth': True, 'isuid': False, 'isgid': False})
ok: [localhost] => (item={'path': '/var', 'mode': '0755', 'isdir': True, 'ischr': False, 'isblk': False, 'isreg': False, 'isfifo': False, 'islnk': False, 'issock': False, 'uid': 0, 'gid': 0, 'size': 4096, 'inode': 4283049, 'dev': 50, 'nlink': 1, 'atime': 1785074423.3122735, 'mtime': 1700432720.0, 'ctime': 1785074359.2950509, 'gr_name': 'root', 'pw_name': 'root', 'wusr': True, 'rusr': True, 'xusr': True, 'wgrp': False, 'rgrp': True, 'xgrp': True, 'woth': False, 'roth': True, 'xoth': True, 'isuid': False, 'isgid': False})
ok: [localhost] => (item={'path': '/media', 'mode': '0755', 'isdir': True, 'ischr': False, 'isblk': False, 'isreg': False, 'isfifo': False, 'islnk': False, 'issock': False, 'uid': 0, 'gid': 0, 'size': 4096, 'inode': 3763675, 'dev': 50, 'nlink': 2, 'atime': 1785074339.871873, 'mtime': 1652704127.0, 'ctime': 1785074311.3671494, 'gr_name': 'root', 'pw_name': 'root', 'wusr': True, 'rusr': True, 'xusr': True, 'wgrp': False, 'rgrp': True, 'xgrp': True, 'woth': False, 'roth': True, 'xoth': True, 'isuid': False, 'isgid': False})
ok: [localhost] => (item={'path': '/stigforge', 'mode': '0755', 'isdir': True, 'ischr': False, 'isblk': False, 'isreg': False, 'isfifo': False, 'islnk': False, 'issock': False, 'uid': 0, 'gid': 0, 'size': 4096, 'inode': 4551150, 'dev': 50, 'nlink': 1, 'atime': 1785074344.6816628, 'mtime': 1785074344.6110818, 'ctime': 1785074346.2685935, 'gr_name': 'root', 'pw_name': 'root', 'wusr': True, 'rusr': True, 'xusr': True, 'wgrp': False, 'rgrp': True, 'xgrp': True, 'woth': False, 'roth': True, 'xoth': True, 'isuid': False, 'isgid': False})

TASK [/stigforge/roles/rhel9_stig : Remove User Host-Based Authentication Files - Increment Search Paths List with Local Partitions Mount Points] ***
ok: [localhost] => (item={'mount': '/stigforge/pyproject.toml', 'device': '/dev/root', 'fstype': 'ext4', 'options': 'ro,relatime,discard,errors=remount-ro,commit=30,bind', 'dump': 0, 'passno': 0, 'size_total': 76887154688, 'size_available': 12813778944, 'block_size': 4096, 'block_total': 18771278, 'block_available': 3128364, 'block_used': 15642914, 'inode_total': 9699328, 'inode_available': 8615583, 'inode_used': 1083745, 'uuid': 'N/A'})
ok: [localhost] => (item={'mount': '/stigforge/artifacts', 'device': '/dev/root', 'fstype': 'ext4', 'options': 'rw,relatime,discard,errors=remount-ro,commit=30,bind', 'dump': 0, 'passno': 0, 'size_total': 76887154688, 'size_available': 12813778944, 'block_size': 4096, 'block_total': 18771278, 'block_available': 3128364, 'block_used': 15642914, 'inode_total': 9699328, 'inode_available': 8615583, 'inode_used': 1083745, 'uuid': 'N/A'})
ok: [localhost] => (item={'mount': '/stigforge/roles', 'device': '/dev/root', 'fstype': 'ext4', 'options': 'ro,relatime,discard,errors=remount-ro,commit=30,bind', 'dump': 0, 'passno': 0, 'size_total': 76887154688, 'size_available': 12813778944, 'block_size': 4096, 'block_total': 18771278, 'block_available': 3128364, 'block_used': 15642914, 'inode_total': 9699328, 'inode_available': 8615583, 'inode_used': 1083745, 'uuid': 'N/A'})
ok: [localhost] => (item={'mount': '/stigforge/policy', 'device': '/dev/root', 'fstype': 'ext4', 'options': 'ro,relatime,discard,errors=remount-ro,commit=30,bind', 'dump': 0, 'passno': 0, 'size_total': 76887154688, 'size_available': 12813778944, 'block_size': 4096, 'block_total': 18771278, 'block_available': 3128364, 'block_used': 15642914, 'inode_total': 9699328, 'inode_available': 8615583, 'inode_used': 1083745, 'uuid': 'N/A'})
ok: [localhost] => (item={'mount': '/stigforge/generator', 'device': '/dev/root', 'fstype': 'ext4', 'options': 'ro,relatime,discard,errors=remount-ro,commit=30,bind', 'dump': 0, 'passno': 0, 'size_total': 76887154688, 'size_available': 12813778944, 'block_size': 4096, 'block_total': 18771278, 'block_available': 3128364, 'block_used': 15642914, 'inode_total': 9699328, 'inode_available': 8615583, 'inode_used': 1083745, 'uuid': 'N/A'})
ok: [localhost] => (item={'mount': '/etc/resolv.conf', 'device': '/dev/root', 'fstype': 'ext4', 'options': 'rw,relatime,discard,errors=remount-ro,commit=30,bind', 'dump': 0, 'passno': 0, 'size_total': 76887154688, 'size_available': 12813778944, 'block_size': 4096, 'block_total': 18771278, 'block_available': 3128364, 'block_used': 15642914, 'inode_total': 9699328, 'inode_available': 8615583, 'inode_used': 1083745, 'uuid': 'N/A'})
ok: [localhost] => (item={'mount': '/etc/hostname', 'device': '/dev/root', 'fstype': 'ext4', 'options': 'rw,relatime,discard,errors=remount-ro,commit=30,bind', 'dump': 0, 'passno': 0, 'size_total': 76887154688, 'size_available': 12813778944, 'block_size': 4096, 'block_total': 18771278, 'block_available': 3128364, 'block_used': 15642914, 'inode_total': 9699328, 'inode_available': 8615583, 'inode_used': 1083745, 'uuid': 'N/A'})
ok: [localhost] => (item={'mount': '/etc/hosts', 'device': '/dev/root', 'fstype': 'ext4', 'options': 'rw,relatime,discard,errors=remount-ro,commit=30,bind', 'dump': 0, 'passno': 0, 'size_total': 76887154688, 'size_available': 12813778944, 'block_size': 4096, 'block_total': 18771278, 'block_available': 3128364, 'block_used': 15642914, 'inode_total': 9699328, 'inode_available': 8615583, 'inode_used': 1083745, 'uuid': 'N/A'})

TASK [/stigforge/roles/rhel9_stig : Remove User Host-Based Authentication Files - Increment Search Paths List with Local NFS File System Targets] ***
skipping: [localhost] => (item={'mount': '/stigforge/pyproject.toml', 'device': '/dev/root', 'fstype': 'ext4', 'options': 'ro,relatime,discard,errors=remount-ro,commit=30,bind', 'dump': 0, 'passno': 0, 'size_total': 76887154688, 'size_available': 12813778944, 'block_size': 4096, 'block_total': 18771278, 'block_available': 3128364, 'block_used': 15642914, 'inode_total': 9699328, 'inode_available': 8615583, 'inode_used': 1083745, 'uuid': 'N/A'}) 
skipping: [localhost] => (item={'mount': '/stigforge/artifacts', 'device': '/dev/root', 'fstype': 'ext4', 'options': 'rw,relatime,discard,errors=remount-ro,commit=30,bind', 'dump': 0, 'passno': 0, 'size_total': 76887154688, 'size_available': 12813778944, 'block_size': 4096, 'block_total': 18771278, 'block_available': 3128364, 'block_used': 15642914, 'inode_total': 9699328, 'inode_available': 8615583, 'inode_used': 1083745, 'uuid': 'N/A'}) 
skipping: [localhost] => (item={'mount': '/stigforge/roles', 'device': '/dev/root', 'fstype': 'ext4', 'options': 'ro,relatime,discard,errors=remount-ro,commit=30,bind', 'dump': 0, 'passno': 0, 'size_total': 76887154688, 'size_available': 12813778944, 'block_size': 4096, 'block_total': 18771278, 'block_available': 3128364, 'block_used': 15642914, 'inode_total': 9699328, 'inode_available': 8615583, 'inode_used': 1083745, 'uuid': 'N/A'}) 
skipping: [localhost] => (item={'mount': '/stigforge/policy', 'device': '/dev/root', 'fstype': 'ext4', 'options': 'ro,relatime,discard,errors=remount-ro,commit=30,bind', 'dump': 0, 'passno': 0, 'size_total': 76887154688, 'size_available': 12813778944, 'block_size': 4096, 'block_total': 18771278, 'block_available': 3128364, 'block_used': 15642914, 'inode_total': 9699328, 'inode_available': 8615583, 'inode_used': 1083745, 'uuid': 'N/A'}) 
skipping: [localhost] => (item={'mount': '/stigforge/generator', 'device': '/dev/root', 'fstype': 'ext4', 'options': 'ro,relatime,discard,errors=remount-ro,commit=30,bind', 'dump': 0, 'passno': 0, 'size_total': 76887154688, 'size_available': 12813778944, 'block_size': 4096, 'block_total': 18771278, 'block_available': 3128364, 'block_used': 15642914, 'inode_total': 9699328, 'inode_available': 8615583, 'inode_used': 1083745, 'uuid': 'N/A'}) 
skipping: [localhost] => (item={'mount': '/etc/resolv.conf', 'device': '/dev/root', 'fstype': 'ext4', 'options': 'rw,relatime,discard,errors=remount-ro,commit=30,bind', 'dump': 0, 'passno': 0, 'size_total': 76887154688, 'size_available': 12813778944, 'block_size': 4096, 'block_total': 18771278, 'block_available': 3128364, 'block_used': 15642914, 'inode_total': 9699328, 'inode_available': 8615583, 'inode_used': 1083745, 'uuid': 'N/A'}) 
skipping: [localhost] => (item={'mount': '/etc/hostname', 'device': '/dev/root', 'fstype': 'ext4', 'options': 'rw,relatime,discard,errors=remount-ro,commit=30,bind', 'dump': 0, 'passno': 0, 'size_total': 76887154688, 'size_available': 12813778944, 'block_size': 4096, 'block_total': 18771278, 'block_available': 3128364, 'block_used': 15642914, 'inode_total': 9699328, 'inode_available': 8615583, 'inode_used': 1083745, 'uuid': 'N/A'}) 
skipping: [localhost] => (item={'mount': '/etc/hosts', 'device': '/dev/root', 'fstype': 'ext4', 'options': 'rw,relatime,discard,errors=remount-ro,commit=30,bind', 'dump': 0, 'passno': 0, 'size_total': 76887154688, 'size_available': 12813778944, 'block_size': 4096, 'block_total': 18771278, 'block_available': 3128364, 'block_used': 15642914, 'inode_total': 9699328, 'inode_available': 8615583, 'inode_used': 1083745, 'uuid': 'N/A'}) 
skipping: [localhost]

TASK [/stigforge/roles/rhel9_stig : Remove User Host-Based Authentication Files - Define Rule Specific Facts] ***
ok: [localhost]

TASK [/stigforge/roles/rhel9_stig : Remove User Host-Based Authentication Files - Find All .shosts Files in Local File Systems] ***
ok: [localhost] => (item=/lost+found)
ok: [localhost] => (item=/media)
ok: [localhost] => (item=/stigforge/policy)
ok: [localhost] => (item=/root)
ok: [localhost] => (item=/stigforge/artifacts)
ok: [localhost] => (item=/opt)
ok: [localhost] => (item=/stigforge)
ok: [localhost] => (item=/srv)
ok: [localhost] => (item=/tmp)
ok: [localhost] => (item=/home)
ok: [localhost] => (item=/stigforge/generator)
ok: [localhost] => (item=/stigforge/pyproject.toml)
ok: [localhost] => (item=/mnt)
ok: [localhost] => (item=/afs)
ok: [localhost] => (item=/etc/hosts)
ok: [localhost] => (item=/etc)
ok: [localhost] => (item=/etc/resolv.conf)
ok: [localhost] => (item=/var)
ok: [localhost] => (item=/usr)
ok: [localhost] => (item=/stigforge/roles)
ok: [localhost] => (item=/etc/hostname)

TASK [/stigforge/roles/rhel9_stig : Remove User Host-Based Authentication Files - Create List of .shosts Files Present in Local File Systems] ***
ok: [localhost] => (item={'changed': False, 'stdout': '', 'stderr': '', 'rc': 0, 'cmd': ['find', '/lost+found', '-xdev', '-type', 'f', '-name', '.shosts'], 'start': '2026-07-26 14:01:06.615551', 'end': '2026-07-26 14:01:06.618240', 'delta': '0:00:00.002689', 'msg': '', 'invocation': {'module_args': {'_raw_params': 'find /lost+found -xdev -type f -name ".shosts"', '_uses_shell': False, 'expand_argument_vars': True, 'stdin_add_newline': True, 'strip_empty_ends': True, 'argv': None, 'chdir': None, 'executable': None, 'creates': None, 'removes': None, 'stdin': None}}, 'stdout_lines': [], 'stderr_lines': [], 'failed': False, 'item': '/lost+found', 'ansible_loop_var': 'item'})
ok: [localhost] => (item={'changed': False, 'stdout': '', 'stderr': '', 'rc': 0, 'cmd': ['find', '/media', '-xdev', '-type', 'f', '-name', '.shosts'], 'start': '2026-07-26 14:01:06.748599', 'end': '2026-07-26 14:01:06.751213', 'delta': '0:00:00.002614', 'msg': '', 'invocation': {'module_args': {'_raw_params': 'find /media -xdev -type f -name ".shosts"', '_uses_shell': False, 'expand_argument_vars': True, 'stdin_add_newline': True, 'strip_empty_ends': True, 'argv': None, 'chdir': None, 'executable': None, 'creates': None, 'removes': None, 'stdin': None}}, 'stdout_lines': [], 'stderr_lines': [], 'failed': False, 'item': '/media', 'ansible_loop_var': 'item'})
ok: [localhost] => (item={'changed': False, 'stdout': '', 'stderr': '', 'rc': 0, 'cmd': ['find', '/stigforge/policy', '-xdev', '-type', 'f', '-name', '.shosts'], 'start': '2026-07-26 14:01:06.879884', 'end': '2026-07-26 14:01:06.882548', 'delta': '0:00:00.002664', 'msg': '', 'invocation': {'module_args': {'_raw_params': 'find /stigforge/policy -xdev -type f -name ".shosts"', '_uses_shell': False, 'expand_argument_vars': True, 'stdin_add_newline': True, 'strip_empty_ends': True, 'argv': None, 'chdir': None, 'executable': None, 'creates': None, 'removes': None, 'stdin': None}}, 'stdout_lines': [], 'stderr_lines': [], 'failed': False, 'item': '/stigforge/policy', 'ansible_loop_var': 'item'})
ok: [localhost] => (item={'changed': False, 'stdout': '', 'stderr': '', 'rc': 0, 'cmd': ['find', '/root', '-xdev', '-type', 'f', '-name', '.shosts'], 'start': '2026-07-26 14:01:07.011294', 'end': '2026-07-26 14:01:07.014257', 'delta': '0:00:00.002963', 'msg': '', 'invocation': {'module_args': {'_raw_params': 'find /root -xdev -type f -name ".shosts"', '_uses_shell': False, 'expand_argument_vars': True, 'stdin_add_newline': True, 'strip_empty_ends': True, 'argv': None, 'chdir': None, 'executable': None, 'creates': None, 'removes': None, 'stdin': None}}, 'stdout_lines': [], 'stderr_lines': [], 'failed': False, 'item': '/root', 'ansible_loop_var': 'item'})
ok: [localhost] => (item={'changed': False, 'stdout': '', 'stderr': '', 'rc': 0, 'cmd': ['find', '/stigforge/artifacts', '-xdev', '-type', 'f', '-name', '.shosts'], 'start': '2026-07-26 14:01:07.142088', 'end': '2026-07-26 14:01:07.144705', 'delta': '0:00:00.002617', 'msg': '', 'invocation': {'module_args': {'_raw_params': 'find /stigforge/artifacts -xdev -type f -name ".shosts"', '_uses_shell': False, 'expand_argument_vars': True, 'stdin_add_newline': True, 'strip_empty_ends': True, 'argv': None, 'chdir': None, 'executable': None, 'creates': None, 'removes': None, 'stdin': None}}, 'stdout_lines': [], 'stderr_lines': [], 'failed': False, 'item': '/stigforge/artifacts', 'ansible_loop_var': 'item'})
ok: [localhost] => (item={'changed': False, 'stdout': '', 'stderr': '', 'rc': 0, 'cmd': ['find', '/opt', '-xdev', '-type', 'f', '-name', '.shosts'], 'start': '2026-07-26 14:01:07.273030', 'end': '2026-07-26 14:01:07.275624', 'delta': '0:00:00.002594', 'msg': '', 'invocation': {'module_args': {'_raw_params': 'find /opt -xdev -type f -name ".shosts"', '_uses_shell': False, 'expand_argument_vars': True, 'stdin_add_newline': True, 'strip_empty_ends': True, 'argv': None, 'chdir': None, 'executable': None, 'creates': None, 'removes': None, 'stdin': None}}, 'stdout_lines': [], 'stderr_lines': [], 'failed': False, 'item': '/opt', 'ansible_loop_var': 'item'})
ok: [localhost] => (item={'changed': False, 'stdout': '', 'stderr': '', 'rc': 0, 'cmd': ['find', '/stigforge', '-xdev', '-type', 'f', '-name', '.shosts'], 'start': '2026-07-26 14:01:07.405175', 'end': '2026-07-26 14:01:07.407941', 'delta': '0:00:00.002766', 'msg': '', 'invocation': {'module_args': {'_raw_params': 'find /stigforge -xdev -type f -name ".shosts"', '_uses_shell': False, 'expand_argument_vars': True, 'stdin_add_newline': True, 'strip_empty_ends': True, 'argv': None, 'chdir': None, 'executable': None, 'creates': None, 'removes': None, 'stdin': None}}, 'stdout_lines': [], 'stderr_lines': [], 'failed': False, 'item': '/stigforge', 'ansible_loop_var': 'item'})
ok: [localhost] => (item={'changed': False, 'stdout': '', 'stderr': '', 'rc': 0, 'cmd': ['find', '/srv', '-xdev', '-type', 'f', '-name', '.shosts'], 'start': '2026-07-26 14:01:07.536801', 'end': '2026-07-26 14:01:07.539509', 'delta': '0:00:00.002708', 'msg': '', 'invocation': {'module_args': {'_raw_params': 'find /srv -xdev -type f -name ".shosts"', '_uses_shell': False, 'expand_argument_vars': True, 'stdin_add_newline': True, 'strip_empty_ends': True, 'argv': None, 'chdir': None, 'executable': None, 'creates': None, 'removes': None, 'stdin': None}}, 'stdout_lines': [], 'stderr_lines': [], 'failed': False, 'item': '/srv', 'ansible_loop_var': 'item'})
ok: [localhost] => (item={'changed': False, 'stdout': '', 'stderr': '', 'rc': 0, 'cmd': ['find', '/tmp', '-xdev', '-type', 'f', '-name', '.shosts'], 'start': '2026-07-26 14:01:07.669328', 'end': '2026-07-26 14:01:07.672166', 'delta': '0:00:00.002838', 'msg': '', 'invocation': {'module_args': {'_raw_params': 'find /tmp -xdev -type f -name ".shosts"', '_uses_shell': False, 'expand_argument_vars': True, 'stdin_add_newline': True, 'strip_empty_ends': True, 'argv': None, 'chdir': None, 'executable': None, 'creates': None, 'removes': None, 'stdin': None}}, 'stdout_lines': [], 'stderr_lines': [], 'failed': False, 'item': '/tmp', 'ansible_loop_var': 'item'})
ok: [localhost] => (item={'changed': False, 'stdout': '', 'stderr': '', 'rc': 0, 'cmd': ['find', '/home', '-xdev', '-type', 'f', '-name', '.shosts'], 'start': '2026-07-26 14:01:07.802215', 'end': '2026-07-26 14:01:07.804858', 'delta': '0:00:00.002643', 'msg': '', 'invocation': {'module_args': {'_raw_params': 'find /home -xdev -type f -name ".shosts"', '_uses_shell': False, 'expand_argument_vars': True, 'stdin_add_newline': True, 'strip_empty_ends': True, 'argv': None, 'chdir': None, 'executable': None, 'creates': None, 'removes': None, 'stdin': None}}, 'stdout_lines': [], 'stderr_lines': [], 'failed': False, 'item': '/home', 'ansible_loop_var': 'item'})
ok: [localhost] => (item={'changed': False, 'stdout': '', 'stderr': '', 'rc': 0, 'cmd': ['find', '/stigforge/generator', '-xdev', '-type', 'f', '-name', '.shosts'], 'start': '2026-07-26 14:01:07.933986', 'end': '2026-07-26 14:01:07.936565', 'delta': '0:00:00.002579', 'msg': '', 'invocation': {'module_args': {'_raw_params': 'find /stigforge/generator -xdev -type f -name ".shosts"', '_uses_shell': False, 'expand_argument_vars': True, 'stdin_add_newline': True, 'strip_empty_ends': True, 'argv': None, 'chdir': None, 'executable': None, 'creates': None, 'removes': None, 'stdin': None}}, 'stdout_lines': [], 'stderr_lines': [], 'failed': False, 'item': '/stigforge/generator', 'ansible_loop_var': 'item'})
ok: [localhost] => (item={'changed': False, 'stdout': '', 'stderr': '', 'rc': 0, 'cmd': ['find', '/stigforge/pyproject.toml', '-xdev', '-type', 'f', '-name', '.shosts'], 'start': '2026-07-26 14:01:08.064386', 'end': '2026-07-26 14:01:08.066863', 'delta': '0:00:00.002477', 'msg': '', 'invocation': {'module_args': {'_raw_params': 'find /stigforge/pyproject.toml -xdev -type f -name ".shosts"', '_uses_shell': False, 'expand_argument_vars': True, 'stdin_add_newline': True, 'strip_empty_ends': True, 'argv': None, 'chdir': None, 'executable': None, 'creates': None, 'removes': None, 'stdin': None}}, 'stdout_lines': [], 'stderr_lines': [], 'failed': False, 'item': '/stigforge/pyproject.toml', 'ansible_loop_var': 'item'})
ok: [localhost] => (item={'changed': False, 'stdout': '', 'stderr': '', 'rc': 0, 'cmd': ['find', '/mnt', '-xdev', '-type', 'f', '-name', '.shosts'], 'start': '2026-07-26 14:01:08.194631', 'end': '2026-07-26 14:01:08.197032', 'delta': '0:00:00.002401', 'msg': '', 'invocation': {'module_args': {'_raw_params': 'find /mnt -xdev -type f -name ".shosts"', '_uses_shell': False, 'expand_argument_vars': True, 'stdin_add_newline': True, 'strip_empty_ends': True, 'argv': None, 'chdir': None, 'executable': None, 'creates': None, 'removes': None, 'stdin': None}}, 'stdout_lines': [], 'stderr_lines': [], 'failed': False, 'item': '/mnt', 'ansible_loop_var': 'item'})
ok: [localhost] => (item={'changed': False, 'stdout': '', 'stderr': '', 'rc': 0, 'cmd': ['find', '/afs', '-xdev', '-type', 'f', '-name', '.shosts'], 'start': '2026-07-26 14:01:08.323987', 'end': '2026-07-26 14:01:08.326579', 'delta': '0:00:00.002592', 'msg': '', 'invocation': {'module_args': {'_raw_params': 'find /afs -xdev -type f -name ".shosts"', '_uses_shell': False, 'expand_argument_vars': True, 'stdin_add_newline': True, 'strip_empty_ends': True, 'argv': None, 'chdir': None, 'executable': None, 'creates': None, 'removes': None, 'stdin': None}}, 'stdout_lines': [], 'stderr_lines': [], 'failed': False, 'item': '/afs', 'ansible_loop_var': 'item'})
ok: [localhost] => (item={'changed': False, 'stdout': '', 'stderr': '', 'rc': 0, 'cmd': ['find', '/etc/hosts', '-xdev', '-type', 'f', '-name', '.shosts'], 'start': '2026-07-26 14:01:08.454495', 'end': '2026-07-26 14:01:08.457037', 'delta': '0:00:00.002542', 'msg': '', 'invocation': {'module_args': {'_raw_params': 'find /etc/hosts -xdev -type f -name ".shosts"', '_uses_shell': False, 'expand_argument_vars': True, 'stdin_add_newline': True, 'strip_empty_ends': True, 'argv': None, 'chdir': None, 'executable': None, 'creates': None, 'removes': None, 'stdin': None}}, 'stdout_lines': [], 'stderr_lines': [], 'failed': False, 'item': '/etc/hosts', 'ansible_loop_var': 'item'})
ok: [localhost] => (item={'changed': False, 'stdout': '', 'stderr': '', 'rc': 0, 'cmd': ['find', '/etc', '-xdev', '-type', 'f', '-name', '.shosts'], 'start': '2026-07-26 14:01:08.584450', 'end': '2026-07-26 14:01:08.588370', 'delta': '0:00:00.003920', 'msg': '', 'invocation': {'module_args': {'_raw_params': 'find /etc -xdev -type f -name ".shosts"', '_uses_shell': False, 'expand_argument_vars': True, 'stdin_add_newline': True, 'strip_empty_ends': True, 'argv': None, 'chdir': None, 'executable': None, 'creates': None, 'removes': None, 'stdin': None}}, 'stdout_lines': [], 'stderr_lines': [], 'failed': False, 'item': '/etc', 'ansible_loop_var': 'item'})
ok: [localhost] => (item={'changed': False, 'stdout': '', 'stderr': '', 'rc': 0, 'cmd': ['find', '/etc/resolv.conf', '-xdev', '-type', 'f', '-name', '.shosts'], 'start': '2026-07-26 14:01:08.715191', 'end': '2026-07-26 14:01:08.717639', 'delta': '0:00:00.002448', 'msg': '', 'invocation': {'module_args': {'_raw_params': 'find /etc/resolv.conf -xdev -type f -name ".shosts"', '_uses_shell': False, 'expand_argument_vars': True, 'stdin_add_newline': True, 'strip_empty_ends': True, 'argv': None, 'chdir': None, 'executable': None, 'creates': None, 'removes': None, 'stdin': None}}, 'stdout_lines': [], 'stderr_lines': [], 'failed': False, 'item': '/etc/resolv.conf', 'ansible_loop_var': 'item'})
ok: [localhost] => (item={'changed': False, 'stdout': '', 'stderr': '', 'rc': 0, 'cmd': ['find', '/var', '-xdev', '-type', 'f', '-name', '.shosts'], 'start': '2026-07-26 14:01:08.845750', 'end': '2026-07-26 14:01:08.849105', 'delta': '0:00:00.003355', 'msg': '', 'invocation': {'module_args': {'_raw_params': 'find /var -xdev -type f -name ".shosts"', '_uses_shell': False, 'expand_argument_vars': True, 'stdin_add_newline': True, 'strip_empty_ends': True, 'argv': None, 'chdir': None, 'executable': None, 'creates': None, 'removes': None, 'stdin': None}}, 'stdout_lines': [], 'stderr_lines': [], 'failed': False, 'item': '/var', 'ansible_loop_var': 'item'})
ok: [localhost] => (item={'changed': False, 'stdout': '', 'stderr': '', 'rc': 0, 'cmd': ['find', '/usr', '-xdev', '-type', 'f', '-name', '.shosts'], 'start': '2026-07-26 14:01:08.977622', 'end': '2026-07-26 14:01:09.024836', 'delta': '0:00:00.047214', 'msg': '', 'invocation': {'module_args': {'_raw_params': 'find /usr -xdev -type f -name ".shosts"', '_uses_shell': False, 'expand_argument_vars': True, 'stdin_add_newline': True, 'strip_empty_ends': True, 'argv': None, 'chdir': None, 'executable': None, 'creates': None, 'removes': None, 'stdin': None}}, 'stdout_lines': [], 'stderr_lines': [], 'failed': False, 'item': '/usr', 'ansible_loop_var': 'item'})
ok: [localhost] => (item={'changed': False, 'stdout': '', 'stderr': '', 'rc': 0, 'cmd': ['find', '/stigforge/roles', '-xdev', '-type', 'f', '-name', '.shosts'], 'start': '2026-07-26 14:01:09.161952', 'end': '2026-07-26 14:01:09.164914', 'delta': '0:00:00.002962', 'msg': '', 'invocation': {'module_args': {'_raw_params': 'find /stigforge/roles -xdev -type f -name ".shosts"', '_uses_shell': False, 'expand_argument_vars': True, 'stdin_add_newline': True, 'strip_empty_ends': True, 'argv': None, 'chdir': None, 'executable': None, 'creates': None, 'removes': None, 'stdin': None}}, 'stdout_lines': [], 'stderr_lines': [], 'failed': False, 'item': '/stigforge/roles', 'ansible_loop_var': 'item'})
ok: [localhost] => (item={'changed': False, 'stdout': '', 'stderr': '', 'rc': 0, 'cmd': ['find', '/etc/hostname', '-xdev', '-type', 'f', '-name', '.shosts'], 'start': '2026-07-26 14:01:09.293664', 'end': '2026-07-26 14:01:09.296291', 'delta': '0:00:00.002627', 'msg': '', 'invocation': {'module_args': {'_raw_params': 'find /etc/hostname -xdev -type f -name ".shosts"', '_uses_shell': False, 'expand_argument_vars': True, 'stdin_add_newline': True, 'strip_empty_ends': True, 'argv': None, 'chdir': None, 'executable': None, 'creates': None, 'removes': None, 'stdin': None}}, 'stdout_lines': [], 'stderr_lines': [], 'failed': False, 'item': '/etc/hostname', 'ansible_loop_var': 'item'})

TASK [/stigforge/roles/rhel9_stig : Remove User Host-Based Authentication Files - Ensure No .shosts Files Are Present in the System] ***
ok: [localhost] => (item=/.shosts)

TASK [/stigforge/roles/rhel9_stig : Set the directory_groupowner_sshd_config_d_newgroup variable if represented by gid] ***
skipping: [localhost]

TASK [/stigforge/roles/rhel9_stig : Ensure group owner on /etc/ssh/sshd_config.d/] ***
skipping: [localhost]

TASK [/stigforge/roles/rhel9_stig : Set the directory_owner_sshd_config_d_newown variable if represented by uid] ***
skipping: [localhost]

TASK [/stigforge/roles/rhel9_stig : Ensure owner on directory /etc/ssh/sshd_config.d/] ***
skipping: [localhost]

TASK [/stigforge/roles/rhel9_stig : Find /etc/ssh/sshd_config.d/ file(s)] ******
skipping: [localhost]

TASK [/stigforge/roles/rhel9_stig : Set permissions for /etc/ssh/sshd_config.d/ file(s)] ***
skipping: [localhost]

TASK [/stigforge/roles/rhel9_stig : Set the file_groupowner_sshd_config_newgroup variable if represented by gid] ***
skipping: [localhost]

TASK [/stigforge/roles/rhel9_stig : Test for existence /etc/ssh/sshd_config] ***
skipping: [localhost]

TASK [/stigforge/roles/rhel9_stig : Ensure group owner on /etc/ssh/sshd_config] ***
skipping: [localhost]

TASK [/stigforge/roles/rhel9_stig : Set the file_groupowner_sshd_drop_in_config_newgroup variable if represented by gid] ***
skipping: [localhost]

TASK [/stigforge/roles/rhel9_stig : Find /etc/ssh/sshd_config.d/ file(s) matching ^.*$] ***
skipping: [localhost]

TASK [/stigforge/roles/rhel9_stig : Ensure group owner on /etc/ssh/sshd_config.d/ file(s) matching ^.*$] ***
skipping: [localhost]

TASK [/stigforge/roles/rhel9_stig : Set the file_owner_sshd_config_newown variable if represented by uid] ***
skipping: [localhost]

TASK [/stigforge/roles/rhel9_stig : Test for existence /etc/ssh/sshd_config] ***
skipping: [localhost]

TASK [/stigforge/roles/rhel9_stig : Ensure owner on /etc/ssh/sshd_config] ******
skipping: [localhost]

TASK [/stigforge/roles/rhel9_stig : Set the file_owner_sshd_drop_in_config_newown variable if represented by uid] ***
skipping: [localhost]

TASK [/stigforge/roles/rhel9_stig : Find /etc/ssh/sshd_config.d/ file(s) matching ^.*$] ***
skipping: [localhost]

TASK [/stigforge/roles/rhel9_stig : Ensure owner on /etc/ssh/sshd_config.d/ file(s) matching ^.*$] ***
skipping: [localhost]

TASK [/stigforge/roles/rhel9_stig : Test for existence /etc/ssh/sshd_config] ***
skipping: [localhost]

TASK [/stigforge/roles/rhel9_stig : Ensure permission u-xs,g-xwrs,o-xwrt on /etc/ssh/sshd_config] ***
skipping: [localhost]

TASK [/stigforge/roles/rhel9_stig : Find /etc/ssh/sshd_config.d/ file(s)] ******
skipping: [localhost]

TASK [/stigforge/roles/rhel9_stig : Set permissions for /etc/ssh/sshd_config.d/ file(s)] ***
skipping: [localhost]

TASK [/stigforge/roles/rhel9_stig : Find root:root-owned keys] *****************
skipping: [localhost]

TASK [/stigforge/roles/rhel9_stig : Set permissions for root:root-owned keys] ***
skipping: [localhost]

TASK [/stigforge/roles/rhel9_stig : Find root:ssh_keys-owned keys] *************
skipping: [localhost]

TASK [/stigforge/roles/rhel9_stig : Set permissions for root:ssh_keys-owned keys] ***
skipping: [localhost]

TASK [/stigforge/roles/rhel9_stig : Find /etc/ssh/ file(s)] ********************
skipping: [localhost]

TASK [/stigforge/roles/rhel9_stig : Set permissions for /etc/ssh/ file(s)] *****
skipping: [localhost]

TASK [/stigforge/roles/rhel9_stig : Deduplicate values from /etc/ssh/sshd_config] ***
skipping: [localhost]

TASK [/stigforge/roles/rhel9_stig : Check if /etc/ssh/sshd_config.d exists] ****
skipping: [localhost]

TASK [/stigforge/roles/rhel9_stig : Check if the parameter ClientAliveCountMax is present in /etc/ssh/sshd_config.d] ***
skipping: [localhost]

TASK [/stigforge/roles/rhel9_stig : Remove parameter from files in /etc/ssh/sshd_config.d] ***
skipping: [localhost]

TASK [/stigforge/roles/rhel9_stig : Insert correct line to /etc/ssh/sshd_config.d/00-complianceascode-hardening.conf] ***
skipping: [localhost]

TASK [/stigforge/roles/rhel9_stig : Set SSH Client Alive Count Max - set file mode for /etc/ssh/sshd_config.d/00-complianceascode-hardening.conf] ***
skipping: [localhost]

TASK [/stigforge/roles/rhel9_stig : Deduplicate values from /etc/ssh/sshd_config] ***
skipping: [localhost]

TASK [/stigforge/roles/rhel9_stig : Check if /etc/ssh/sshd_config.d exists] ****
skipping: [localhost]

TASK [/stigforge/roles/rhel9_stig : Check if the parameter ClientAliveInterval is present in /etc/ssh/sshd_config.d] ***
skipping: [localhost]

TASK [/stigforge/roles/rhel9_stig : Remove parameter from files in /etc/ssh/sshd_config.d] ***
skipping: [localhost]

TASK [/stigforge/roles/rhel9_stig : Insert correct line to /etc/ssh/sshd_config.d/00-complianceascode-hardening.conf] ***
skipping: [localhost]

TASK [/stigforge/roles/rhel9_stig : Set SSH Client Alive Interval - set file mode for /etc/ssh/sshd_config.d/00-complianceascode-hardening.conf] ***
skipping: [localhost]

TASK [/stigforge/roles/rhel9_stig : Deduplicate values from /etc/ssh/sshd_config] ***
skipping: [localhost]

TASK [/stigforge/roles/rhel9_stig : Check if /etc/ssh/sshd_config.d exists] ****
skipping: [localhost]

TASK [/stigforge/roles/rhel9_stig : Check if the parameter HostbasedAuthentication is present in /etc/ssh/sshd_config.d] ***
skipping: [localhost]

TASK [/stigforge/roles/rhel9_stig : Remove parameter from files in /etc/ssh/sshd_config.d] ***
skipping: [localhost]

TASK [/stigforge/roles/rhel9_stig : Insert correct line to /etc/ssh/sshd_config.d/01-complianceascode-reinforce-os-defaults.conf] ***
skipping: [localhost]

TASK [/stigforge/roles/rhel9_stig : Disable Host-Based Authentication - set file mode for /etc/ssh/sshd_config.d/01-complianceascode-reinforce-os-defaults.conf] ***
skipping: [localhost]

TASK [/stigforge/roles/rhel9_stig : Enable SSH Server firewalld Firewall Exception - Collect NetworkManager connections names] ***
skipping: [localhost]

TASK [/stigforge/roles/rhel9_stig : Enable SSH Server firewalld Firewall Exception - Collect NetworkManager connections zones] ***
skipping: [localhost]

TASK [/stigforge/roles/rhel9_stig : Enable SSH Server firewalld Firewall Exception - Ensure NetworkManager connections are assigned to a firewalld zone] ***
skipping: [localhost]

TASK [/stigforge/roles/rhel9_stig : Enable SSH Server firewalld Firewall Exception - Ensure NetworkManager connections changes are applied] ***
skipping: [localhost]

TASK [/stigforge/roles/rhel9_stig : Enable SSH Server firewalld Firewall Exception - Collect firewalld active zones] ***
skipping: [localhost]

TASK [/stigforge/roles/rhel9_stig : Enable SSH Server firewalld Firewall Exception - Ensure firewalld zones allow SSH] ***
skipping: [localhost]

TASK [/stigforge/roles/rhel9_stig : Enable SSH Server firewalld Firewall Exception - Ensure firewalld changes are applied] ***
skipping: [localhost]

TASK [/stigforge/roles/rhel9_stig : Enable SSH Server firewalld Firewall Exception - Informative message based on services states] ***
skipping: [localhost]

TASK [/stigforge/roles/rhel9_stig : Deduplicate values from /etc/ssh/sshd_config] ***
skipping: [localhost]

TASK [/stigforge/roles/rhel9_stig : Check if /etc/ssh/sshd_config.d exists] ****
skipping: [localhost]

TASK [/stigforge/roles/rhel9_stig : Check if the parameter Compression is present in /etc/ssh/sshd_config.d] ***
skipping: [localhost]

TASK [/stigforge/roles/rhel9_stig : Remove parameter from files in /etc/ssh/sshd_config.d] ***
skipping: [localhost]

TASK [/stigforge/roles/rhel9_stig : Insert correct line to /etc/ssh/sshd_config.d/00-complianceascode-hardening.conf] ***
skipping: [localhost]

TASK [/stigforge/roles/rhel9_stig : Disable Compression Or Set Compression to delayed - set file mode for /etc/ssh/sshd_config.d/00-complianceascode-hardening.conf] ***
skipping: [localhost]

TASK [/stigforge/roles/rhel9_stig : Deduplicate values from /etc/ssh/sshd_config] ***
skipping: [localhost]

TASK [/stigforge/roles/rhel9_stig : Check if /etc/ssh/sshd_config.d exists] ****
skipping: [localhost]

TASK [/stigforge/roles/rhel9_stig : Check if the parameter PermitEmptyPasswords is present in /etc/ssh/sshd_config.d] ***
skipping: [localhost]

TASK [/stigforge/roles/rhel9_stig : Remove parameter from files in /etc/ssh/sshd_config.d] ***
skipping: [localhost]

TASK [/stigforge/roles/rhel9_stig : Insert correct line to /etc/ssh/sshd_config.d/01-complianceascode-reinforce-os-defaults.conf] ***
skipping: [localhost]

TASK [/stigforge/roles/rhel9_stig : Disable SSH Access via Empty Passwords - set file mode for /etc/ssh/sshd_config.d/01-complianceascode-reinforce-os-defaults.conf] ***
skipping: [localhost]

TASK [/stigforge/roles/rhel9_stig : Deduplicate values from /etc/ssh/sshd_config] ***
skipping: [localhost]

TASK [/stigforge/roles/rhel9_stig : Check if /etc/ssh/sshd_config.d exists] ****
skipping: [localhost]

TASK [/stigforge/roles/rhel9_stig : Check if the parameter GSSAPIAuthentication is present in /etc/ssh/sshd_config.d] ***
skipping: [localhost]

TASK [/stigforge/roles/rhel9_stig : Remove parameter from files in /etc/ssh/sshd_config.d] ***
skipping: [localhost]

TASK [/stigforge/roles/rhel9_stig : Insert correct line to /etc/ssh/sshd_config.d/01-complianceascode-reinforce-os-defaults.conf] ***
skipping: [localhost]

TASK [/stigforge/roles/rhel9_stig : Disable GSSAPI Authentication - set file mode for /etc/ssh/sshd_config.d/01-complianceascode-reinforce-os-defaults.conf] ***
skipping: [localhost]

TASK [/stigforge/roles/rhel9_stig : Deduplicate values from /etc/ssh/sshd_config] ***
skipping: [localhost]

TASK [/stigforge/roles/rhel9_stig : Check if /etc/ssh/sshd_config.d exists] ****
skipping: [localhost]

TASK [/stigforge/roles/rhel9_stig : Check if the parameter KerberosAuthentication is present in /etc/ssh/sshd_config.d] ***
skipping: [localhost]

TASK [/stigforge/roles/rhel9_stig : Remove parameter from files in /etc/ssh/sshd_config.d] ***
skipping: [localhost]

TASK [/stigforge/roles/rhel9_stig : Insert correct line to /etc/ssh/sshd_config.d/01-complianceascode-reinforce-os-defaults.conf] ***
skipping: [localhost]

TASK [/stigforge/roles/rhel9_stig : Disable Kerberos Authentication - set file mode for /etc/ssh/sshd_config.d/01-complianceascode-reinforce-os-defaults.conf] ***
skipping: [localhost]

TASK [/stigforge/roles/rhel9_stig : Deduplicate values from /etc/ssh/sshd_config] ***
skipping: [localhost]

TASK [/stigforge/roles/rhel9_stig : Check if /etc/ssh/sshd_config.d exists] ****
skipping: [localhost]

TASK [/stigforge/roles/rhel9_stig : Check if the parameter IgnoreRhosts is present in /etc/ssh/sshd_config.d] ***
skipping: [localhost]

TASK [/stigforge/roles/rhel9_stig : Remove parameter from files in /etc/ssh/sshd_config.d] ***
skipping: [localhost]

TASK [/stigforge/roles/rhel9_stig : Insert correct line to /etc/ssh/sshd_config.d/01-complianceascode-reinforce-os-defaults.conf] ***
skipping: [localhost]

TASK [/stigforge/roles/rhel9_stig : Disable SSH Support for .rhosts Files - set file mode for /etc/ssh/sshd_config.d/01-complianceascode-reinforce-os-defaults.conf] ***
skipping: [localhost]

TASK [/stigforge/roles/rhel9_stig : Deduplicate values from /etc/ssh/sshd_config] ***
skipping: [localhost]

TASK [/stigforge/roles/rhel9_stig : Check if /etc/ssh/sshd_config.d exists] ****
skipping: [localhost]

TASK [/stigforge/roles/rhel9_stig : Check if the parameter PermitRootLogin is present in /etc/ssh/sshd_config.d] ***
skipping: [localhost]

TASK [/stigforge/roles/rhel9_stig : Remove parameter from files in /etc/ssh/sshd_config.d] ***
skipping: [localhost]

TASK [/stigforge/roles/rhel9_stig : Insert correct line to /etc/ssh/sshd_config.d/00-complianceascode-hardening.conf] ***
skipping: [localhost]

TASK [/stigforge/roles/rhel9_stig : Disable SSH Root Login - set file mode for /etc/ssh/sshd_config.d/00-complianceascode-hardening.conf] ***
skipping: [localhost]

TASK [/stigforge/roles/rhel9_stig : Deduplicate values from /etc/ssh/sshd_config] ***
skipping: [localhost]

TASK [/stigforge/roles/rhel9_stig : Check if /etc/ssh/sshd_config.d exists] ****
skipping: [localhost]

TASK [/stigforge/roles/rhel9_stig : Check if the parameter IgnoreUserKnownHosts is present in /etc/ssh/sshd_config.d] ***
skipping: [localhost]

TASK [/stigforge/roles/rhel9_stig : Remove parameter from files in /etc/ssh/sshd_config.d] ***
skipping: [localhost]

TASK [/stigforge/roles/rhel9_stig : Insert correct line to /etc/ssh/sshd_config.d/00-complianceascode-hardening.conf] ***
skipping: [localhost]

TASK [/stigforge/roles/rhel9_stig : Disable SSH Support for User Known Hosts - set file mode for /etc/ssh/sshd_config.d/00-complianceascode-hardening.conf] ***
skipping: [localhost]

TASK [/stigforge/roles/rhel9_stig : Deduplicate values from /etc/ssh/sshd_config] ***
skipping: [localhost]

TASK [/stigforge/roles/rhel9_stig : Check if /etc/ssh/sshd_config.d exists] ****
skipping: [localhost]

TASK [/stigforge/roles/rhel9_stig : Check if the parameter X11Forwarding is present in /etc/ssh/sshd_config.d] ***
skipping: [localhost]

TASK [/stigforge/roles/rhel9_stig : Remove parameter from files in /etc/ssh/sshd_config.d] ***
skipping: [localhost]

TASK [/stigforge/roles/rhel9_stig : Insert correct line to /etc/ssh/sshd_config.d/01-complianceascode-reinforce-os-defaults.conf] ***
skipping: [localhost]

TASK [/stigforge/roles/rhel9_stig : Disable X11 Forwarding - set file mode for /etc/ssh/sshd_config.d/01-complianceascode-reinforce-os-defaults.conf] ***
skipping: [localhost]

TASK [/stigforge/roles/rhel9_stig : Deduplicate values from /etc/ssh/sshd_config] ***
skipping: [localhost]

TASK [/stigforge/roles/rhel9_stig : Check if /etc/ssh/sshd_config.d exists] ****
skipping: [localhost]

TASK [/stigforge/roles/rhel9_stig : Check if the parameter PermitUserEnvironment is present in /etc/ssh/sshd_config.d] ***
skipping: [localhost]

TASK [/stigforge/roles/rhel9_stig : Remove parameter from files in /etc/ssh/sshd_config.d] ***
skipping: [localhost]

TASK [/stigforge/roles/rhel9_stig : Insert correct line to /etc/ssh/sshd_config.d/01-complianceascode-reinforce-os-defaults.conf] ***
skipping: [localhost]

TASK [/stigforge/roles/rhel9_stig : Do Not Allow SSH Environment Options - set file mode for /etc/ssh/sshd_config.d/01-complianceascode-reinforce-os-defaults.conf] ***
skipping: [localhost]

TASK [/stigforge/roles/rhel9_stig : Deduplicate values from /etc/ssh/sshd_config] ***
skipping: [localhost]

TASK [/stigforge/roles/rhel9_stig : Check if /etc/ssh/sshd_config.d exists] ****
skipping: [localhost]

TASK [/stigforge/roles/rhel9_stig : Check if the parameter UsePAM is present in /etc/ssh/sshd_config.d] ***
skipping: [localhost]

TASK [/stigforge/roles/rhel9_stig : Remove parameter from files in /etc/ssh/sshd_config.d] ***
skipping: [localhost]

TASK [/stigforge/roles/rhel9_stig : Insert correct line to /etc/ssh/sshd_config.d/00-complianceascode-hardening.conf] ***
skipping: [localhost]

TASK [/stigforge/roles/rhel9_stig : Enable PAM - set file mode for /etc/ssh/sshd_config.d/00-complianceascode-hardening.conf] ***
skipping: [localhost]

TASK [/stigforge/roles/rhel9_stig : Deduplicate values from /etc/ssh/sshd_config] ***
skipping: [localhost]

TASK [/stigforge/roles/rhel9_stig : Check if /etc/ssh/sshd_config.d exists] ****
skipping: [localhost]

TASK [/stigforge/roles/rhel9_stig : Check if the parameter PubkeyAuthentication is present in /etc/ssh/sshd_config.d] ***
skipping: [localhost]

TASK [/stigforge/roles/rhel9_stig : Remove parameter from files in /etc/ssh/sshd_config.d] ***
skipping: [localhost]

TASK [/stigforge/roles/rhel9_stig : Insert correct line to /etc/ssh/sshd_config.d/00-complianceascode-hardening.conf] ***
skipping: [localhost]

TASK [/stigforge/roles/rhel9_stig : Enable Public Key Authentication - set file mode for /etc/ssh/sshd_config.d/00-complianceascode-hardening.conf] ***
skipping: [localhost]

TASK [/stigforge/roles/rhel9_stig : Deduplicate values from /etc/ssh/sshd_config] ***
skipping: [localhost]

TASK [/stigforge/roles/rhel9_stig : Check if /etc/ssh/sshd_config.d exists] ****
skipping: [localhost]

TASK [/stigforge/roles/rhel9_stig : Check if the parameter StrictModes is present in /etc/ssh/sshd_config.d] ***
skipping: [localhost]

TASK [/stigforge/roles/rhel9_stig : Remove parameter from files in /etc/ssh/sshd_config.d] ***
skipping: [localhost]

TASK [/stigforge/roles/rhel9_stig : Insert correct line to /etc/ssh/sshd_config.d/01-complianceascode-reinforce-os-defaults.conf] ***
skipping: [localhost]

TASK [/stigforge/roles/rhel9_stig : Enable Use of Strict Mode Checking - set file mode for /etc/ssh/sshd_config.d/01-complianceascode-reinforce-os-defaults.conf] ***
skipping: [localhost]

TASK [/stigforge/roles/rhel9_stig : Deduplicate values from /etc/ssh/sshd_config] ***
skipping: [localhost]

TASK [/stigforge/roles/rhel9_stig : Check if /etc/ssh/sshd_config.d exists] ****
skipping: [localhost]

TASK [/stigforge/roles/rhel9_stig : Check if the parameter Banner is present in /etc/ssh/sshd_config.d] ***
skipping: [localhost]

TASK [/stigforge/roles/rhel9_stig : Remove parameter from files in /etc/ssh/sshd_config.d] ***
skipping: [localhost]

TASK [/stigforge/roles/rhel9_stig : Insert correct line to /etc/ssh/sshd_config.d/00-complianceascode-hardening.conf] ***
skipping: [localhost]

TASK [/stigforge/roles/rhel9_stig : Enable SSH Warning Banner - set file mode for /etc/ssh/sshd_config.d/00-complianceascode-hardening.conf] ***
skipping: [localhost]

TASK [/stigforge/roles/rhel9_stig : Deduplicate values from /etc/ssh/sshd_config] ***
skipping: [localhost]

TASK [/stigforge/roles/rhel9_stig : Check if /etc/ssh/sshd_config.d exists] ****
skipping: [localhost]

TASK [/stigforge/roles/rhel9_stig : Check if the parameter PrintLastLog is present in /etc/ssh/sshd_config.d] ***
skipping: [localhost]

TASK [/stigforge/roles/rhel9_stig : Remove parameter from files in /etc/ssh/sshd_config.d] ***
skipping: [localhost]

TASK [/stigforge/roles/rhel9_stig : Insert correct line to /etc/ssh/sshd_config.d/01-complianceascode-reinforce-os-defaults.conf] ***
skipping: [localhost]

TASK [/stigforge/roles/rhel9_stig : Enable SSH Print Last Log - set file mode for /etc/ssh/sshd_config.d/01-complianceascode-reinforce-os-defaults.conf] ***
skipping: [localhost]

TASK [/stigforge/roles/rhel9_stig : Deduplicate values from /etc/ssh/sshd_config] ***
skipping: [localhost]

TASK [/stigforge/roles/rhel9_stig : Check if /etc/ssh/sshd_config.d exists] ****
skipping: [localhost]

TASK [/stigforge/roles/rhel9_stig : Check if the parameter RekeyLimit is present in /etc/ssh/sshd_config.d] ***
skipping: [localhost]

TASK [/stigforge/roles/rhel9_stig : Remove parameter from files in /etc/ssh/sshd_config.d] ***
skipping: [localhost]

TASK [/stigforge/roles/rhel9_stig : Insert correct line to /etc/ssh/sshd_config.d/00-complianceascode-hardening.conf] ***
skipping: [localhost]

TASK [/stigforge/roles/rhel9_stig : Force frequent session key renegotiation - set file mode for /etc/ssh/sshd_config.d/00-complianceascode-hardening.conf] ***
skipping: [localhost]

TASK [/stigforge/roles/rhel9_stig : Deduplicate values from /etc/ssh/sshd_config] ***
skipping: [localhost]

TASK [/stigforge/roles/rhel9_stig : Check if /etc/ssh/sshd_config.d exists] ****
skipping: [localhost]

TASK [/stigforge/roles/rhel9_stig : Check if the parameter LogLevel is present in /etc/ssh/sshd_config.d] ***
skipping: [localhost]

TASK [/stigforge/roles/rhel9_stig : Remove parameter from files in /etc/ssh/sshd_config.d] ***
skipping: [localhost]

TASK [/stigforge/roles/rhel9_stig : Insert correct line to /etc/ssh/sshd_config.d/00-complianceascode-hardening.conf] ***
skipping: [localhost]

TASK [/stigforge/roles/rhel9_stig : Set SSH Daemon LogLevel to VERBOSE - set file mode for /etc/ssh/sshd_config.d/00-complianceascode-hardening.conf] ***
skipping: [localhost]

TASK [/stigforge/roles/rhel9_stig : Deduplicate values from /etc/ssh/sshd_config] ***
skipping: [localhost]

TASK [/stigforge/roles/rhel9_stig : Check if /etc/ssh/sshd_config.d exists] ****
skipping: [localhost]

TASK [/stigforge/roles/rhel9_stig : Check if the parameter X11UseLocalhost is present in /etc/ssh/sshd_config.d] ***
skipping: [localhost]

TASK [/stigforge/roles/rhel9_stig : Remove parameter from files in /etc/ssh/sshd_config.d] ***
skipping: [localhost]

TASK [/stigforge/roles/rhel9_stig : Insert correct line to /etc/ssh/sshd_config.d/01-complianceascode-reinforce-os-defaults.conf] ***
skipping: [localhost]

TASK [/stigforge/roles/rhel9_stig : Prevent remote hosts from connecting to the proxy display - set file mode for /etc/ssh/sshd_config.d/01-complianceascode-reinforce-os-defaults.conf] ***
skipping: [localhost]

TASK [/stigforge/roles/rhel9_stig : Check for duplicate values] ****************
skipping: [localhost]

TASK [/stigforge/roles/rhel9_stig : Deduplicate values from /etc/usbguard/usbguard-daemon.conf] ***
skipping: [localhost]

TASK [/stigforge/roles/rhel9_stig : Insert correct line to /etc/usbguard/usbguard-daemon.conf] ***
skipping: [localhost]

TASK [/stigforge/roles/rhel9_stig : Switch to multi-user runlevel] *************
skipping: [localhost]

TASK [/stigforge/roles/rhel9_stig : Update grub defaults and the bootloader menu] ***
skipping: [localhost]

TASK [/stigforge/roles/rhel9_stig : Update grub defaults and the bootloader menu] ***
skipping: [localhost]

TASK [/stigforge/roles/rhel9_stig : Ensure auditd Collects Changes to Cron Jobs - /etc/cron.d/ - Check if watch rule for /etc/cron.d/ already exists in /etc/audit/rules.d/] ***
skipping: [localhost]

TASK [/stigforge/roles/rhel9_stig : Ensure auditd Collects Changes to Cron Jobs - /etc/cron.d/ - Search /etc/audit/rules.d for other rules with specified key actions] ***
skipping: [localhost]

TASK [/stigforge/roles/rhel9_stig : Ensure auditd Collects Changes to Cron Jobs - /etc/cron.d/ - Use /etc/audit/rules.d/actions.rules as the recipient for the rule] ***
skipping: [localhost]

TASK [/stigforge/roles/rhel9_stig : Ensure auditd Collects Changes to Cron Jobs - /etc/cron.d/ - Use matched file as the recipient for the rule] ***
skipping: [localhost]

TASK [/stigforge/roles/rhel9_stig : Ensure auditd Collects Changes to Cron Jobs - /etc/cron.d/ - Add watch rule for /etc/cron.d/ in /etc/audit/rules.d/] ***
skipping: [localhost]

TASK [/stigforge/roles/rhel9_stig : Ensure auditd Collects Changes to Cron Jobs - /etc/cron.d/ - Check if watch rule for /etc/cron.d/ already exists in /etc/audit/audit.rules] ***
skipping: [localhost]

TASK [/stigforge/roles/rhel9_stig : Ensure auditd Collects Changes to Cron Jobs - /etc/cron.d/ - Add watch rule for /etc/cron.d/ in /etc/audit/audit.rules] ***
skipping: [localhost]

TASK [/stigforge/roles/rhel9_stig : Collect all files from /etc/audit/rules.d with .rules extension] ***
skipping: [localhost]

TASK [/stigforge/roles/rhel9_stig : Remove the -e option from all Audit config files] ***
skipping: [localhost]

TASK [/stigforge/roles/rhel9_stig : Add Audit -e option into /etc/audit/rules.d/immutable.rules and /etc/audit/audit.rules] ***
skipping: [localhost] => (item=/etc/audit/audit.rules) 
skipping: [localhost] => (item=/etc/audit/rules.d/immutable.rules) 
skipping: [localhost]

TASK [/stigforge/roles/rhel9_stig : Ensure auditd Collects System Administrator Actions - /etc/sudoers - Check if watch rule for /etc/sudoers already exists in /etc/audit/rules.d/] ***
skipping: [localhost]

TASK [/stigforge/roles/rhel9_stig : Ensure auditd Collects System Administrator Actions - /etc/sudoers - Search /etc/audit/rules.d for other rules with specified key actions] ***
skipping: [localhost]

TASK [/stigforge/roles/rhel9_stig : Ensure auditd Collects System Administrator Actions - /etc/sudoers - Use /etc/audit/rules.d/actions.rules as the recipient for the rule] ***
skipping: [localhost]

TASK [/stigforge/roles/rhel9_stig : Ensure auditd Collects System Administrator Actions - /etc/sudoers - Use matched file as the recipient for the rule] ***
skipping: [localhost]

TASK [/stigforge/roles/rhel9_stig : Ensure auditd Collects System Administrator Actions - /etc/sudoers - Add watch rule for /etc/sudoers in /etc/audit/rules.d/] ***
skipping: [localhost]

TASK [/stigforge/roles/rhel9_stig : Ensure auditd Collects System Administrator Actions - /etc/sudoers - Check if watch rule for /etc/sudoers already exists in /etc/audit/audit.rules] ***
skipping: [localhost]

TASK [/stigforge/roles/rhel9_stig : Ensure auditd Collects System Administrator Actions - /etc/sudoers - Add watch rule for /etc/sudoers in /etc/audit/audit.rules] ***
skipping: [localhost]

TASK [/stigforge/roles/rhel9_stig : Ensure auditd Collects System Administrator Actions - /etc/sudoers.d/ - Check if watch rule for /etc/sudoers.d/ already exists in /etc/audit/rules.d/] ***
skipping: [localhost]

TASK [/stigforge/roles/rhel9_stig : Ensure auditd Collects System Administrator Actions - /etc/sudoers.d/ - Search /etc/audit/rules.d for other rules with specified key actions] ***
skipping: [localhost]

TASK [/stigforge/roles/rhel9_stig : Ensure auditd Collects System Administrator Actions - /etc/sudoers.d/ - Use /etc/audit/rules.d/actions.rules as the recipient for the rule] ***
skipping: [localhost]

TASK [/stigforge/roles/rhel9_stig : Ensure auditd Collects System Administrator Actions - /etc/sudoers.d/ - Use matched file as the recipient for the rule] ***
skipping: [localhost]

TASK [/stigforge/roles/rhel9_stig : Ensure auditd Collects System Administrator Actions - /etc/sudoers.d/ - Add watch rule for /etc/sudoers.d/ in /etc/audit/rules.d/] ***
skipping: [localhost]

TASK [/stigforge/roles/rhel9_stig : Ensure auditd Collects System Administrator Actions - /etc/sudoers.d/ - Check if watch rule for /etc/sudoers.d/ already exists in /etc/audit/audit.rules] ***
skipping: [localhost]

TASK [/stigforge/roles/rhel9_stig : Ensure auditd Collects System Administrator Actions - /etc/sudoers.d/ - Add watch rule for /etc/sudoers.d/ in /etc/audit/audit.rules] ***
skipping: [localhost]

TASK [/stigforge/roles/rhel9_stig : Set suid_audit_rules fact] *****************
skipping: [localhost]

TASK [/stigforge/roles/rhel9_stig : Update /etc/audit/rules.d/privileged.rules to audit privileged functions] ***
skipping: [localhost]

TASK [/stigforge/roles/rhel9_stig : Update /etc/audit/audit.rules to audit privileged functions] ***
skipping: [localhost]

TASK [/stigforge/roles/rhel9_stig : Restart Auditd] ****************************
skipping: [localhost]

TASK [/stigforge/roles/rhel9_stig : Collect all files from /etc/audit/rules.d with .rules extension] ***
skipping: [localhost]

TASK [/stigforge/roles/rhel9_stig : Remove the -f option from all Audit config files] ***
skipping: [localhost]

TASK [/stigforge/roles/rhel9_stig : Add Audit -f option into /etc/audit/rules.d/immutable.rules and /etc/audit/audit.rules] ***
skipping: [localhost] => (item=/etc/audit/audit.rules) 
skipping: [localhost] => (item=/etc/audit/rules.d/immutable.rules) 
skipping: [localhost]

TASK [/stigforge/roles/rhel9_stig : Record Events that Modify User/Group Information - /etc/group - Check if watch rule for /etc/group already exists in /etc/audit/rules.d/] ***
skipping: [localhost]

TASK [/stigforge/roles/rhel9_stig : Record Events that Modify User/Group Information - /etc/group - Search /etc/audit/rules.d for other rules with specified key audit_rules_usergroup_modification] ***
skipping: [localhost]

TASK [/stigforge/roles/rhel9_stig : Record Events that Modify User/Group Information - /etc/group - Use /etc/audit/rules.d/audit_rules_usergroup_modification.rules as the recipient for the rule] ***
skipping: [localhost]

TASK [/stigforge/roles/rhel9_stig : Record Events that Modify User/Group Information - /etc/group - Use matched file as the recipient for the rule] ***
skipping: [localhost]

TASK [/stigforge/roles/rhel9_stig : Record Events that Modify User/Group Information - /etc/group - Add watch rule for /etc/group in /etc/audit/rules.d/] ***
skipping: [localhost]

TASK [/stigforge/roles/rhel9_stig : Record Events that Modify User/Group Information - /etc/group - Check if watch rule for /etc/group already exists in /etc/audit/audit.rules] ***
skipping: [localhost]

TASK [/stigforge/roles/rhel9_stig : Record Events that Modify User/Group Information - /etc/group - Add watch rule for /etc/group in /etc/audit/audit.rules] ***
skipping: [localhost]

TASK [/stigforge/roles/rhel9_stig : Record Events that Modify User/Group Information - /etc/gshadow - Check if watch rule for /etc/gshadow already exists in /etc/audit/rules.d/] ***
skipping: [localhost]

TASK [/stigforge/roles/rhel9_stig : Record Events that Modify User/Group Information - /etc/gshadow - Search /etc/audit/rules.d for other rules with specified key audit_rules_usergroup_modification] ***
skipping: [localhost]

TASK [/stigforge/roles/rhel9_stig : Record Events that Modify User/Group Information - /etc/gshadow - Use /etc/audit/rules.d/audit_rules_usergroup_modification.rules as the recipient for the rule] ***
skipping: [localhost]

TASK [/stigforge/roles/rhel9_stig : Record Events that Modify User/Group Information - /etc/gshadow - Use matched file as the recipient for the rule] ***
skipping: [localhost]

TASK [/stigforge/roles/rhel9_stig : Record Events that Modify User/Group Information - /etc/gshadow - Add watch rule for /etc/gshadow in /etc/audit/rules.d/] ***
skipping: [localhost]

TASK [/stigforge/roles/rhel9_stig : Record Events that Modify User/Group Information - /etc/gshadow - Check if watch rule for /etc/gshadow already exists in /etc/audit/audit.rules] ***
skipping: [localhost]

TASK [/stigforge/roles/rhel9_stig : Record Events that Modify User/Group Information - /etc/gshadow - Add watch rule for /etc/gshadow in /etc/audit/audit.rules] ***
skipping: [localhost]

TASK [/stigforge/roles/rhel9_stig : Record Events that Modify User/Group Information - /etc/security/opasswd - Check if watch rule for /etc/security/opasswd already exists in /etc/audit/rules.d/] ***
skipping: [localhost]

TASK [/stigforge/roles/rhel9_stig : Record Events that Modify User/Group Information - /etc/security/opasswd - Search /etc/audit/rules.d for other rules with specified key audit_rules_usergroup_modification] ***
skipping: [localhost]

TASK [/stigforge/roles/rhel9_stig : Record Events that Modify User/Group Information - /etc/security/opasswd - Use /etc/audit/rules.d/audit_rules_usergroup_modification.rules as the recipient for the rule] ***
skipping: [localhost]

TASK [/stigforge/roles/rhel9_stig : Record Events that Modify User/Group Information - /etc/security/opasswd - Use matched file as the recipient for the rule] ***
skipping: [localhost]

TASK [/stigforge/roles/rhel9_stig : Record Events that Modify User/Group Information - /etc/security/opasswd - Add watch rule for /etc/security/opasswd in /etc/audit/rules.d/] ***
skipping: [localhost]

TASK [/stigforge/roles/rhel9_stig : Record Events that Modify User/Group Information - /etc/security/opasswd - Check if watch rule for /etc/security/opasswd already exists in /etc/audit/audit.rules] ***
skipping: [localhost]

TASK [/stigforge/roles/rhel9_stig : Record Events that Modify User/Group Information - /etc/security/opasswd - Add watch rule for /etc/security/opasswd in /etc/audit/audit.rules] ***
skipping: [localhost]

TASK [/stigforge/roles/rhel9_stig : Record Events that Modify User/Group Information - /etc/passwd - Check if watch rule for /etc/passwd already exists in /etc/audit/rules.d/] ***
skipping: [localhost]

TASK [/stigforge/roles/rhel9_stig : Record Events that Modify User/Group Information - /etc/passwd - Search /etc/audit/rules.d for other rules with specified key audit_rules_usergroup_modification_passwd] ***
skipping: [localhost]

TASK [/stigforge/roles/rhel9_stig : Record Events that Modify User/Group Information - /etc/passwd - Use /etc/audit/rules.d/audit_rules_usergroup_modification_passwd.rules as the recipient for the rule] ***
skipping: [localhost]

TASK [/stigforge/roles/rhel9_stig : Record Events that Modify User/Group Information - /etc/passwd - Use matched file as the recipient for the rule] ***
skipping: [localhost]

TASK [/stigforge/roles/rhel9_stig : Record Events that Modify User/Group Information - /etc/passwd - Add watch rule for /etc/passwd in /etc/audit/rules.d/] ***
skipping: [localhost]

TASK [/stigforge/roles/rhel9_stig : Record Events that Modify User/Group Information - /etc/passwd - Check if watch rule for /etc/passwd already exists in /etc/audit/audit.rules] ***
skipping: [localhost]

TASK [/stigforge/roles/rhel9_stig : Record Events that Modify User/Group Information - /etc/passwd - Add watch rule for /etc/passwd in /etc/audit/audit.rules] ***
skipping: [localhost]

TASK [/stigforge/roles/rhel9_stig : Record Events that Modify User/Group Information - /etc/shadow - Check if watch rule for /etc/shadow already exists in /etc/audit/rules.d/] ***
skipping: [localhost]

TASK [/stigforge/roles/rhel9_stig : Record Events that Modify User/Group Information - /etc/shadow - Search /etc/audit/rules.d for other rules with specified key audit_rules_usergroup_modification] ***
skipping: [localhost]

TASK [/stigforge/roles/rhel9_stig : Record Events that Modify User/Group Information - /etc/shadow - Use /etc/audit/rules.d/audit_rules_usergroup_modification.rules as the recipient for the rule] ***
skipping: [localhost]

TASK [/stigforge/roles/rhel9_stig : Record Events that Modify User/Group Information - /etc/shadow - Use matched file as the recipient for the rule] ***
skipping: [localhost]

TASK [/stigforge/roles/rhel9_stig : Record Events that Modify User/Group Information - /etc/shadow - Add watch rule for /etc/shadow in /etc/audit/rules.d/] ***
skipping: [localhost]

TASK [/stigforge/roles/rhel9_stig : Record Events that Modify User/Group Information - /etc/shadow - Check if watch rule for /etc/shadow already exists in /etc/audit/audit.rules] ***
skipping: [localhost]

TASK [/stigforge/roles/rhel9_stig : Record Events that Modify User/Group Information - /etc/shadow - Add watch rule for /etc/shadow in /etc/audit/audit.rules] ***
skipping: [localhost]

TASK [/stigforge/roles/rhel9_stig : Ensure auditd Collects Changes to Cron Jobs - /var/spool/cron - Check if watch rule for /var/spool/cron already exists in /etc/audit/rules.d/] ***
skipping: [localhost]

TASK [/stigforge/roles/rhel9_stig : Ensure auditd Collects Changes to Cron Jobs - /var/spool/cron - Search /etc/audit/rules.d for other rules with specified key cronjobs] ***
skipping: [localhost]

TASK [/stigforge/roles/rhel9_stig : Ensure auditd Collects Changes to Cron Jobs - /var/spool/cron - Use /etc/audit/rules.d/cronjobs.rules as the recipient for the rule] ***
skipping: [localhost]

TASK [/stigforge/roles/rhel9_stig : Ensure auditd Collects Changes to Cron Jobs - /var/spool/cron - Use matched file as the recipient for the rule] ***
skipping: [localhost]

TASK [/stigforge/roles/rhel9_stig : Ensure auditd Collects Changes to Cron Jobs - /var/spool/cron - Add watch rule for /var/spool/cron in /etc/audit/rules.d/] ***
skipping: [localhost]

TASK [/stigforge/roles/rhel9_stig : Ensure auditd Collects Changes to Cron Jobs - /var/spool/cron - Check if watch rule for /var/spool/cron already exists in /etc/audit/audit.rules] ***
skipping: [localhost]

TASK [/stigforge/roles/rhel9_stig : Ensure auditd Collects Changes to Cron Jobs - /var/spool/cron - Add watch rule for /var/spool/cron in /etc/audit/audit.rules] ***
skipping: [localhost]

TASK [/stigforge/roles/rhel9_stig : System Audit Directories Must Be Group Owned By Root - Register Audit Configuration Text] ***
skipping: [localhost]

TASK [/stigforge/roles/rhel9_stig : System Audit Directories Must Be Group Owned By Root - Set Permissions Custom Location] ***
skipping: [localhost]

TASK [/stigforge/roles/rhel9_stig : System Audit Directories Must Be Owned By Root - Register Audit Configuration Text] ***
skipping: [localhost]

TASK [/stigforge/roles/rhel9_stig : System Audit Directories Must Be Owned By Root - Set Permissions Custom Location] ***
skipping: [localhost]

TASK [/stigforge/roles/rhel9_stig : Set the file_groupownership_audit_configuration_newgroup variable if represented by gid] ***
skipping: [localhost]

TASK [/stigforge/roles/rhel9_stig : Find /etc/audit/ file(s) matching ^.*audit(\.rules|d\.conf)$] ***
skipping: [localhost]

TASK [/stigforge/roles/rhel9_stig : Ensure group owner on /etc/audit/ file(s) matching ^.*audit(\.rules|d\.conf)$] ***
skipping: [localhost]

TASK [/stigforge/roles/rhel9_stig : Find /etc/audit/rules.d/ file(s) matching ^.*\.rules$] ***
skipping: [localhost]

TASK [/stigforge/roles/rhel9_stig : Ensure group owner on /etc/audit/rules.d/ file(s) matching ^.*\.rules$] ***
skipping: [localhost]

TASK [/stigforge/roles/rhel9_stig : Set the file_ownership_audit_configuration_newown variable if represented by uid] ***
skipping: [localhost]

TASK [/stigforge/roles/rhel9_stig : Find /etc/audit/ file(s) matching ^.*audit(\.rules|d\.conf)$] ***
skipping: [localhost]

TASK [/stigforge/roles/rhel9_stig : Ensure owner on /etc/audit/ file(s) matching ^.*audit(\.rules|d\.conf)$] ***
skipping: [localhost]

TASK [/stigforge/roles/rhel9_stig : Find /etc/audit/rules.d/ file(s) matching ^.*\.rules$] ***
skipping: [localhost]

TASK [/stigforge/roles/rhel9_stig : Ensure owner on /etc/audit/rules.d/ file(s) matching ^.*\.rules$] ***
skipping: [localhost]

TASK [/stigforge/roles/rhel9_stig : Find /etc/audit/ file(s)] ******************
skipping: [localhost]

TASK [/stigforge/roles/rhel9_stig : Set permissions for /etc/audit/ file(s)] ***
skipping: [localhost]

TASK [/stigforge/roles/rhel9_stig : Find /etc/audit/rules.d/ file(s)] **********
skipping: [localhost]

TASK [/stigforge/roles/rhel9_stig : Set permissions for /etc/audit/rules.d/ file(s)] ***
skipping: [localhost]

TASK [/stigforge/roles/rhel9_stig : Get audit log files] ***********************
skipping: [localhost]

TASK [/stigforge/roles/rhel9_stig : Parse log file line] ***********************
skipping: [localhost]

TASK [/stigforge/roles/rhel9_stig : Set default log_file if not set] ***********
skipping: [localhost]

TASK [/stigforge/roles/rhel9_stig : Set log_file from log_file_line if not set already] ***
skipping: [localhost]

TASK [/stigforge/roles/rhel9_stig : Apply mode to log file] ********************
skipping: [localhost]

TASK [/stigforge/roles/rhel9_stig : Set architecture for audit chmod tasks] ****
skipping: [localhost]

TASK [/stigforge/roles/rhel9_stig : Declare list of syscalls] ******************
skipping: [localhost]

TASK [/stigforge/roles/rhel9_stig : Check existence of chmod in /etc/audit/rules.d/] ***
skipping: [localhost]

TASK [/stigforge/roles/rhel9_stig : Reset syscalls found per file] *************
skipping: [localhost]

TASK [/stigforge/roles/rhel9_stig : Declare syscalls found per file] ***********
skipping: [localhost]

TASK [/stigforge/roles/rhel9_stig : Declare files where syscalls were found] ***
skipping: [localhost]

TASK [/stigforge/roles/rhel9_stig : Count occurrences of syscalls in paths] ****
skipping: [localhost]

TASK [/stigforge/roles/rhel9_stig : Get path with most syscalls] ***************
skipping: [localhost]

TASK [/stigforge/roles/rhel9_stig : No file with syscall found, set path to /etc/audit/rules.d/perm_mod.rules] ***
skipping: [localhost]

TASK [/stigforge/roles/rhel9_stig : Declare found syscalls] ********************
skipping: [localhost]

TASK [/stigforge/roles/rhel9_stig : Declare missing syscalls] ******************
skipping: [localhost]

TASK [/stigforge/roles/rhel9_stig : Replace the audit rule in {{ audit_file }}] ***
skipping: [localhost]

TASK [/stigforge/roles/rhel9_stig : Add the audit rule to {{ audit_file }}] ****
skipping: [localhost]

TASK [/stigforge/roles/rhel9_stig : Declare list of syscalls] ******************
skipping: [localhost]

TASK [/stigforge/roles/rhel9_stig : Check existence of chmod in /etc/audit/audit.rules] ***
skipping: [localhost]

TASK [/stigforge/roles/rhel9_stig : Set path to /etc/audit/audit.rules] ********
skipping: [localhost]

TASK [/stigforge/roles/rhel9_stig : Declare found syscalls] ********************
skipping: [localhost]

TASK [/stigforge/roles/rhel9_stig : Declare missing syscalls] ******************
skipping: [localhost]

TASK [/stigforge/roles/rhel9_stig : Replace the audit rule in {{ audit_file }}] ***
skipping: [localhost]

TASK [/stigforge/roles/rhel9_stig : Add the audit rule to {{ audit_file }}] ****
skipping: [localhost]

TASK [/stigforge/roles/rhel9_stig : Declare list of syscalls] ******************
skipping: [localhost]

TASK [/stigforge/roles/rhel9_stig : Check existence of chmod in /etc/audit/rules.d/] ***
skipping: [localhost]

TASK [/stigforge/roles/rhel9_stig : Reset syscalls found per file] *************
skipping: [localhost]

TASK [/stigforge/roles/rhel9_stig : Declare syscalls found per file] ***********
skipping: [localhost]

TASK [/stigforge/roles/rhel9_stig : Declare files where syscalls were found] ***
skipping: [localhost]

TASK [/stigforge/roles/rhel9_stig : Count occurrences of syscalls in paths] ****
skipping: [localhost]

TASK [/stigforge/roles/rhel9_stig : Get path with most syscalls] ***************
skipping: [localhost]

TASK [/stigforge/roles/rhel9_stig : No file with syscall found, set path to /etc/audit/rules.d/perm_mod.rules] ***
skipping: [localhost]

TASK [/stigforge/roles/rhel9_stig : Declare found syscalls] ********************
skipping: [localhost]

TASK [/stigforge/roles/rhel9_stig : Declare missing syscalls] ******************
skipping: [localhost]

TASK [/stigforge/roles/rhel9_stig : Replace the audit rule in {{ audit_file }}] ***
skipping: [localhost]

TASK [/stigforge/roles/rhel9_stig : Add the audit rule to {{ audit_file }}] ****
skipping: [localhost]

TASK [/stigforge/roles/rhel9_stig : Declare list of syscalls] ******************
skipping: [localhost]

TASK [/stigforge/roles/rhel9_stig : Check existence of chmod in /etc/audit/audit.rules] ***
skipping: [localhost]

TASK [/stigforge/roles/rhel9_stig : Set path to /etc/audit/audit.rules] ********
skipping: [localhost]

TASK [/stigforge/roles/rhel9_stig : Declare found syscalls] ********************
skipping: [localhost]

TASK [/stigforge/roles/rhel9_stig : Declare missing syscalls] ******************
skipping: [localhost]

TASK [/stigforge/roles/rhel9_stig : Replace the audit rule in {{ audit_file }}] ***
skipping: [localhost]

TASK [/stigforge/roles/rhel9_stig : Add the audit rule to {{ audit_file }}] ****
skipping: [localhost]

TASK [/stigforge/roles/rhel9_stig : Set architecture for audit chown tasks] ****
skipping: [localhost]

TASK [/stigforge/roles/rhel9_stig : Declare list of syscalls] ******************
skipping: [localhost]

TASK [/stigforge/roles/rhel9_stig : Check existence of chown in /etc/audit/rules.d/] ***
skipping: [localhost]

TASK [/stigforge/roles/rhel9_stig : Reset syscalls found per file] *************
skipping: [localhost]

TASK [/stigforge/roles/rhel9_stig : Declare syscalls found per file] ***********
skipping: [localhost]

TASK [/stigforge/roles/rhel9_stig : Declare files where syscalls were found] ***
skipping: [localhost]

TASK [/stigforge/roles/rhel9_stig : Count occurrences of syscalls in paths] ****
skipping: [localhost]

TASK [/stigforge/roles/rhel9_stig : Get path with most syscalls] ***************
skipping: [localhost]

TASK [/stigforge/roles/rhel9_stig : No file with syscall found, set path to /etc/audit/rules.d/perm_mod.rules] ***
skipping: [localhost]

TASK [/stigforge/roles/rhel9_stig : Declare found syscalls] ********************
skipping: [localhost]

TASK [/stigforge/roles/rhel9_stig : Declare missing syscalls] ******************
skipping: [localhost]

TASK [/stigforge/roles/rhel9_stig : Replace the audit rule in {{ audit_file }}] ***
skipping: [localhost]

TASK [/stigforge/roles/rhel9_stig : Add the audit rule to {{ audit_file }}] ****
skipping: [localhost]

TASK [/stigforge/roles/rhel9_stig : Declare list of syscalls] ******************
skipping: [localhost]

TASK [/stigforge/roles/rhel9_stig : Check existence of chown in /etc/audit/audit.rules] ***
skipping: [localhost]

TASK [/stigforge/roles/rhel9_stig : Set path to /etc/audit/audit.rules] ********
skipping: [localhost]

TASK [/stigforge/roles/rhel9_stig : Declare found syscalls] ********************
skipping: [localhost]

TASK [/stigforge/roles/rhel9_stig : Declare missing syscalls] ******************
skipping: [localhost]

TASK [/stigforge/roles/rhel9_stig : Replace the audit rule in {{ audit_file }}] ***
skipping: [localhost]

TASK [/stigforge/roles/rhel9_stig : Add the audit rule to {{ audit_file }}] ****
skipping: [localhost]

TASK [/stigforge/roles/rhel9_stig : Declare list of syscalls] ******************
skipping: [localhost]

TASK [/stigforge/roles/rhel9_stig : Check existence of chown in /etc/audit/rules.d/] ***
skipping: [localhost]

TASK [/stigforge/roles/rhel9_stig : Reset syscalls found per file] *************
skipping: [localhost]

TASK [/stigforge/roles/rhel9_stig : Declare syscalls found per file] ***********
skipping: [localhost]

TASK [/stigforge/roles/rhel9_stig : Declare files where syscalls were found] ***
skipping: [localhost]

TASK [/stigforge/roles/rhel9_stig : Count occurrences of syscalls in paths] ****
skipping: [localhost]

TASK [/stigforge/roles/rhel9_stig : Get path with most syscalls] ***************
skipping: [localhost]

TASK [/stigforge/roles/rhel9_stig : No file with syscall found, set path to /etc/audit/rules.d/perm_mod.rules] ***
skipping: [localhost]

TASK [/stigforge/roles/rhel9_stig : Declare found syscalls] ********************
skipping: [localhost]

TASK [/stigforge/roles/rhel9_stig : Declare missing syscalls] ******************
skipping: [localhost]

TASK [/stigforge/roles/rhel9_stig : Replace the audit rule in {{ audit_file }}] ***
skipping: [localhost]

TASK [/stigforge/roles/rhel9_stig : Add the audit rule to {{ audit_file }}] ****
skipping: [localhost]

TASK [/stigforge/roles/rhel9_stig : Declare list of syscalls] ******************
skipping: [localhost]

TASK [/stigforge/roles/rhel9_stig : Check existence of chown in /etc/audit/audit.rules] ***
skipping: [localhost]

TASK [/stigforge/roles/rhel9_stig : Set path to /etc/audit/audit.rules] ********
skipping: [localhost]

TASK [/stigforge/roles/rhel9_stig : Declare found syscalls] ********************
skipping: [localhost]

TASK [/stigforge/roles/rhel9_stig : Declare missing syscalls] ******************
skipping: [localhost]

TASK [/stigforge/roles/rhel9_stig : Replace the audit rule in {{ audit_file }}] ***
skipping: [localhost]

TASK [/stigforge/roles/rhel9_stig : Add the audit rule to {{ audit_file }}] ****
skipping: [localhost]

TASK [/stigforge/roles/rhel9_stig : Set architecture for audit fchmod tasks] ***
skipping: [localhost]

TASK [/stigforge/roles/rhel9_stig : Declare list of syscalls] ******************
skipping: [localhost]

TASK [/stigforge/roles/rhel9_stig : Check existence of fchmod in /etc/audit/rules.d/] ***
skipping: [localhost]

TASK [/stigforge/roles/rhel9_stig : Reset syscalls found per file] *************
skipping: [localhost]

TASK [/stigforge/roles/rhel9_stig : Declare syscalls found per file] ***********
skipping: [localhost]

TASK [/stigforge/roles/rhel9_stig : Declare files where syscalls were found] ***
skipping: [localhost]

TASK [/stigforge/roles/rhel9_stig : Count occurrences of syscalls in paths] ****
skipping: [localhost]

TASK [/stigforge/roles/rhel9_stig : Get path with most syscalls] ***************
skipping: [localhost]

TASK [/stigforge/roles/rhel9_stig : No file with syscall found, set path to /etc/audit/rules.d/perm_mod.rules] ***
skipping: [localhost]

TASK [/stigforge/roles/rhel9_stig : Declare found syscalls] ********************
skipping: [localhost]

TASK [/stigforge/roles/rhel9_stig : Declare missing syscalls] ******************
skipping: [localhost]

TASK [/stigforge/roles/rhel9_stig : Replace the audit rule in {{ audit_file }}] ***
skipping: [localhost]

TASK [/stigforge/roles/rhel9_stig : Add the audit rule to {{ audit_file }}] ****
skipping: [localhost]

TASK [/stigforge/roles/rhel9_stig : Declare list of syscalls] ******************
skipping: [localhost]

TASK [/stigforge/roles/rhel9_stig : Check existence of fchmod in /etc/audit/audit.rules] ***
skipping: [localhost]

TASK [/stigforge/roles/rhel9_stig : Set path to /etc/audit/audit.rules] ********
skipping: [localhost]

TASK [/stigforge/roles/rhel9_stig : Declare found syscalls] ********************
skipping: [localhost]

TASK [/stigforge/roles/rhel9_stig : Declare missing syscalls] ******************
skipping: [localhost]

TASK [/stigforge/roles/rhel9_stig : Replace the audit rule in {{ audit_file }}] ***
skipping: [localhost]

TASK [/stigforge/roles/rhel9_stig : Add the audit rule to {{ audit_file }}] ****
skipping: [localhost]

TASK [/stigforge/roles/rhel9_stig : Declare list of syscalls] ******************
skipping: [localhost]

TASK [/stigforge/roles/rhel9_stig : Check existence of fchmod in /etc/audit/rules.d/] ***
skipping: [localhost]

TASK [/stigforge/roles/rhel9_stig : Reset syscalls found per file] *************
skipping: [localhost]

TASK [/stigforge/roles/rhel9_stig : Declare syscalls found per file] ***********
skipping: [localhost]

TASK [/stigforge/roles/rhel9_stig : Declare files where syscalls were found] ***
skipping: [localhost]

TASK [/stigforge/roles/rhel9_stig : Count occurrences of syscalls in paths] ****
skipping: [localhost]

TASK [/stigforge/roles/rhel9_stig : Get path with most syscalls] ***************
skipping: [localhost]

TASK [/stigforge/roles/rhel9_stig : No file with syscall found, set path to /etc/audit/rules.d/perm_mod.rules] ***
skipping: [localhost]

TASK [/stigforge/roles/rhel9_stig : Declare found syscalls] ********************
skipping: [localhost]

TASK [/stigforge/roles/rhel9_stig : Declare missing syscalls] ******************
skipping: [localhost]

TASK [/stigforge/roles/rhel9_stig : Replace the audit rule in {{ audit_file }}] ***
skipping: [localhost]

TASK [/stigforge/roles/rhel9_stig : Add the audit rule to {{ audit_file }}] ****
skipping: [localhost]

TASK [/stigforge/roles/rhel9_stig : Declare list of syscalls] ******************
skipping: [localhost]

TASK [/stigforge/roles/rhel9_stig : Check existence of fchmod in /etc/audit/audit.rules] ***
skipping: [localhost]

TASK [/stigforge/roles/rhel9_stig : Set path to /etc/audit/audit.rules] ********
skipping: [localhost]

TASK [/stigforge/roles/rhel9_stig : Declare found syscalls] ********************
skipping: [localhost]

TASK [/stigforge/roles/rhel9_stig : Declare missing syscalls] ******************
skipping: [localhost]

TASK [/stigforge/roles/rhel9_stig : Replace the audit rule in {{ audit_file }}] ***
skipping: [localhost]

TASK [/stigforge/roles/rhel9_stig : Add the audit rule to {{ audit_file }}] ****
skipping: [localhost]

TASK [/stigforge/roles/rhel9_stig : Set architecture for audit fchmodat tasks] ***
skipping: [localhost]

TASK [/stigforge/roles/rhel9_stig : Declare list of syscalls] ******************
skipping: [localhost]

TASK [/stigforge/roles/rhel9_stig : Check existence of fchmodat in /etc/audit/rules.d/] ***
skipping: [localhost]

TASK [/stigforge/roles/rhel9_stig : Reset syscalls found per file] *************
skipping: [localhost]

TASK [/stigforge/roles/rhel9_stig : Declare syscalls found per file] ***********
skipping: [localhost]

TASK [/stigforge/roles/rhel9_stig : Declare files where syscalls were found] ***
skipping: [localhost]

TASK [/stigforge/roles/rhel9_stig : Count occurrences of syscalls in paths] ****
skipping: [localhost]

TASK [/stigforge/roles/rhel9_stig : Get path with most syscalls] ***************
skipping: [localhost]

TASK [/stigforge/roles/rhel9_stig : No file with syscall found, set path to /etc/audit/rules.d/perm_mod.rules] ***
skipping: [localhost]

TASK [/stigforge/roles/rhel9_stig : Declare found syscalls] ********************
skipping: [localhost]

TASK [/stigforge/roles/rhel9_stig : Declare missing syscalls] ******************
skipping: [localhost]

TASK [/stigforge/roles/rhel9_stig : Replace the audit rule in {{ audit_file }}] ***
skipping: [localhost]

TASK [/stigforge/roles/rhel9_stig : Add the audit rule to {{ audit_file }}] ****
skipping: [localhost]

TASK [/stigforge/roles/rhel9_stig : Declare list of syscalls] ******************
skipping: [localhost]

TASK [/stigforge/roles/rhel9_stig : Check existence of fchmodat in /etc/audit/audit.rules] ***
skipping: [localhost]

TASK [/stigforge/roles/rhel9_stig : Set path to /etc/audit/audit.rules] ********
skipping: [localhost]

TASK [/stigforge/roles/rhel9_stig : Declare found syscalls] ********************
skipping: [localhost]

TASK [/stigforge/roles/rhel9_stig : Declare missing syscalls] ******************
skipping: [localhost]

TASK [/stigforge/roles/rhel9_stig : Replace the audit rule in {{ audit_file }}] ***
skipping: [localhost]

TASK [/stigforge/roles/rhel9_stig : Add the audit rule to {{ audit_file }}] ****
skipping: [localhost]

TASK [/stigforge/roles/rhel9_stig : Declare list of syscalls] ******************
skipping: [localhost]

TASK [/stigforge/roles/rhel9_stig : Check existence of fchmodat in /etc/audit/rules.d/] ***
skipping: [localhost]

TASK [/stigforge/roles/rhel9_stig : Reset syscalls found per file] *************
skipping: [localhost]

TASK [/stigforge/roles/rhel9_stig : Declare syscalls found per file] ***********
skipping: [localhost]

TASK [/stigforge/roles/rhel9_stig : Declare files where syscalls were found] ***
skipping: [localhost]

TASK [/stigforge/roles/rhel9_stig : Count occurrences of syscalls in paths] ****
skipping: [localhost]

TASK [/stigforge/roles/rhel9_stig : Get path with most syscalls] ***************
skipping: [localhost]

TASK [/stigforge/roles/rhel9_stig : No file with syscall found, set path to /etc/audit/rules.d/perm_mod.rules] ***
skipping: [localhost]

TASK [/stigforge/roles/rhel9_stig : Declare found syscalls] ********************
skipping: [localhost]

TASK [/stigforge/roles/rhel9_stig : Declare missing syscalls] ******************
skipping: [localhost]

TASK [/stigforge/roles/rhel9_stig : Replace the audit rule in {{ audit_file }}] ***
skipping: [localhost]

TASK [/stigforge/roles/rhel9_stig : Add the audit rule to {{ audit_file }}] ****
skipping: [localhost]

TASK [/stigforge/roles/rhel9_stig : Declare list of syscalls] ******************
skipping: [localhost]

TASK [/stigforge/roles/rhel9_stig : Check existence of fchmodat in /etc/audit/audit.rules] ***
skipping: [localhost]

TASK [/stigforge/roles/rhel9_stig : Set path to /etc/audit/audit.rules] ********
skipping: [localhost]

TASK [/stigforge/roles/rhel9_stig : Declare found syscalls] ********************
skipping: [localhost]

TASK [/stigforge/roles/rhel9_stig : Declare missing syscalls] ******************
skipping: [localhost]

TASK [/stigforge/roles/rhel9_stig : Replace the audit rule in {{ audit_file }}] ***
skipping: [localhost]

TASK [/stigforge/roles/rhel9_stig : Add the audit rule to {{ audit_file }}] ****
skipping: [localhost]

TASK [/stigforge/roles/rhel9_stig : Set architecture for audit fchown tasks] ***
skipping: [localhost]

TASK [/stigforge/roles/rhel9_stig : Declare list of syscalls] ******************
skipping: [localhost]

TASK [/stigforge/roles/rhel9_stig : Check existence of fchown in /etc/audit/rules.d/] ***
skipping: [localhost]

TASK [/stigforge/roles/rhel9_stig : Reset syscalls found per file] *************
skipping: [localhost]

TASK [/stigforge/roles/rhel9_stig : Declare syscalls found per file] ***********
skipping: [localhost]

TASK [/stigforge/roles/rhel9_stig : Declare files where syscalls were found] ***
skipping: [localhost]

TASK [/stigforge/roles/rhel9_stig : Count occurrences of syscalls in paths] ****
skipping: [localhost]

TASK [/stigforge/roles/rhel9_stig : Get path with most syscalls] ***************
skipping: [localhost]

TASK [/stigforge/roles/rhel9_stig : No file with syscall found, set path to /etc/audit/rules.d/perm_mod.rules] ***
skipping: [localhost]

TASK [/stigforge/roles/rhel9_stig : Declare found syscalls] ********************
skipping: [localhost]

TASK [/stigforge/roles/rhel9_stig : Declare missing syscalls] ******************
skipping: [localhost]

TASK [/stigforge/roles/rhel9_stig : Replace the audit rule in {{ audit_file }}] ***
skipping: [localhost]

TASK [/stigforge/roles/rhel9_stig : Add the audit rule to {{ audit_file }}] ****
skipping: [localhost]

TASK [/stigforge/roles/rhel9_stig : Declare list of syscalls] ******************
skipping: [localhost]

TASK [/stigforge/roles/rhel9_stig : Check existence of fchown in /etc/audit/audit.rules] ***
skipping: [localhost]

TASK [/stigforge/roles/rhel9_stig : Set path to /etc/audit/audit.rules] ********
skipping: [localhost]

TASK [/stigforge/roles/rhel9_stig : Declare found syscalls] ********************
skipping: [localhost]

TASK [/stigforge/roles/rhel9_stig : Declare missing syscalls] ******************
skipping: [localhost]

TASK [/stigforge/roles/rhel9_stig : Replace the audit rule in {{ audit_file }}] ***
skipping: [localhost]

TASK [/stigforge/roles/rhel9_stig : Add the audit rule to {{ audit_file }}] ****
skipping: [localhost]

TASK [/stigforge/roles/rhel9_stig : Declare list of syscalls] ******************
skipping: [localhost]

TASK [/stigforge/roles/rhel9_stig : Check existence of fchown in /etc/audit/rules.d/] ***
skipping: [localhost]

TASK [/stigforge/roles/rhel9_stig : Reset syscalls found per file] *************
skipping: [localhost]

TASK [/stigforge/roles/rhel9_stig : Declare syscalls found per file] ***********
skipping: [localhost]

TASK [/stigforge/roles/rhel9_stig : Declare files where syscalls were found] ***
skipping: [localhost]

TASK [/stigforge/roles/rhel9_stig : Count occurrences of syscalls in paths] ****
skipping: [localhost]

TASK [/stigforge/roles/rhel9_stig : Get path with most syscalls] ***************
skipping: [localhost]

TASK [/stigforge/roles/rhel9_stig : No file with syscall found, set path to /etc/audit/rules.d/perm_mod.rules] ***
skipping: [localhost]

TASK [/stigforge/roles/rhel9_stig : Declare found syscalls] ********************
skipping: [localhost]

TASK [/stigforge/roles/rhel9_stig : Declare missing syscalls] ******************
skipping: [localhost]

TASK [/stigforge/roles/rhel9_stig : Replace the audit rule in {{ audit_file }}] ***
skipping: [localhost]

TASK [/stigforge/roles/rhel9_stig : Add the audit rule to {{ audit_file }}] ****
skipping: [localhost]

TASK [/stigforge/roles/rhel9_stig : Declare list of syscalls] ******************
skipping: [localhost]

TASK [/stigforge/roles/rhel9_stig : Check existence of fchown in /etc/audit/audit.rules] ***
skipping: [localhost]

TASK [/stigforge/roles/rhel9_stig : Set path to /etc/audit/audit.rules] ********
skipping: [localhost]

TASK [/stigforge/roles/rhel9_stig : Declare found syscalls] ********************
skipping: [localhost]

TASK [/stigforge/roles/rhel9_stig : Declare missing syscalls] ******************
skipping: [localhost]

TASK [/stigforge/roles/rhel9_stig : Replace the audit rule in {{ audit_file }}] ***
skipping: [localhost]

TASK [/stigforge/roles/rhel9_stig : Add the audit rule to {{ audit_file }}] ****
skipping: [localhost]

TASK [/stigforge/roles/rhel9_stig : Set architecture for audit fchownat tasks] ***
skipping: [localhost]

TASK [/stigforge/roles/rhel9_stig : Declare list of syscalls] ******************
skipping: [localhost]

TASK [/stigforge/roles/rhel9_stig : Check existence of fchownat in /etc/audit/rules.d/] ***
skipping: [localhost]

TASK [/stigforge/roles/rhel9_stig : Reset syscalls found per file] *************
skipping: [localhost]

TASK [/stigforge/roles/rhel9_stig : Declare syscalls found per file] ***********
skipping: [localhost]

TASK [/stigforge/roles/rhel9_stig : Declare files where syscalls were found] ***
skipping: [localhost]

TASK [/stigforge/roles/rhel9_stig : Count occurrences of syscalls in paths] ****
skipping: [localhost]

TASK [/stigforge/roles/rhel9_stig : Get path with most syscalls] ***************
skipping: [localhost]

TASK [/stigforge/roles/rhel9_stig : No file with syscall found, set path to /etc/audit/rules.d/perm_mod.rules] ***
skipping: [localhost]

TASK [/stigforge/roles/rhel9_stig : Declare found syscalls] ********************
skipping: [localhost]

TASK [/stigforge/roles/rhel9_stig : Declare missing syscalls] ******************
skipping: [localhost]

TASK [/stigforge/roles/rhel9_stig : Replace the audit rule in {{ audit_file }}] ***
skipping: [localhost]

TASK [/stigforge/roles/rhel9_stig : Add the audit rule to {{ audit_file }}] ****
skipping: [localhost]

TASK [/stigforge/roles/rhel9_stig : Declare list of syscalls] ******************
skipping: [localhost]

TASK [/stigforge/roles/rhel9_stig : Check existence of fchownat in /etc/audit/audit.rules] ***
skipping: [localhost]

TASK [/stigforge/roles/rhel9_stig : Set path to /etc/audit/audit.rules] ********
skipping: [localhost]

TASK [/stigforge/roles/rhel9_stig : Declare found syscalls] ********************
skipping: [localhost]

TASK [/stigforge/roles/rhel9_stig : Declare missing syscalls] ******************
skipping: [localhost]

TASK [/stigforge/roles/rhel9_stig : Replace the audit rule in {{ audit_file }}] ***
skipping: [localhost]

TASK [/stigforge/roles/rhel9_stig : Add the audit rule to {{ audit_file }}] ****
skipping: [localhost]

TASK [/stigforge/roles/rhel9_stig : Declare list of syscalls] ******************
skipping: [localhost]

TASK [/stigforge/roles/rhel9_stig : Check existence of fchownat in /etc/audit/rules.d/] ***
skipping: [localhost]

TASK [/stigforge/roles/rhel9_stig : Reset syscalls found per file] *************
skipping: [localhost]

TASK [/stigforge/roles/rhel9_stig : Declare syscalls found per file] ***********
skipping: [localhost]

TASK [/stigforge/roles/rhel9_stig : Declare files where syscalls were found] ***
skipping: [localhost]

TASK [/stigforge/roles/rhel9_stig : Count occurrences of syscalls in paths] ****
skipping: [localhost]

TASK [/stigforge/roles/rhel9_stig : Get path with most syscalls] ***************
skipping: [localhost]

TASK [/stigforge/roles/rhel9_stig : No file with syscall found, set path to /etc/audit/rules.d/perm_mod.rules] ***
skipping: [localhost]

TASK [/stigforge/roles/rhel9_stig : Declare found syscalls] ********************
skipping: [localhost]

TASK [/stigforge/roles/rhel9_stig : Declare missing syscalls] ******************
skipping: [localhost]

TASK [/stigforge/roles/rhel9_stig : Replace the audit rule in {{ audit_file }}] ***
skipping: [localhost]

TASK [/stigforge/roles/rhel9_stig : Add the audit rule to {{ audit_file }}] ****
skipping: [localhost]

TASK [/stigforge/roles/rhel9_stig : Declare list of syscalls] ******************
skipping: [localhost]

TASK [/stigforge/roles/rhel9_stig : Check existence of fchownat in /etc/audit/audit.rules] ***
skipping: [localhost]

TASK [/stigforge/roles/rhel9_stig : Set path to /etc/audit/audit.rules] ********
skipping: [localhost]

TASK [/stigforge/roles/rhel9_stig : Declare found syscalls] ********************
skipping: [localhost]

TASK [/stigforge/roles/rhel9_stig : Declare missing syscalls] ******************
skipping: [localhost]

TASK [/stigforge/roles/rhel9_stig : Replace the audit rule in {{ audit_file }}] ***
skipping: [localhost]

TASK [/stigforge/roles/rhel9_stig : Add the audit rule to {{ audit_file }}] ****
skipping: [localhost]

TASK [/stigforge/roles/rhel9_stig : Set architecture for audit fremovexattr tasks] ***
skipping: [localhost]

TASK [/stigforge/roles/rhel9_stig : Declare list of syscalls] ******************
skipping: [localhost]

TASK [/stigforge/roles/rhel9_stig : Check existence of fremovexattr in /etc/audit/rules.d/] ***
skipping: [localhost]

TASK [/stigforge/roles/rhel9_stig : Reset syscalls found per file] *************
skipping: [localhost]

TASK [/stigforge/roles/rhel9_stig : Declare syscalls found per file] ***********
skipping: [localhost]

TASK [/stigforge/roles/rhel9_stig : Declare files where syscalls were found] ***
skipping: [localhost]

TASK [/stigforge/roles/rhel9_stig : Count occurrences of syscalls in paths] ****
skipping: [localhost]

TASK [/stigforge/roles/rhel9_stig : Get path with most syscalls] ***************
skipping: [localhost]

TASK [/stigforge/roles/rhel9_stig : No file with syscall found, set path to /etc/audit/rules.d/perm_mod.rules] ***
skipping: [localhost]

TASK [/stigforge/roles/rhel9_stig : Declare found syscalls] ********************
skipping: [localhost]

TASK [/stigforge/roles/rhel9_stig : Declare missing syscalls] ******************
skipping: [localhost]

TASK [/stigforge/roles/rhel9_stig : Replace the audit rule in {{ audit_file }}] ***
skipping: [localhost]

TASK [/stigforge/roles/rhel9_stig : Add the audit rule to {{ audit_file }}] ****
skipping: [localhost]

TASK [/stigforge/roles/rhel9_stig : Declare list of syscalls] ******************
skipping: [localhost]

TASK [/stigforge/roles/rhel9_stig : Check existence of fremovexattr in /etc/audit/audit.rules] ***
skipping: [localhost]

TASK [/stigforge/roles/rhel9_stig : Set path to /etc/audit/audit.rules] ********
skipping: [localhost]

TASK [/stigforge/roles/rhel9_stig : Declare found syscalls] ********************
skipping: [localhost]

TASK [/stigforge/roles/rhel9_stig : Declare missing syscalls] ******************
skipping: [localhost]

TASK [/stigforge/roles/rhel9_stig : Replace the audit rule in {{ audit_file }}] ***
skipping: [localhost]

TASK [/stigforge/roles/rhel9_stig : Add the audit rule to {{ audit_file }}] ****
skipping: [localhost]

TASK [/stigforge/roles/rhel9_stig : Declare list of syscalls] ******************
skipping: [localhost]

TASK [/stigforge/roles/rhel9_stig : Check existence of fremovexattr in /etc/audit/rules.d/] ***
skipping: [localhost]

TASK [/stigforge/roles/rhel9_stig : Reset syscalls found per file] *************
skipping: [localhost]

TASK [/stigforge/roles/rhel9_stig : Declare syscalls found per file] ***********
skipping: [localhost]

TASK [/stigforge/roles/rhel9_stig : Declare files where syscalls were found] ***
skipping: [localhost]

TASK [/stigforge/roles/rhel9_stig : Count occurrences of syscalls in paths] ****
skipping: [localhost]

TASK [/stigforge/roles/rhel9_stig : Get path with most syscalls] ***************
skipping: [localhost]

TASK [/stigforge/roles/rhel9_stig : No file with syscall found, set path to /etc/audit/rules.d/perm_mod.rules] ***
skipping: [localhost]

TASK [/stigforge/roles/rhel9_stig : Declare found syscalls] ********************
skipping: [localhost]

TASK [/stigforge/roles/rhel9_stig : Declare missing syscalls] ******************
skipping: [localhost]

TASK [/stigforge/roles/rhel9_stig : Replace the audit rule in {{ audit_file }}] ***
skipping: [localhost]

TASK [/stigforge/roles/rhel9_stig : Add the audit rule to {{ audit_file }}] ****
skipping: [localhost]

TASK [/stigforge/roles/rhel9_stig : Declare list of syscalls] ******************
skipping: [localhost]

TASK [/stigforge/roles/rhel9_stig : Check existence of fremovexattr in /etc/audit/audit.rules] ***
skipping: [localhost]

TASK [/stigforge/roles/rhel9_stig : Set path to /etc/audit/audit.rules] ********
skipping: [localhost]

TASK [/stigforge/roles/rhel9_stig : Declare found syscalls] ********************
skipping: [localhost]

TASK [/stigforge/roles/rhel9_stig : Declare missing syscalls] ******************
skipping: [localhost]

TASK [/stigforge/roles/rhel9_stig : Replace the audit rule in {{ audit_file }}] ***
skipping: [localhost]

TASK [/stigforge/roles/rhel9_stig : Add the audit rule to {{ audit_file }}] ****
skipping: [localhost]

TASK [/stigforge/roles/rhel9_stig : Declare list of syscalls] ******************
skipping: [localhost]

TASK [/stigforge/roles/rhel9_stig : Check existence of fremovexattr in /etc/audit/rules.d/] ***
skipping: [localhost]

TASK [/stigforge/roles/rhel9_stig : Reset syscalls found per file] *************
skipping: [localhost]

TASK [/stigforge/roles/rhel9_stig : Declare syscalls found per file] ***********
skipping: [localhost]

TASK [/stigforge/roles/rhel9_stig : Declare files where syscalls were found] ***
skipping: [localhost]

TASK [/stigforge/roles/rhel9_stig : Count occurrences of syscalls in paths] ****
skipping: [localhost]

TASK [/stigforge/roles/rhel9_stig : Get path with most syscalls] ***************
skipping: [localhost]

TASK [/stigforge/roles/rhel9_stig : No file with syscall found, set path to /etc/audit/rules.d/perm_mod.rules] ***
skipping: [localhost]

TASK [/stigforge/roles/rhel9_stig : Declare found syscalls] ********************
skipping: [localhost]

TASK [/stigforge/roles/rhel9_stig : Declare missing syscalls] ******************
skipping: [localhost]

TASK [/stigforge/roles/rhel9_stig : Replace the audit rule in {{ audit_file }}] ***
skipping: [localhost]

TASK [/stigforge/roles/rhel9_stig : Add the audit rule to {{ audit_file }}] ****
skipping: [localhost]

TASK [/stigforge/roles/rhel9_stig : Declare list of syscalls] ******************
skipping: [localhost]

TASK [/stigforge/roles/rhel9_stig : Check existence of fremovexattr in /etc/audit/audit.rules] ***
skipping: [localhost]

TASK [/stigforge/roles/rhel9_stig : Set path to /etc/audit/audit.rules] ********
skipping: [localhost]

TASK [/stigforge/roles/rhel9_stig : Declare found syscalls] ********************
skipping: [localhost]

TASK [/stigforge/roles/rhel9_stig : Declare missing syscalls] ******************
skipping: [localhost]

TASK [/stigforge/roles/rhel9_stig : Replace the audit rule in {{ audit_file }}] ***
skipping: [localhost]

TASK [/stigforge/roles/rhel9_stig : Add the audit rule to {{ audit_file }}] ****
skipping: [localhost]

TASK [/stigforge/roles/rhel9_stig : Declare list of syscalls] ******************
skipping: [localhost]

TASK [/stigforge/roles/rhel9_stig : Check existence of fremovexattr in /etc/audit/rules.d/] ***
skipping: [localhost]

TASK [/stigforge/roles/rhel9_stig : Reset syscalls found per file] *************
skipping: [localhost]

TASK [/stigforge/roles/rhel9_stig : Declare syscalls found per file] ***********
skipping: [localhost]

TASK [/stigforge/roles/rhel9_stig : Declare files where syscalls were found] ***
skipping: [localhost]

TASK [/stigforge/roles/rhel9_stig : Count occurrences of syscalls in paths] ****
skipping: [localhost]

TASK [/stigforge/roles/rhel9_stig : Get path with most syscalls] ***************
skipping: [localhost]

TASK [/stigforge/roles/rhel9_stig : No file with syscall found, set path to /etc/audit/rules.d/perm_mod.rules] ***
skipping: [localhost]

TASK [/stigforge/roles/rhel9_stig : Declare found syscalls] ********************
skipping: [localhost]

TASK [/stigforge/roles/rhel9_stig : Declare missing syscalls] ******************
skipping: [localhost]

TASK [/stigforge/roles/rhel9_stig : Replace the audit rule in {{ audit_file }}] ***
skipping: [localhost]

TASK [/stigforge/roles/rhel9_stig : Add the audit rule to {{ audit_file }}] ****
skipping: [localhost]

TASK [/stigforge/roles/rhel9_stig : Declare list of syscalls] ******************
skipping: [localhost]

TASK [/stigforge/roles/rhel9_stig : Check existence of fremovexattr in /etc/audit/audit.rules] ***
skipping: [localhost]

TASK [/stigforge/roles/rhel9_stig : Set path to /etc/audit/audit.rules] ********
skipping: [localhost]

TASK [/stigforge/roles/rhel9_stig : Declare found syscalls] ********************
skipping: [localhost]

TASK [/stigforge/roles/rhel9_stig : Declare missing syscalls] ******************
skipping: [localhost]

TASK [/stigforge/roles/rhel9_stig : Replace the audit rule in {{ audit_file }}] ***
skipping: [localhost]

TASK [/stigforge/roles/rhel9_stig : Add the audit rule to {{ audit_file }}] ****
skipping: [localhost]

TASK [/stigforge/roles/rhel9_stig : Set architecture for audit fsetxattr tasks] ***
skipping: [localhost]

TASK [/stigforge/roles/rhel9_stig : Declare list of syscalls] ******************
skipping: [localhost]

TASK [/stigforge/roles/rhel9_stig : Check existence of fsetxattr in /etc/audit/rules.d/] ***
skipping: [localhost]

TASK [/stigforge/roles/rhel9_stig : Reset syscalls found per file] *************
skipping: [localhost]

TASK [/stigforge/roles/rhel9_stig : Declare syscalls found per file] ***********
skipping: [localhost]

TASK [/stigforge/roles/rhel9_stig : Declare files where syscalls were found] ***
skipping: [localhost]

TASK [/stigforge/roles/rhel9_stig : Count occurrences of syscalls in paths] ****
skipping: [localhost]

TASK [/stigforge/roles/rhel9_stig : Get path with most syscalls] ***************
skipping: [localhost]

TASK [/stigforge/roles/rhel9_stig : No file with syscall found, set path to /etc/audit/rules.d/perm_mod.rules] ***
skipping: [localhost]

TASK [/stigforge/roles/rhel9_stig : Declare found syscalls] ********************
skipping: [localhost]

TASK [/stigforge/roles/rhel9_stig : Declare missing syscalls] ******************
skipping: [localhost]

TASK [/stigforge/roles/rhel9_stig : Replace the audit rule in {{ audit_file }}] ***
skipping: [localhost]

TASK [/stigforge/roles/rhel9_stig : Add the audit rule to {{ audit_file }}] ****
skipping: [localhost]

TASK [/stigforge/roles/rhel9_stig : Declare list of syscalls] ******************
skipping: [localhost]

TASK [/stigforge/roles/rhel9_stig : Check existence of fsetxattr in /etc/audit/audit.rules] ***
skipping: [localhost]

TASK [/stigforge/roles/rhel9_stig : Set path to /etc/audit/audit.rules] ********
skipping: [localhost]

TASK [/stigforge/roles/rhel9_stig : Declare found syscalls] ********************
skipping: [localhost]

TASK [/stigforge/roles/rhel9_stig : Declare missing syscalls] ******************
skipping: [localhost]

TASK [/stigforge/roles/rhel9_stig : Replace the audit rule in {{ audit_file }}] ***
skipping: [localhost]

TASK [/stigforge/roles/rhel9_stig : Add the audit rule to {{ audit_file }}] ****
skipping: [localhost]

TASK [/stigforge/roles/rhel9_stig : Declare list of syscalls] ******************
skipping: [localhost]

TASK [/stigforge/roles/rhel9_stig : Check existence of fsetxattr in /etc/audit/rules.d/] ***
skipping: [localhost]

TASK [/stigforge/roles/rhel9_stig : Reset syscalls found per file] *************
skipping: [localhost]

TASK [/stigforge/roles/rhel9_stig : Declare syscalls found per file] ***********
skipping: [localhost]

TASK [/stigforge/roles/rhel9_stig : Declare files where syscalls were found] ***
skipping: [localhost]

TASK [/stigforge/roles/rhel9_stig : Count occurrences of syscalls in paths] ****
skipping: [localhost]

TASK [/stigforge/roles/rhel9_stig : Get path with most syscalls] ***************
skipping: [localhost]

TASK [/stigforge/roles/rhel9_stig : No file with syscall found, set path to /etc/audit/rules.d/perm_mod.rules] ***
skipping: [localhost]

TASK [/stigforge/roles/rhel9_stig : Declare found syscalls] ********************
skipping: [localhost]

TASK [/stigforge/roles/rhel9_stig : Declare missing syscalls] ******************
skipping: [localhost]

TASK [/stigforge/roles/rhel9_stig : Replace the audit rule in {{ audit_file }}] ***
skipping: [localhost]

TASK [/stigforge/roles/rhel9_stig : Add the audit rule to {{ audit_file }}] ****
skipping: [localhost]

TASK [/stigforge/roles/rhel9_stig : Declare list of syscalls] ******************
skipping: [localhost]

TASK [/stigforge/roles/rhel9_stig : Check existence of fsetxattr in /etc/audit/audit.rules] ***
skipping: [localhost]

TASK [/stigforge/roles/rhel9_stig : Set path to /etc/audit/audit.rules] ********
skipping: [localhost]

TASK [/stigforge/roles/rhel9_stig : Declare found syscalls] ********************
skipping: [localhost]

TASK [/stigforge/roles/rhel9_stig : Declare missing syscalls] ******************
skipping: [localhost]

TASK [/stigforge/roles/rhel9_stig : Replace the audit rule in {{ audit_file }}] ***
skipping: [localhost]

TASK [/stigforge/roles/rhel9_stig : Add the audit rule to {{ audit_file }}] ****
skipping: [localhost]

TASK [/stigforge/roles/rhel9_stig : Declare list of syscalls] ******************
skipping: [localhost]

TASK [/stigforge/roles/rhel9_stig : Check existence of fsetxattr in /etc/audit/rules.d/] ***
skipping: [localhost]

TASK [/stigforge/roles/rhel9_stig : Reset syscalls found per file] *************
skipping: [localhost]

TASK [/stigforge/roles/rhel9_stig : Declare syscalls found per file] ***********
skipping: [localhost]

TASK [/stigforge/roles/rhel9_stig : Declare files where syscalls were found] ***
skipping: [localhost]

TASK [/stigforge/roles/rhel9_stig : Count occurrences of syscalls in paths] ****
skipping: [localhost]

TASK [/stigforge/roles/rhel9_stig : Get path with most syscalls] ***************
skipping: [localhost]

TASK [/stigforge/roles/rhel9_stig : No file with syscall found, set path to /etc/audit/rules.d/perm_mod.rules] ***
skipping: [localhost]

TASK [/stigforge/roles/rhel9_stig : Declare found syscalls] ********************
skipping: [localhost]

TASK [/stigforge/roles/rhel9_stig : Declare missing syscalls] ******************
skipping: [localhost]

TASK [/stigforge/roles/rhel9_stig : Replace the audit rule in {{ audit_file }}] ***
skipping: [localhost]

TASK [/stigforge/roles/rhel9_stig : Add the audit rule to {{ audit_file }}] ****
skipping: [localhost]

TASK [/stigforge/roles/rhel9_stig : Declare list of syscalls] ******************
skipping: [localhost]

TASK [/stigforge/roles/rhel9_stig : Check existence of fsetxattr in /etc/audit/audit.rules] ***
skipping: [localhost]

TASK [/stigforge/roles/rhel9_stig : Set path to /etc/audit/audit.rules] ********
skipping: [localhost]

TASK [/stigforge/roles/rhel9_stig : Declare found syscalls] ********************
skipping: [localhost]

TASK [/stigforge/roles/rhel9_stig : Declare missing syscalls] ******************
skipping: [localhost]

TASK [/stigforge/roles/rhel9_stig : Replace the audit rule in {{ audit_file }}] ***
skipping: [localhost]

TASK [/stigforge/roles/rhel9_stig : Add the audit rule to {{ audit_file }}] ****
skipping: [localhost]

TASK [/stigforge/roles/rhel9_stig : Declare list of syscalls] ******************
skipping: [localhost]

TASK [/stigforge/roles/rhel9_stig : Check existence of fsetxattr in /etc/audit/rules.d/] ***
skipping: [localhost]

TASK [/stigforge/roles/rhel9_stig : Reset syscalls found per file] *************
skipping: [localhost]

TASK [/stigforge/roles/rhel9_stig : Declare syscalls found per file] ***********
skipping: [localhost]

TASK [/stigforge/roles/rhel9_stig : Declare files where syscalls were found] ***
skipping: [localhost]

TASK [/stigforge/roles/rhel9_stig : Count occurrences of syscalls in paths] ****
skipping: [localhost]

TASK [/stigforge/roles/rhel9_stig : Get path with most syscalls] ***************
skipping: [localhost]

TASK [/stigforge/roles/rhel9_stig : No file with syscall found, set path to /etc/audit/rules.d/perm_mod.rules] ***
skipping: [localhost]

TASK [/stigforge/roles/rhel9_stig : Declare found syscalls] ********************
skipping: [localhost]

TASK [/stigforge/roles/rhel9_stig : Declare missing syscalls] ******************
skipping: [localhost]

TASK [/stigforge/roles/rhel9_stig : Replace the audit rule in {{ audit_file }}] ***
skipping: [localhost]

TASK [/stigforge/roles/rhel9_stig : Add the audit rule to {{ audit_file }}] ****
skipping: [localhost]

TASK [/stigforge/roles/rhel9_stig : Declare list of syscalls] ******************
skipping: [localhost]

TASK [/stigforge/roles/rhel9_stig : Check existence of fsetxattr in /etc/audit/audit.rules] ***
skipping: [localhost]

TASK [/stigforge/roles/rhel9_stig : Set path to /etc/audit/audit.rules] ********
skipping: [localhost]

TASK [/stigforge/roles/rhel9_stig : Declare found syscalls] ********************
skipping: [localhost]

TASK [/stigforge/roles/rhel9_stig : Declare missing syscalls] ******************
skipping: [localhost]

TASK [/stigforge/roles/rhel9_stig : Replace the audit rule in {{ audit_file }}] ***
skipping: [localhost]

TASK [/stigforge/roles/rhel9_stig : Add the audit rule to {{ audit_file }}] ****
skipping: [localhost]

TASK [/stigforge/roles/rhel9_stig : Set architecture for audit lchown tasks] ***
skipping: [localhost]

TASK [/stigforge/roles/rhel9_stig : Declare list of syscalls] ******************
skipping: [localhost]

TASK [/stigforge/roles/rhel9_stig : Check existence of lchown in /etc/audit/rules.d/] ***
skipping: [localhost]

TASK [/stigforge/roles/rhel9_stig : Reset syscalls found per file] *************
skipping: [localhost]

TASK [/stigforge/roles/rhel9_stig : Declare syscalls found per file] ***********
skipping: [localhost]

TASK [/stigforge/roles/rhel9_stig : Declare files where syscalls were found] ***
skipping: [localhost]

TASK [/stigforge/roles/rhel9_stig : Count occurrences of syscalls in paths] ****
skipping: [localhost]

TASK [/stigforge/roles/rhel9_stig : Get path with most syscalls] ***************
skipping: [localhost]

TASK [/stigforge/roles/rhel9_stig : No file with syscall found, set path to /etc/audit/rules.d/perm_mod.rules] ***
skipping: [localhost]

TASK [/stigforge/roles/rhel9_stig : Declare found syscalls] ********************
skipping: [localhost]

TASK [/stigforge/roles/rhel9_stig : Declare missing syscalls] ******************
skipping: [localhost]

TASK [/stigforge/roles/rhel9_stig : Replace the audit rule in {{ audit_file }}] ***
skipping: [localhost]

TASK [/stigforge/roles/rhel9_stig : Add the audit rule to {{ audit_file }}] ****
skipping: [localhost]

TASK [/stigforge/roles/rhel9_stig : Declare list of syscalls] ******************
skipping: [localhost]

TASK [/stigforge/roles/rhel9_stig : Check existence of lchown in /etc/audit/audit.rules] ***
skipping: [localhost]

TASK [/stigforge/roles/rhel9_stig : Set path to /etc/audit/audit.rules] ********
skipping: [localhost]

TASK [/stigforge/roles/rhel9_stig : Declare found syscalls] ********************
skipping: [localhost]

TASK [/stigforge/roles/rhel9_stig : Declare missing syscalls] ******************
skipping: [localhost]

TASK [/stigforge/roles/rhel9_stig : Replace the audit rule in {{ audit_file }}] ***
skipping: [localhost]

TASK [/stigforge/roles/rhel9_stig : Add the audit rule to {{ audit_file }}] ****
skipping: [localhost]

TASK [/stigforge/roles/rhel9_stig : Declare list of syscalls] ******************
skipping: [localhost]

TASK [/stigforge/roles/rhel9_stig : Check existence of lchown in /etc/audit/rules.d/] ***
skipping: [localhost]

TASK [/stigforge/roles/rhel9_stig : Reset syscalls found per file] *************
skipping: [localhost]

TASK [/stigforge/roles/rhel9_stig : Declare syscalls found per file] ***********
skipping: [localhost]

TASK [/stigforge/roles/rhel9_stig : Declare files where syscalls were found] ***
skipping: [localhost]

TASK [/stigforge/roles/rhel9_stig : Count occurrences of syscalls in paths] ****
skipping: [localhost]

TASK [/stigforge/roles/rhel9_stig : Get path with most syscalls] ***************
skipping: [localhost]

TASK [/stigforge/roles/rhel9_stig : No file with syscall found, set path to /etc/audit/rules.d/perm_mod.rules] ***
skipping: [localhost]

TASK [/stigforge/roles/rhel9_stig : Declare found syscalls] ********************
skipping: [localhost]

TASK [/stigforge/roles/rhel9_stig : Declare missing syscalls] ******************
skipping: [localhost]

TASK [/stigforge/roles/rhel9_stig : Replace the audit rule in {{ audit_file }}] ***
skipping: [localhost]

TASK [/stigforge/roles/rhel9_stig : Add the audit rule to {{ audit_file }}] ****
skipping: [localhost]

TASK [/stigforge/roles/rhel9_stig : Declare list of syscalls] ******************
skipping: [localhost]

TASK [/stigforge/roles/rhel9_stig : Check existence of lchown in /etc/audit/audit.rules] ***
skipping: [localhost]

TASK [/stigforge/roles/rhel9_stig : Set path to /etc/audit/audit.rules] ********
skipping: [localhost]

TASK [/stigforge/roles/rhel9_stig : Declare found syscalls] ********************
skipping: [localhost]

TASK [/stigforge/roles/rhel9_stig : Declare missing syscalls] ******************
skipping: [localhost]

TASK [/stigforge/roles/rhel9_stig : Replace the audit rule in {{ audit_file }}] ***
skipping: [localhost]

TASK [/stigforge/roles/rhel9_stig : Add the audit rule to {{ audit_file }}] ****
skipping: [localhost]

TASK [/stigforge/roles/rhel9_stig : Set architecture for audit lremovexattr tasks] ***
skipping: [localhost]

TASK [/stigforge/roles/rhel9_stig : Declare list of syscalls] ******************
skipping: [localhost]

TASK [/stigforge/roles/rhel9_stig : Check existence of lremovexattr in /etc/audit/rules.d/] ***
skipping: [localhost]

TASK [/stigforge/roles/rhel9_stig : Reset syscalls found per file] *************
skipping: [localhost]

TASK [/stigforge/roles/rhel9_stig : Declare syscalls found per file] ***********
skipping: [localhost]

TASK [/stigforge/roles/rhel9_stig : Declare files where syscalls were found] ***
skipping: [localhost]

TASK [/stigforge/roles/rhel9_stig : Count occurrences of syscalls in paths] ****
skipping: [localhost]

TASK [/stigforge/roles/rhel9_stig : Get path with most syscalls] ***************
skipping: [localhost]

TASK [/stigforge/roles/rhel9_stig : No file with syscall found, set path to /etc/audit/rules.d/perm_mod.rules] ***
skipping: [localhost]

TASK [/stigforge/roles/rhel9_stig : Declare found syscalls] ********************
skipping: [localhost]

TASK [/stigforge/roles/rhel9_stig : Declare missing syscalls] ******************
skipping: [localhost]

TASK [/stigforge/roles/rhel9_stig : Replace the audit rule in {{ audit_file }}] ***
skipping: [localhost]

TASK [/stigforge/roles/rhel9_stig : Add the audit rule to {{ audit_file }}] ****
skipping: [localhost]

TASK [/stigforge/roles/rhel9_stig : Declare list of syscalls] ******************
skipping: [localhost]

TASK [/stigforge/roles/rhel9_stig : Check existence of lremovexattr in /etc/audit/audit.rules] ***
skipping: [localhost]

TASK [/stigforge/roles/rhel9_stig : Set path to /etc/audit/audit.rules] ********
skipping: [localhost]

TASK [/stigforge/roles/rhel9_stig : Declare found syscalls] ********************
skipping: [localhost]

TASK [/stigforge/roles/rhel9_stig : Declare missing syscalls] ******************
skipping: [localhost]

TASK [/stigforge/roles/rhel9_stig : Replace the audit rule in {{ audit_file }}] ***
skipping: [localhost]

TASK [/stigforge/roles/rhel9_stig : Add the audit rule to {{ audit_file }}] ****
skipping: [localhost]

TASK [/stigforge/roles/rhel9_stig : Declare list of syscalls] ******************
skipping: [localhost]

TASK [/stigforge/roles/rhel9_stig : Check existence of lremovexattr in /etc/audit/rules.d/] ***
skipping: [localhost]

TASK [/stigforge/roles/rhel9_stig : Reset syscalls found per file] *************
skipping: [localhost]

TASK [/stigforge/roles/rhel9_stig : Declare syscalls found per file] ***********
skipping: [localhost]

TASK [/stigforge/roles/rhel9_stig : Declare files where syscalls were found] ***
skipping: [localhost]

TASK [/stigforge/roles/rhel9_stig : Count occurrences of syscalls in paths] ****
skipping: [localhost]

TASK [/stigforge/roles/rhel9_stig : Get path with most syscalls] ***************
skipping: [localhost]

TASK [/stigforge/roles/rhel9_stig : No file with syscall found, set path to /etc/audit/rules.d/perm_mod.rules] ***
skipping: [localhost]

TASK [/stigforge/roles/rhel9_stig : Declare found syscalls] ********************
skipping: [localhost]

TASK [/stigforge/roles/rhel9_stig : Declare missing syscalls] ******************
skipping: [localhost]

TASK [/stigforge/roles/rhel9_stig : Replace the audit rule in {{ audit_file }}] ***
skipping: [localhost]

TASK [/stigforge/roles/rhel9_stig : Add the audit rule to {{ audit_file }}] ****
skipping: [localhost]

TASK [/stigforge/roles/rhel9_stig : Declare list of syscalls] ******************
skipping: [localhost]

TASK [/stigforge/roles/rhel9_stig : Check existence of lremovexattr in /etc/audit/audit.rules] ***
skipping: [localhost]

TASK [/stigforge/roles/rhel9_stig : Set path to /etc/audit/audit.rules] ********
skipping: [localhost]

TASK [/stigforge/roles/rhel9_stig : Declare found syscalls] ********************
skipping: [localhost]

TASK [/stigforge/roles/rhel9_stig : Declare missing syscalls] ******************
skipping: [localhost]

TASK [/stigforge/roles/rhel9_stig : Replace the audit rule in {{ audit_file }}] ***
skipping: [localhost]

TASK [/stigforge/roles/rhel9_stig : Add the audit rule to {{ audit_file }}] ****
skipping: [localhost]

TASK [/stigforge/roles/rhel9_stig : Declare list of syscalls] ******************
skipping: [localhost]

TASK [/stigforge/roles/rhel9_stig : Check existence of lremovexattr in /etc/audit/rules.d/] ***
skipping: [localhost]

TASK [/stigforge/roles/rhel9_stig : Reset syscalls found per file] *************
skipping: [localhost]

TASK [/stigforge/roles/rhel9_stig : Declare syscalls found per file] ***********
skipping: [localhost]

TASK [/stigforge/roles/rhel9_stig : Declare files where syscalls were found] ***
skipping: [localhost]

TASK [/stigforge/roles/rhel9_stig : Count occurrences of syscalls in paths] ****
skipping: [localhost]

TASK [/stigforge/roles/rhel9_stig : Get path with most syscalls] ***************
skipping: [localhost]

TASK [/stigforge/roles/rhel9_stig : No file with syscall found, set path to /etc/audit/rules.d/perm_mod.rules] ***
skipping: [localhost]

TASK [/stigforge/roles/rhel9_stig : Declare found syscalls] ********************
skipping: [localhost]

TASK [/stigforge/roles/rhel9_stig : Declare missing syscalls] ******************
skipping: [localhost]

TASK [/stigforge/roles/rhel9_stig : Replace the audit rule in {{ audit_file }}] ***
skipping: [localhost]

TASK [/stigforge/roles/rhel9_stig : Add the audit rule to {{ audit_file }}] ****
skipping: [localhost]

TASK [/stigforge/roles/rhel9_stig : Declare list of syscalls] ******************
skipping: [localhost]

TASK [/stigforge/roles/rhel9_stig : Check existence of lremovexattr in /etc/audit/audit.rules] ***
skipping: [localhost]

TASK [/stigforge/roles/rhel9_stig : Set path to /etc/audit/audit.rules] ********
skipping: [localhost]

TASK [/stigforge/roles/rhel9_stig : Declare found syscalls] ********************
skipping: [localhost]

TASK [/stigforge/roles/rhel9_stig : Declare missing syscalls] ******************
skipping: [localhost]

TASK [/stigforge/roles/rhel9_stig : Replace the audit rule in {{ audit_file }}] ***
skipping: [localhost]

TASK [/stigforge/roles/rhel9_stig : Add the audit rule to {{ audit_file }}] ****
skipping: [localhost]

TASK [/stigforge/roles/rhel9_stig : Declare list of syscalls] ******************
skipping: [localhost]

TASK [/stigforge/roles/rhel9_stig : Check existence of lremovexattr in /etc/audit/rules.d/] ***
skipping: [localhost]

TASK [/stigforge/roles/rhel9_stig : Reset syscalls found per file] *************
skipping: [localhost]

TASK [/stigforge/roles/rhel9_stig : Declare syscalls found per file] ***********
skipping: [localhost]

TASK [/stigforge/roles/rhel9_stig : Declare files where syscalls were found] ***
skipping: [localhost]

TASK [/stigforge/roles/rhel9_stig : Count occurrences of syscalls in paths] ****
skipping: [localhost]

TASK [/stigforge/roles/rhel9_stig : Get path with most syscalls] ***************
skipping: [localhost]

TASK [/stigforge/roles/rhel9_stig : No file with syscall found, set path to /etc/audit/rules.d/perm_mod.rules] ***
skipping: [localhost]

TASK [/stigforge/roles/rhel9_stig : Declare found syscalls] ********************
skipping: [localhost]

TASK [/stigforge/roles/rhel9_stig : Declare missing syscalls] ******************
skipping: [localhost]

TASK [/stigforge/roles/rhel9_stig : Replace the audit rule in {{ audit_file }}] ***
skipping: [localhost]

TASK [/stigforge/roles/rhel9_stig : Add the audit rule to {{ audit_file }}] ****
skipping: [localhost]

TASK [/stigforge/roles/rhel9_stig : Declare list of syscalls] ******************
skipping: [localhost]

TASK [/stigforge/roles/rhel9_stig : Check existence of lremovexattr in /etc/audit/audit.rules] ***
skipping: [localhost]

TASK [/stigforge/roles/rhel9_stig : Set path to /etc/audit/audit.rules] ********
skipping: [localhost]

TASK [/stigforge/roles/rhel9_stig : Declare found syscalls] ********************
skipping: [localhost]

TASK [/stigforge/roles/rhel9_stig : Declare missing syscalls] ******************
skipping: [localhost]

TASK [/stigforge/roles/rhel9_stig : Replace the audit rule in {{ audit_file }}] ***
skipping: [localhost]

TASK [/stigforge/roles/rhel9_stig : Add the audit rule to {{ audit_file }}] ****
skipping: [localhost]

TASK [/stigforge/roles/rhel9_stig : Set architecture for audit lsetxattr tasks] ***
skipping: [localhost]

TASK [/stigforge/roles/rhel9_stig : Declare list of syscalls] ******************
skipping: [localhost]

TASK [/stigforge/roles/rhel9_stig : Check existence of lsetxattr in /etc/audit/rules.d/] ***
skipping: [localhost]

TASK [/stigforge/roles/rhel9_stig : Reset syscalls found per file] *************
skipping: [localhost]

TASK [/stigforge/roles/rhel9_stig : Declare syscalls found per file] ***********
skipping: [localhost]

TASK [/stigforge/roles/rhel9_stig : Declare files where syscalls were found] ***
skipping: [localhost]

TASK [/stigforge/roles/rhel9_stig : Count occurrences of syscalls in paths] ****
skipping: [localhost]

TASK [/stigforge/roles/rhel9_stig : Get path with most syscalls] ***************
skipping: [localhost]

TASK [/stigforge/roles/rhel9_stig : No file with syscall found, set path to /etc/audit/rules.d/perm_mod.rules] ***
skipping: [localhost]

TASK [/stigforge/roles/rhel9_stig : Declare found syscalls] ********************
skipping: [localhost]

TASK [/stigforge/roles/rhel9_stig : Declare missing syscalls] ******************
skipping: [localhost]

TASK [/stigforge/roles/rhel9_stig : Replace the audit rule in {{ audit_file }}] ***
skipping: [localhost]

TASK [/stigforge/roles/rhel9_stig : Add the audit rule to {{ audit_file }}] ****
skipping: [localhost]

TASK [/stigforge/roles/rhel9_stig : Declare list of syscalls] ******************
skipping: [localhost]

TASK [/stigforge/roles/rhel9_stig : Check existence of lsetxattr in /etc/audit/audit.rules] ***
skipping: [localhost]

TASK [/stigforge/roles/rhel9_stig : Set path to /etc/audit/audit.rules] ********
skipping: [localhost]

TASK [/stigforge/roles/rhel9_stig : Declare found syscalls] ********************
skipping: [localhost]

TASK [/stigforge/roles/rhel9_stig : Declare missing syscalls] ******************
skipping: [localhost]

TASK [/stigforge/roles/rhel9_stig : Replace the audit rule in {{ audit_file }}] ***
skipping: [localhost]

TASK [/stigforge/roles/rhel9_stig : Add the audit rule to {{ audit_file }}] ****
skipping: [localhost]

TASK [/stigforge/roles/rhel9_stig : Declare list of syscalls] ******************
skipping: [localhost]

TASK [/stigforge/roles/rhel9_stig : Check existence of lsetxattr in /etc/audit/rules.d/] ***
skipping: [localhost]

TASK [/stigforge/roles/rhel9_stig : Reset syscalls found per file] *************
skipping: [localhost]

TASK [/stigforge/roles/rhel9_stig : Declare syscalls found per file] ***********
skipping: [localhost]

TASK [/stigforge/roles/rhel9_stig : Declare files where syscalls were found] ***
skipping: [localhost]

TASK [/stigforge/roles/rhel9_stig : Count occurrences of syscalls in paths] ****
skipping: [localhost]

TASK [/stigforge/roles/rhel9_stig : Get path with most syscalls] ***************
skipping: [localhost]

TASK [/stigforge/roles/rhel9_stig : No file with syscall found, set path to /etc/audit/rules.d/perm_mod.rules] ***
skipping: [localhost]

TASK [/stigforge/roles/rhel9_stig : Declare found syscalls] ********************
skipping: [localhost]

TASK [/stigforge/roles/rhel9_stig : Declare missing syscalls] ******************
skipping: [localhost]

TASK [/stigforge/roles/rhel9_stig : Replace the audit rule in {{ audit_file }}] ***
skipping: [localhost]

TASK [/stigforge/roles/rhel9_stig : Add the audit rule to {{ audit_file }}] ****
skipping: [localhost]

TASK [/stigforge/roles/rhel9_stig : Declare list of syscalls] ******************
skipping: [localhost]

TASK [/stigforge/roles/rhel9_stig : Check existence of lsetxattr in /etc/audit/audit.rules] ***
skipping: [localhost]

TASK [/stigforge/roles/rhel9_stig : Set path to /etc/audit/audit.rules] ********
skipping: [localhost]

TASK [/stigforge/roles/rhel9_stig : Declare found syscalls] ********************
skipping: [localhost]

TASK [/stigforge/roles/rhel9_stig : Declare missing syscalls] ******************
skipping: [localhost]

TASK [/stigforge/roles/rhel9_stig : Replace the audit rule in {{ audit_file }}] ***
skipping: [localhost]

TASK [/stigforge/roles/rhel9_stig : Add the audit rule to {{ audit_file }}] ****
skipping: [localhost]

TASK [/stigforge/roles/rhel9_stig : Declare list of syscalls] ******************
skipping: [localhost]

TASK [/stigforge/roles/rhel9_stig : Check existence of lsetxattr in /etc/audit/rules.d/] ***
skipping: [localhost]

TASK [/stigforge/roles/rhel9_stig : Reset syscalls found per file] *************
skipping: [localhost]

TASK [/stigforge/roles/rhel9_stig : Declare syscalls found per file] ***********
skipping: [localhost]

TASK [/stigforge/roles/rhel9_stig : Declare files where syscalls were found] ***
skipping: [localhost]

TASK [/stigforge/roles/rhel9_stig : Count occurrences of syscalls in paths] ****
skipping: [localhost]

TASK [/stigforge/roles/rhel9_stig : Get path with most syscalls] ***************
skipping: [localhost]

TASK [/stigforge/roles/rhel9_stig : No file with syscall found, set path to /etc/audit/rules.d/perm_mod.rules] ***
skipping: [localhost]

TASK [/stigforge/roles/rhel9_stig : Declare found syscalls] ********************
skipping: [localhost]

TASK [/stigforge/roles/rhel9_stig : Declare missing syscalls] ******************
skipping: [localhost]

TASK [/stigforge/roles/rhel9_stig : Replace the audit rule in {{ audit_file }}] ***
skipping: [localhost]

TASK [/stigforge/roles/rhel9_stig : Add the audit rule to {{ audit_file }}] ****
skipping: [localhost]

TASK [/stigforge/roles/rhel9_stig : Declare list of syscalls] ******************
skipping: [localhost]

TASK [/stigforge/roles/rhel9_stig : Check existence of lsetxattr in /etc/audit/audit.rules] ***
skipping: [localhost]

TASK [/stigforge/roles/rhel9_stig : Set path to /etc/audit/audit.rules] ********
skipping: [localhost]

TASK [/stigforge/roles/rhel9_stig : Declare found syscalls] ********************
skipping: [localhost]

TASK [/stigforge/roles/rhel9_stig : Declare missing syscalls] ******************
skipping: [localhost]

TASK [/stigforge/roles/rhel9_stig : Replace the audit rule in {{ audit_file }}] ***
skipping: [localhost]

TASK [/stigforge/roles/rhel9_stig : Add the audit rule to {{ audit_file }}] ****
skipping: [localhost]

TASK [/stigforge/roles/rhel9_stig : Declare list of syscalls] ******************
skipping: [localhost]

TASK [/stigforge/roles/rhel9_stig : Check existence of lsetxattr in /etc/audit/rules.d/] ***
skipping: [localhost]

TASK [/stigforge/roles/rhel9_stig : Reset syscalls found per file] *************
skipping: [localhost]

TASK [/stigforge/roles/rhel9_stig : Declare syscalls found per file] ***********
skipping: [localhost]

TASK [/stigforge/roles/rhel9_stig : Declare files where syscalls were found] ***
skipping: [localhost]

TASK [/stigforge/roles/rhel9_stig : Count occurrences of syscalls in paths] ****
skipping: [localhost]

TASK [/stigforge/roles/rhel9_stig : Get path with most syscalls] ***************
skipping: [localhost]

TASK [/stigforge/roles/rhel9_stig : No file with syscall found, set path to /etc/audit/rules.d/perm_mod.rules] ***
skipping: [localhost]

TASK [/stigforge/roles/rhel9_stig : Declare found syscalls] ********************
skipping: [localhost]

TASK [/stigforge/roles/rhel9_stig : Declare missing syscalls] ******************
skipping: [localhost]

TASK [/stigforge/roles/rhel9_stig : Replace the audit rule in {{ audit_file }}] ***
skipping: [localhost]

TASK [/stigforge/roles/rhel9_stig : Add the audit rule to {{ audit_file }}] ****
skipping: [localhost]

TASK [/stigforge/roles/rhel9_stig : Declare list of syscalls] ******************
skipping: [localhost]

TASK [/stigforge/roles/rhel9_stig : Check existence of lsetxattr in /etc/audit/audit.rules] ***
skipping: [localhost]

TASK [/stigforge/roles/rhel9_stig : Set path to /etc/audit/audit.rules] ********
skipping: [localhost]

TASK [/stigforge/roles/rhel9_stig : Declare found syscalls] ********************
skipping: [localhost]

TASK [/stigforge/roles/rhel9_stig : Declare missing syscalls] ******************
skipping: [localhost]

TASK [/stigforge/roles/rhel9_stig : Replace the audit rule in {{ audit_file }}] ***
skipping: [localhost]

TASK [/stigforge/roles/rhel9_stig : Add the audit rule to {{ audit_file }}] ****
skipping: [localhost]

TASK [/stigforge/roles/rhel9_stig : Set architecture for audit removexattr tasks] ***
skipping: [localhost]

TASK [/stigforge/roles/rhel9_stig : Declare list of syscalls] ******************
skipping: [localhost]

TASK [/stigforge/roles/rhel9_stig : Check existence of removexattr in /etc/audit/rules.d/] ***
skipping: [localhost]

TASK [/stigforge/roles/rhel9_stig : Reset syscalls found per file] *************
skipping: [localhost]

TASK [/stigforge/roles/rhel9_stig : Declare syscalls found per file] ***********
skipping: [localhost]

TASK [/stigforge/roles/rhel9_stig : Declare files where syscalls were found] ***
skipping: [localhost]

TASK [/stigforge/roles/rhel9_stig : Count occurrences of syscalls in paths] ****
skipping: [localhost]

TASK [/stigforge/roles/rhel9_stig : Get path with most syscalls] ***************
skipping: [localhost]

TASK [/stigforge/roles/rhel9_stig : No file with syscall found, set path to /etc/audit/rules.d/perm_mod.rules] ***
skipping: [localhost]

TASK [/stigforge/roles/rhel9_stig : Declare found syscalls] ********************
skipping: [localhost]

TASK [/stigforge/roles/rhel9_stig : Declare missing syscalls] ******************
skipping: [localhost]

TASK [/stigforge/roles/rhel9_stig : Replace the audit rule in {{ audit_file }}] ***
skipping: [localhost]

TASK [/stigforge/roles/rhel9_stig : Add the audit rule to {{ audit_file }}] ****
skipping: [localhost]

TASK [/stigforge/roles/rhel9_stig : Declare list of syscalls] ******************
skipping: [localhost]

TASK [/stigforge/roles/rhel9_stig : Check existence of removexattr in /etc/audit/audit.rules] ***
skipping: [localhost]

TASK [/stigforge/roles/rhel9_stig : Set path to /etc/audit/audit.rules] ********
skipping: [localhost]

TASK [/stigforge/roles/rhel9_stig : Declare found syscalls] ********************
skipping: [localhost]

TASK [/stigforge/roles/rhel9_stig : Declare missing syscalls] ******************
skipping: [localhost]

TASK [/stigforge/roles/rhel9_stig : Replace the audit rule in {{ audit_file }}] ***
skipping: [localhost]

TASK [/stigforge/roles/rhel9_stig : Add the audit rule to {{ audit_file }}] ****
skipping: [localhost]

TASK [/stigforge/roles/rhel9_stig : Declare list of syscalls] ******************
skipping: [localhost]

TASK [/stigforge/roles/rhel9_stig : Check existence of removexattr in /etc/audit/rules.d/] ***
skipping: [localhost]

TASK [/stigforge/roles/rhel9_stig : Reset syscalls found per file] *************
skipping: [localhost]

TASK [/stigforge/roles/rhel9_stig : Declare syscalls found per file] ***********
skipping: [localhost]

TASK [/stigforge/roles/rhel9_stig : Declare files where syscalls were found] ***
skipping: [localhost]

TASK [/stigforge/roles/rhel9_stig : Count occurrences of syscalls in paths] ****
skipping: [localhost]

TASK [/stigforge/roles/rhel9_stig : Get path with most syscalls] ***************
skipping: [localhost]

TASK [/stigforge/roles/rhel9_stig : No file with syscall found, set path to /etc/audit/rules.d/perm_mod.rules] ***
skipping: [localhost]

TASK [/stigforge/roles/rhel9_stig : Declare found syscalls] ********************
skipping: [localhost]

TASK [/stigforge/roles/rhel9_stig : Declare missing syscalls] ******************
skipping: [localhost]

TASK [/stigforge/roles/rhel9_stig : Replace the audit rule in {{ audit_file }}] ***
skipping: [localhost]

TASK [/stigforge/roles/rhel9_stig : Add the audit rule to {{ audit_file }}] ****
skipping: [localhost]

TASK [/stigforge/roles/rhel9_stig : Declare list of syscalls] ******************
skipping: [localhost]

TASK [/stigforge/roles/rhel9_stig : Check existence of removexattr in /etc/audit/audit.rules] ***
skipping: [localhost]

TASK [/stigforge/roles/rhel9_stig : Set path to /etc/audit/audit.rules] ********
skipping: [localhost]

TASK [/stigforge/roles/rhel9_stig : Declare found syscalls] ********************
skipping: [localhost]

TASK [/stigforge/roles/rhel9_stig : Declare missing syscalls] ******************
skipping: [localhost]

TASK [/stigforge/roles/rhel9_stig : Replace the audit rule in {{ audit_file }}] ***
skipping: [localhost]

TASK [/stigforge/roles/rhel9_stig : Add the audit rule to {{ audit_file }}] ****
skipping: [localhost]

TASK [/stigforge/roles/rhel9_stig : Declare list of syscalls] ******************
skipping: [localhost]

TASK [/stigforge/roles/rhel9_stig : Check existence of removexattr in /etc/audit/rules.d/] ***
skipping: [localhost]

TASK [/stigforge/roles/rhel9_stig : Reset syscalls found per file] *************
skipping: [localhost]

TASK [/stigforge/roles/rhel9_stig : Declare syscalls found per file] ***********
skipping: [localhost]

TASK [/stigforge/roles/rhel9_stig : Declare files where syscalls were found] ***
skipping: [localhost]

TASK [/stigforge/roles/rhel9_stig : Count occurrences of syscalls in paths] ****
skipping: [localhost]

TASK [/stigforge/roles/rhel9_stig : Get path with most syscalls] ***************
skipping: [localhost]

TASK [/stigforge/roles/rhel9_stig : No file with syscall found, set path to /etc/audit/rules.d/perm_mod.rules] ***
skipping: [localhost]

TASK [/stigforge/roles/rhel9_stig : Declare found syscalls] ********************
skipping: [localhost]

TASK [/stigforge/roles/rhel9_stig : Declare missing syscalls] ******************
skipping: [localhost]

TASK [/stigforge/roles/rhel9_stig : Replace the audit rule in {{ audit_file }}] ***
skipping: [localhost]

TASK [/stigforge/roles/rhel9_stig : Add the audit rule to {{ audit_file }}] ****
skipping: [localhost]

TASK [/stigforge/roles/rhel9_stig : Declare list of syscalls] ******************
skipping: [localhost]

TASK [/stigforge/roles/rhel9_stig : Check existence of removexattr in /etc/audit/audit.rules] ***
skipping: [localhost]

TASK [/stigforge/roles/rhel9_stig : Set path to /etc/audit/audit.rules] ********
skipping: [localhost]

TASK [/stigforge/roles/rhel9_stig : Declare found syscalls] ********************
skipping: [localhost]

TASK [/stigforge/roles/rhel9_stig : Declare missing syscalls] ******************
skipping: [localhost]

TASK [/stigforge/roles/rhel9_stig : Replace the audit rule in {{ audit_file }}] ***
skipping: [localhost]

TASK [/stigforge/roles/rhel9_stig : Add the audit rule to {{ audit_file }}] ****
skipping: [localhost]

TASK [/stigforge/roles/rhel9_stig : Declare list of syscalls] ******************
skipping: [localhost]

TASK [/stigforge/roles/rhel9_stig : Check existence of removexattr in /etc/audit/rules.d/] ***
skipping: [localhost]

TASK [/stigforge/roles/rhel9_stig : Reset syscalls found per file] *************
skipping: [localhost]

TASK [/stigforge/roles/rhel9_stig : Declare syscalls found per file] ***********
skipping: [localhost]

TASK [/stigforge/roles/rhel9_stig : Declare files where syscalls were found] ***
skipping: [localhost]

TASK [/stigforge/roles/rhel9_stig : Count occurrences of syscalls in paths] ****
skipping: [localhost]

TASK [/stigforge/roles/rhel9_stig : Get path with most syscalls] ***************
skipping: [localhost]

TASK [/stigforge/roles/rhel9_stig : No file with syscall found, set path to /etc/audit/rules.d/perm_mod.rules] ***
skipping: [localhost]

TASK [/stigforge/roles/rhel9_stig : Declare found syscalls] ********************
skipping: [localhost]

TASK [/stigforge/roles/rhel9_stig : Declare missing syscalls] ******************
skipping: [localhost]

TASK [/stigforge/roles/rhel9_stig : Replace the audit rule in {{ audit_file }}] ***
skipping: [localhost]

TASK [/stigforge/roles/rhel9_stig : Add the audit rule to {{ audit_file }}] ****
skipping: [localhost]

TASK [/stigforge/roles/rhel9_stig : Declare list of syscalls] ******************
skipping: [localhost]

TASK [/stigforge/roles/rhel9_stig : Check existence of removexattr in /etc/audit/audit.rules] ***
skipping: [localhost]

TASK [/stigforge/roles/rhel9_stig : Set path to /etc/audit/audit.rules] ********
skipping: [localhost]

TASK [/stigforge/roles/rhel9_stig : Declare found syscalls] ********************
skipping: [localhost]

TASK [/stigforge/roles/rhel9_stig : Declare missing syscalls] ******************
skipping: [localhost]

TASK [/stigforge/roles/rhel9_stig : Replace the audit rule in {{ audit_file }}] ***
skipping: [localhost]

TASK [/stigforge/roles/rhel9_stig : Add the audit rule to {{ audit_file }}] ****
skipping: [localhost]

TASK [/stigforge/roles/rhel9_stig : Set architecture for audit setxattr tasks] ***
skipping: [localhost]

TASK [/stigforge/roles/rhel9_stig : Declare list of syscalls] ******************
skipping: [localhost]

TASK [/stigforge/roles/rhel9_stig : Check existence of setxattr in /etc/audit/rules.d/] ***
skipping: [localhost]

TASK [/stigforge/roles/rhel9_stig : Reset syscalls found per file] *************
skipping: [localhost]

TASK [/stigforge/roles/rhel9_stig : Declare syscalls found per file] ***********
skipping: [localhost]

TASK [/stigforge/roles/rhel9_stig : Declare files where syscalls were found] ***
skipping: [localhost]

TASK [/stigforge/roles/rhel9_stig : Count occurrences of syscalls in paths] ****
skipping: [localhost]

TASK [/stigforge/roles/rhel9_stig : Get path with most syscalls] ***************
skipping: [localhost]

TASK [/stigforge/roles/rhel9_stig : No file with syscall found, set path to /etc/audit/rules.d/perm_mod.rules] ***
skipping: [localhost]

TASK [/stigforge/roles/rhel9_stig : Declare found syscalls] ********************
skipping: [localhost]

TASK [/stigforge/roles/rhel9_stig : Declare missing syscalls] ******************
skipping: [localhost]

TASK [/stigforge/roles/rhel9_stig : Replace the audit rule in {{ audit_file }}] ***
skipping: [localhost]

TASK [/stigforge/roles/rhel9_stig : Add the audit rule to {{ audit_file }}] ****
skipping: [localhost]

TASK [/stigforge/roles/rhel9_stig : Declare list of syscalls] ******************
skipping: [localhost]

TASK [/stigforge/roles/rhel9_stig : Check existence of setxattr in /etc/audit/audit.rules] ***
skipping: [localhost]

TASK [/stigforge/roles/rhel9_stig : Set path to /etc/audit/audit.rules] ********
skipping: [localhost]

TASK [/stigforge/roles/rhel9_stig : Declare found syscalls] ********************
skipping: [localhost]

TASK [/stigforge/roles/rhel9_stig : Declare missing syscalls] ******************
skipping: [localhost]

TASK [/stigforge/roles/rhel9_stig : Replace the audit rule in {{ audit_file }}] ***
skipping: [localhost]

TASK [/stigforge/roles/rhel9_stig : Add the audit rule to {{ audit_file }}] ****
skipping: [localhost]

TASK [/stigforge/roles/rhel9_stig : Declare list of syscalls] ******************
skipping: [localhost]

TASK [/stigforge/roles/rhel9_stig : Check existence of setxattr in /etc/audit/rules.d/] ***
skipping: [localhost]

TASK [/stigforge/roles/rhel9_stig : Reset syscalls found per file] *************
skipping: [localhost]

TASK [/stigforge/roles/rhel9_stig : Declare syscalls found per file] ***********
skipping: [localhost]

TASK [/stigforge/roles/rhel9_stig : Declare files where syscalls were found] ***
skipping: [localhost]

TASK [/stigforge/roles/rhel9_stig : Count occurrences of syscalls in paths] ****
skipping: [localhost]

TASK [/stigforge/roles/rhel9_stig : Get path with most syscalls] ***************
skipping: [localhost]

TASK [/stigforge/roles/rhel9_stig : No file with syscall found, set path to /etc/audit/rules.d/perm_mod.rules] ***
skipping: [localhost]

TASK [/stigforge/roles/rhel9_stig : Declare found syscalls] ********************
skipping: [localhost]

TASK [/stigforge/roles/rhel9_stig : Declare missing syscalls] ******************
skipping: [localhost]

TASK [/stigforge/roles/rhel9_stig : Replace the audit rule in {{ audit_file }}] ***
skipping: [localhost]

TASK [/stigforge/roles/rhel9_stig : Add the audit rule to {{ audit_file }}] ****
skipping: [localhost]

TASK [/stigforge/roles/rhel9_stig : Declare list of syscalls] ******************
skipping: [localhost]

TASK [/stigforge/roles/rhel9_stig : Check existence of setxattr in /etc/audit/audit.rules] ***
skipping: [localhost]

TASK [/stigforge/roles/rhel9_stig : Set path to /etc/audit/audit.rules] ********
skipping: [localhost]

TASK [/stigforge/roles/rhel9_stig : Declare found syscalls] ********************
skipping: [localhost]

TASK [/stigforge/roles/rhel9_stig : Declare missing syscalls] ******************
skipping: [localhost]

TASK [/stigforge/roles/rhel9_stig : Replace the audit rule in {{ audit_file }}] ***
skipping: [localhost]

TASK [/stigforge/roles/rhel9_stig : Add the audit rule to {{ audit_file }}] ****
skipping: [localhost]

TASK [/stigforge/roles/rhel9_stig : Declare list of syscalls] ******************
skipping: [localhost]

TASK [/stigforge/roles/rhel9_stig : Check existence of setxattr in /etc/audit/rules.d/] ***
skipping: [localhost]

TASK [/stigforge/roles/rhel9_stig : Reset syscalls found per file] *************
skipping: [localhost]

TASK [/stigforge/roles/rhel9_stig : Declare syscalls found per file] ***********
skipping: [localhost]

TASK [/stigforge/roles/rhel9_stig : Declare files where syscalls were found] ***
skipping: [localhost]

TASK [/stigforge/roles/rhel9_stig : Count occurrences of syscalls in paths] ****
skipping: [localhost]

TASK [/stigforge/roles/rhel9_stig : Get path with most syscalls] ***************
skipping: [localhost]

TASK [/stigforge/roles/rhel9_stig : No file with syscall found, set path to /etc/audit/rules.d/perm_mod.rules] ***
skipping: [localhost]

TASK [/stigforge/roles/rhel9_stig : Declare found syscalls] ********************
skipping: [localhost]

TASK [/stigforge/roles/rhel9_stig : Declare missing syscalls] ******************
skipping: [localhost]

TASK [/stigforge/roles/rhel9_stig : Replace the audit rule in {{ audit_file }}] ***
skipping: [localhost]

TASK [/stigforge/roles/rhel9_stig : Add the audit rule to {{ audit_file }}] ****
skipping: [localhost]

TASK [/stigforge/roles/rhel9_stig : Declare list of syscalls] ******************
skipping: [localhost]

TASK [/stigforge/roles/rhel9_stig : Check existence of setxattr in /etc/audit/audit.rules] ***
skipping: [localhost]

TASK [/stigforge/roles/rhel9_stig : Set path to /etc/audit/audit.rules] ********
skipping: [localhost]

TASK [/stigforge/roles/rhel9_stig : Declare found syscalls] ********************
skipping: [localhost]

TASK [/stigforge/roles/rhel9_stig : Declare missing syscalls] ******************
skipping: [localhost]

TASK [/stigforge/roles/rhel9_stig : Replace the audit rule in {{ audit_file }}] ***
skipping: [localhost]

TASK [/stigforge/roles/rhel9_stig : Add the audit rule to {{ audit_file }}] ****
skipping: [localhost]

TASK [/stigforge/roles/rhel9_stig : Declare list of syscalls] ******************
skipping: [localhost]

TASK [/stigforge/roles/rhel9_stig : Check existence of setxattr in /etc/audit/rules.d/] ***
skipping: [localhost]

TASK [/stigforge/roles/rhel9_stig : Reset syscalls found per file] *************
skipping: [localhost]

TASK [/stigforge/roles/rhel9_stig : Declare syscalls found per file] ***********
skipping: [localhost]

TASK [/stigforge/roles/rhel9_stig : Declare files where syscalls were found] ***
skipping: [localhost]

TASK [/stigforge/roles/rhel9_stig : Count occurrences of syscalls in paths] ****
skipping: [localhost]

TASK [/stigforge/roles/rhel9_stig : Get path with most syscalls] ***************
skipping: [localhost]

TASK [/stigforge/roles/rhel9_stig : No file with syscall found, set path to /etc/audit/rules.d/perm_mod.rules] ***
skipping: [localhost]

TASK [/stigforge/roles/rhel9_stig : Declare found syscalls] ********************
skipping: [localhost]

TASK [/stigforge/roles/rhel9_stig : Declare missing syscalls] ******************
skipping: [localhost]

TASK [/stigforge/roles/rhel9_stig : Replace the audit rule in {{ audit_file }}] ***
skipping: [localhost]

TASK [/stigforge/roles/rhel9_stig : Add the audit rule to {{ audit_file }}] ****
skipping: [localhost]

TASK [/stigforge/roles/rhel9_stig : Declare list of syscalls] ******************
skipping: [localhost]

TASK [/stigforge/roles/rhel9_stig : Check existence of setxattr in /etc/audit/audit.rules] ***
skipping: [localhost]

TASK [/stigforge/roles/rhel9_stig : Set path to /etc/audit/audit.rules] ********
skipping: [localhost]

TASK [/stigforge/roles/rhel9_stig : Declare found syscalls] ********************
skipping: [localhost]

TASK [/stigforge/roles/rhel9_stig : Declare missing syscalls] ******************
skipping: [localhost]

TASK [/stigforge/roles/rhel9_stig : Replace the audit rule in {{ audit_file }}] ***
skipping: [localhost]

TASK [/stigforge/roles/rhel9_stig : Add the audit rule to {{ audit_file }}] ****
skipping: [localhost]

TASK [/stigforge/roles/rhel9_stig : Declare list of syscalls] ******************
skipping: [localhost]

TASK [/stigforge/roles/rhel9_stig : Check existence of umount in /etc/audit/rules.d/] ***
skipping: [localhost]

TASK [/stigforge/roles/rhel9_stig : Reset syscalls found per file] *************
skipping: [localhost]

TASK [/stigforge/roles/rhel9_stig : Declare syscalls found per file] ***********
skipping: [localhost]

TASK [/stigforge/roles/rhel9_stig : Declare files where syscalls were found] ***
skipping: [localhost]

TASK [/stigforge/roles/rhel9_stig : Count occurrences of syscalls in paths] ****
skipping: [localhost]

TASK [/stigforge/roles/rhel9_stig : Get path with most syscalls] ***************
skipping: [localhost]

TASK [/stigforge/roles/rhel9_stig : No file with syscall found, set path to /etc/audit/rules.d/perm_mod.rules] ***
skipping: [localhost]

TASK [/stigforge/roles/rhel9_stig : Declare found syscalls] ********************
skipping: [localhost]

TASK [/stigforge/roles/rhel9_stig : Declare missing syscalls] ******************
skipping: [localhost]

TASK [/stigforge/roles/rhel9_stig : Replace the audit rule in {{ audit_file }}] ***
skipping: [localhost]

TASK [/stigforge/roles/rhel9_stig : Add the audit rule to {{ audit_file }}] ****
skipping: [localhost]

TASK [/stigforge/roles/rhel9_stig : Declare list of syscalls] ******************
skipping: [localhost]

TASK [/stigforge/roles/rhel9_stig : Check existence of umount in /etc/audit/audit.rules] ***
skipping: [localhost]

TASK [/stigforge/roles/rhel9_stig : Set path to /etc/audit/audit.rules] ********
skipping: [localhost]

TASK [/stigforge/roles/rhel9_stig : Declare found syscalls] ********************
skipping: [localhost]

TASK [/stigforge/roles/rhel9_stig : Declare missing syscalls] ******************
skipping: [localhost]

TASK [/stigforge/roles/rhel9_stig : Replace the audit rule in {{ audit_file }}] ***
skipping: [localhost]

TASK [/stigforge/roles/rhel9_stig : Add the audit rule to {{ audit_file }}] ****
skipping: [localhost]

TASK [/stigforge/roles/rhel9_stig : Set architecture for audit umount2 tasks] ***
skipping: [localhost]

TASK [/stigforge/roles/rhel9_stig : Declare list of syscalls] ******************
skipping: [localhost]

TASK [/stigforge/roles/rhel9_stig : Check existence of umount2 in /etc/audit/rules.d/] ***
skipping: [localhost]

TASK [/stigforge/roles/rhel9_stig : Reset syscalls found per file] *************
skipping: [localhost]

TASK [/stigforge/roles/rhel9_stig : Declare syscalls found per file] ***********
skipping: [localhost]

TASK [/stigforge/roles/rhel9_stig : Declare files where syscalls were found] ***
skipping: [localhost]

TASK [/stigforge/roles/rhel9_stig : Count occurrences of syscalls in paths] ****
skipping: [localhost]

TASK [/stigforge/roles/rhel9_stig : Get path with most syscalls] ***************
skipping: [localhost]

TASK [/stigforge/roles/rhel9_stig : No file with syscall found, set path to /etc/audit/rules.d/perm_mod.rules] ***
skipping: [localhost]

TASK [/stigforge/roles/rhel9_stig : Declare found syscalls] ********************
skipping: [localhost]

TASK [/stigforge/roles/rhel9_stig : Declare missing syscalls] ******************
skipping: [localhost]

TASK [/stigforge/roles/rhel9_stig : Replace the audit rule in {{ audit_file }}] ***
skipping: [localhost]

TASK [/stigforge/roles/rhel9_stig : Add the audit rule to {{ audit_file }}] ****
skipping: [localhost]

TASK [/stigforge/roles/rhel9_stig : Declare list of syscalls] ******************
skipping: [localhost]

TASK [/stigforge/roles/rhel9_stig : Check existence of umount2 in /etc/audit/audit.rules] ***
skipping: [localhost]

TASK [/stigforge/roles/rhel9_stig : Set path to /etc/audit/audit.rules] ********
skipping: [localhost]

TASK [/stigforge/roles/rhel9_stig : Declare found syscalls] ********************
skipping: [localhost]

TASK [/stigforge/roles/rhel9_stig : Declare missing syscalls] ******************
skipping: [localhost]

TASK [/stigforge/roles/rhel9_stig : Replace the audit rule in {{ audit_file }}] ***
skipping: [localhost]

TASK [/stigforge/roles/rhel9_stig : Add the audit rule to {{ audit_file }}] ****
skipping: [localhost]

TASK [/stigforge/roles/rhel9_stig : Declare list of syscalls] ******************
skipping: [localhost]

TASK [/stigforge/roles/rhel9_stig : Check existence of umount2 in /etc/audit/rules.d/] ***
skipping: [localhost]

TASK [/stigforge/roles/rhel9_stig : Reset syscalls found per file] *************
skipping: [localhost]

TASK [/stigforge/roles/rhel9_stig : Declare syscalls found per file] ***********
skipping: [localhost]

TASK [/stigforge/roles/rhel9_stig : Declare files where syscalls were found] ***
skipping: [localhost]

TASK [/stigforge/roles/rhel9_stig : Count occurrences of syscalls in paths] ****
skipping: [localhost]

TASK [/stigforge/roles/rhel9_stig : Get path with most syscalls] ***************
skipping: [localhost]

TASK [/stigforge/roles/rhel9_stig : No file with syscall found, set path to /etc/audit/rules.d/perm_mod.rules] ***
skipping: [localhost]

TASK [/stigforge/roles/rhel9_stig : Declare found syscalls] ********************
skipping: [localhost]

TASK [/stigforge/roles/rhel9_stig : Declare missing syscalls] ******************
skipping: [localhost]

TASK [/stigforge/roles/rhel9_stig : Replace the audit rule in {{ audit_file }}] ***
skipping: [localhost]

TASK [/stigforge/roles/rhel9_stig : Add the audit rule to {{ audit_file }}] ****
skipping: [localhost]

TASK [/stigforge/roles/rhel9_stig : Declare list of syscalls] ******************
skipping: [localhost]

TASK [/stigforge/roles/rhel9_stig : Check existence of umount2 in /etc/audit/audit.rules] ***
skipping: [localhost]

TASK [/stigforge/roles/rhel9_stig : Set path to /etc/audit/audit.rules] ********
skipping: [localhost]

TASK [/stigforge/roles/rhel9_stig : Declare found syscalls] ********************
skipping: [localhost]

TASK [/stigforge/roles/rhel9_stig : Declare missing syscalls] ******************
skipping: [localhost]

TASK [/stigforge/roles/rhel9_stig : Replace the audit rule in {{ audit_file }}] ***
skipping: [localhost]

TASK [/stigforge/roles/rhel9_stig : Add the audit rule to {{ audit_file }}] ****
skipping: [localhost]

TASK [/stigforge/roles/rhel9_stig : Declare list of syscalls] ******************
skipping: [localhost]

TASK [/stigforge/roles/rhel9_stig : Check existence of  in /etc/audit/rules.d/] ***
skipping: [localhost]

TASK [/stigforge/roles/rhel9_stig : Reset syscalls found per file] *************
skipping: [localhost]

TASK [/stigforge/roles/rhel9_stig : Declare syscalls found per file] ***********
skipping: [localhost]

TASK [/stigforge/roles/rhel9_stig : Declare files where syscalls were found] ***
skipping: [localhost]

TASK [/stigforge/roles/rhel9_stig : Count occurrences of syscalls in paths] ****
skipping: [localhost]

TASK [/stigforge/roles/rhel9_stig : Get path with most syscalls] ***************
skipping: [localhost]

TASK [/stigforge/roles/rhel9_stig : No file with syscall found, set path to /etc/audit/rules.d/privileged.rules] ***
skipping: [localhost]

TASK [/stigforge/roles/rhel9_stig : Declare found syscalls] ********************
skipping: [localhost]

TASK [/stigforge/roles/rhel9_stig : Declare missing syscalls] ******************
skipping: [localhost]

TASK [/stigforge/roles/rhel9_stig : Replace the audit rule in {{ audit_file }}] ***
skipping: [localhost]

TASK [/stigforge/roles/rhel9_stig : Add the audit rule to {{ audit_file }}] ****
skipping: [localhost]

TASK [/stigforge/roles/rhel9_stig : Declare list of syscalls] ******************
skipping: [localhost]

TASK [/stigforge/roles/rhel9_stig : Check existence of  in /etc/audit/audit.rules] ***
skipping: [localhost]

TASK [/stigforge/roles/rhel9_stig : Set path to /etc/audit/audit.rules] ********
skipping: [localhost]

TASK [/stigforge/roles/rhel9_stig : Declare found syscalls] ********************
skipping: [localhost]

TASK [/stigforge/roles/rhel9_stig : Declare missing syscalls] ******************
skipping: [localhost]

TASK [/stigforge/roles/rhel9_stig : Replace the audit rule in {{ audit_file }}] ***
skipping: [localhost]

TASK [/stigforge/roles/rhel9_stig : Add the audit rule to {{ audit_file }}] ****
skipping: [localhost]

TASK [/stigforge/roles/rhel9_stig : Declare list of syscalls] ******************
skipping: [localhost]

TASK [/stigforge/roles/rhel9_stig : Check existence of  in /etc/audit/rules.d/] ***
skipping: [localhost]

TASK [/stigforge/roles/rhel9_stig : Reset syscalls found per file] *************
skipping: [localhost]

TASK [/stigforge/roles/rhel9_stig : Declare syscalls found per file] ***********
skipping: [localhost]

TASK [/stigforge/roles/rhel9_stig : Declare files where syscalls were found] ***
skipping: [localhost]

TASK [/stigforge/roles/rhel9_stig : Count occurrences of syscalls in paths] ****
skipping: [localhost]

TASK [/stigforge/roles/rhel9_stig : Get path with most syscalls] ***************
skipping: [localhost]

TASK [/stigforge/roles/rhel9_stig : No file with syscall found, set path to /etc/audit/rules.d/privileged.rules] ***
skipping: [localhost]

TASK [/stigforge/roles/rhel9_stig : Declare found syscalls] ********************
skipping: [localhost]

TASK [/stigforge/roles/rhel9_stig : Declare missing syscalls] ******************
skipping: [localhost]

TASK [/stigforge/roles/rhel9_stig : Replace the audit rule in {{ audit_file }}] ***
skipping: [localhost]

TASK [/stigforge/roles/rhel9_stig : Add the audit rule to {{ audit_file }}] ****
skipping: [localhost]

TASK [/stigforge/roles/rhel9_stig : Declare list of syscalls] ******************
skipping: [localhost]

TASK [/stigforge/roles/rhel9_stig : Check existence of  in /etc/audit/audit.rules] ***
skipping: [localhost]

TASK [/stigforge/roles/rhel9_stig : Set path to /etc/audit/audit.rules] ********
skipping: [localhost]

TASK [/stigforge/roles/rhel9_stig : Declare found syscalls] ********************
skipping: [localhost]

TASK [/stigforge/roles/rhel9_stig : Declare missing syscalls] ******************
skipping: [localhost]

TASK [/stigforge/roles/rhel9_stig : Replace the audit rule in {{ audit_file }}] ***
skipping: [localhost]

TASK [/stigforge/roles/rhel9_stig : Add the audit rule to {{ audit_file }}] ****
skipping: [localhost]

TASK [/stigforge/roles/rhel9_stig : Declare list of syscalls] ******************
skipping: [localhost]

TASK [/stigforge/roles/rhel9_stig : Check existence of  in /etc/audit/rules.d/] ***
skipping: [localhost]

TASK [/stigforge/roles/rhel9_stig : Reset syscalls found per file] *************
skipping: [localhost]

TASK [/stigforge/roles/rhel9_stig : Declare syscalls found per file] ***********
skipping: [localhost]

TASK [/stigforge/roles/rhel9_stig : Declare files where syscalls were found] ***
skipping: [localhost]

TASK [/stigforge/roles/rhel9_stig : Count occurrences of syscalls in paths] ****
skipping: [localhost]

TASK [/stigforge/roles/rhel9_stig : Get path with most syscalls] ***************
skipping: [localhost]

TASK [/stigforge/roles/rhel9_stig : No file with syscall found, set path to /etc/audit/rules.d/privileged.rules] ***
skipping: [localhost]

TASK [/stigforge/roles/rhel9_stig : Declare found syscalls] ********************
skipping: [localhost]

TASK [/stigforge/roles/rhel9_stig : Declare missing syscalls] ******************
skipping: [localhost]

TASK [/stigforge/roles/rhel9_stig : Replace the audit rule in {{ audit_file }}] ***
skipping: [localhost]

TASK [/stigforge/roles/rhel9_stig : Add the audit rule to {{ audit_file }}] ****
skipping: [localhost]

TASK [/stigforge/roles/rhel9_stig : Declare list of syscalls] ******************
skipping: [localhost]

TASK [/stigforge/roles/rhel9_stig : Check existence of  in /etc/audit/audit.rules] ***
skipping: [localhost]

TASK [/stigforge/roles/rhel9_stig : Set path to /etc/audit/audit.rules] ********
skipping: [localhost]

TASK [/stigforge/roles/rhel9_stig : Declare found syscalls] ********************
skipping: [localhost]

TASK [/stigforge/roles/rhel9_stig : Declare missing syscalls] ******************
skipping: [localhost]

TASK [/stigforge/roles/rhel9_stig : Replace the audit rule in {{ audit_file }}] ***
skipping: [localhost]

TASK [/stigforge/roles/rhel9_stig : Add the audit rule to {{ audit_file }}] ****
skipping: [localhost]

TASK [/stigforge/roles/rhel9_stig : Declare list of syscalls] ******************
skipping: [localhost]

TASK [/stigforge/roles/rhel9_stig : Check existence of  in /etc/audit/rules.d/] ***
skipping: [localhost]

TASK [/stigforge/roles/rhel9_stig : Reset syscalls found per file] *************
skipping: [localhost]

TASK [/stigforge/roles/rhel9_stig : Declare syscalls found per file] ***********
skipping: [localhost]

TASK [/stigforge/roles/rhel9_stig : Declare files where syscalls were found] ***
skipping: [localhost]

TASK [/stigforge/roles/rhel9_stig : Count occurrences of syscalls in paths] ****
skipping: [localhost]

TASK [/stigforge/roles/rhel9_stig : Get path with most syscalls] ***************
skipping: [localhost]

TASK [/stigforge/roles/rhel9_stig : No file with syscall found, set path to /etc/audit/rules.d/privileged.rules] ***
skipping: [localhost]

TASK [/stigforge/roles/rhel9_stig : Declare found syscalls] ********************
skipping: [localhost]

TASK [/stigforge/roles/rhel9_stig : Declare missing syscalls] ******************
skipping: [localhost]

TASK [/stigforge/roles/rhel9_stig : Replace the audit rule in {{ audit_file }}] ***
skipping: [localhost]

TASK [/stigforge/roles/rhel9_stig : Add the audit rule to {{ audit_file }}] ****
skipping: [localhost]

TASK [/stigforge/roles/rhel9_stig : Declare list of syscalls] ******************
skipping: [localhost]

TASK [/stigforge/roles/rhel9_stig : Check existence of  in /etc/audit/audit.rules] ***
skipping: [localhost]

TASK [/stigforge/roles/rhel9_stig : Set path to /etc/audit/audit.rules] ********
skipping: [localhost]

TASK [/stigforge/roles/rhel9_stig : Declare found syscalls] ********************
skipping: [localhost]

TASK [/stigforge/roles/rhel9_stig : Declare missing syscalls] ******************
skipping: [localhost]

TASK [/stigforge/roles/rhel9_stig : Replace the audit rule in {{ audit_file }}] ***
skipping: [localhost]

TASK [/stigforge/roles/rhel9_stig : Add the audit rule to {{ audit_file }}] ****
skipping: [localhost]

TASK [/stigforge/roles/rhel9_stig : Declare list of syscalls] ******************
skipping: [localhost]

TASK [/stigforge/roles/rhel9_stig : Check existence of  in /etc/audit/rules.d/] ***
skipping: [localhost]

TASK [/stigforge/roles/rhel9_stig : Reset syscalls found per file] *************
skipping: [localhost]

TASK [/stigforge/roles/rhel9_stig : Declare syscalls found per file] ***********
skipping: [localhost]

TASK [/stigforge/roles/rhel9_stig : Declare files where syscalls were found] ***
skipping: [localhost]

TASK [/stigforge/roles/rhel9_stig : Count occurrences of syscalls in paths] ****
skipping: [localhost]

TASK [/stigforge/roles/rhel9_stig : Get path with most syscalls] ***************
skipping: [localhost]

TASK [/stigforge/roles/rhel9_stig : No file with syscall found, set path to /etc/audit/rules.d/privileged.rules] ***
skipping: [localhost]

TASK [/stigforge/roles/rhel9_stig : Declare found syscalls] ********************
skipping: [localhost]

TASK [/stigforge/roles/rhel9_stig : Declare missing syscalls] ******************
skipping: [localhost]

TASK [/stigforge/roles/rhel9_stig : Replace the audit rule in {{ audit_file }}] ***
skipping: [localhost]

TASK [/stigforge/roles/rhel9_stig : Add the audit rule to {{ audit_file }}] ****
skipping: [localhost]

TASK [/stigforge/roles/rhel9_stig : Declare list of syscalls] ******************
skipping: [localhost]

TASK [/stigforge/roles/rhel9_stig : Check existence of  in /etc/audit/audit.rules] ***
skipping: [localhost]

TASK [/stigforge/roles/rhel9_stig : Set path to /etc/audit/audit.rules] ********
skipping: [localhost]

TASK [/stigforge/roles/rhel9_stig : Declare found syscalls] ********************
skipping: [localhost]

TASK [/stigforge/roles/rhel9_stig : Declare missing syscalls] ******************
skipping: [localhost]

TASK [/stigforge/roles/rhel9_stig : Replace the audit rule in {{ audit_file }}] ***
skipping: [localhost]

TASK [/stigforge/roles/rhel9_stig : Add the audit rule to {{ audit_file }}] ****
skipping: [localhost]

TASK [/stigforge/roles/rhel9_stig : Declare list of syscalls] ******************
skipping: [localhost]

TASK [/stigforge/roles/rhel9_stig : Check existence of  in /etc/audit/rules.d/] ***
skipping: [localhost]

TASK [/stigforge/roles/rhel9_stig : Reset syscalls found per file] *************
skipping: [localhost]

TASK [/stigforge/roles/rhel9_stig : Declare syscalls found per file] ***********
skipping: [localhost]

TASK [/stigforge/roles/rhel9_stig : Declare files where syscalls were found] ***
skipping: [localhost]

TASK [/stigforge/roles/rhel9_stig : Count occurrences of syscalls in paths] ****
skipping: [localhost]

TASK [/stigforge/roles/rhel9_stig : Get path with most syscalls] ***************
skipping: [localhost]

TASK [/stigforge/roles/rhel9_stig : No file with syscall found, set path to /etc/audit/rules.d/privileged.rules] ***
skipping: [localhost]

TASK [/stigforge/roles/rhel9_stig : Declare found syscalls] ********************
skipping: [localhost]

TASK [/stigforge/roles/rhel9_stig : Declare missing syscalls] ******************
skipping: [localhost]

TASK [/stigforge/roles/rhel9_stig : Replace the audit rule in {{ audit_file }}] ***
skipping: [localhost]

TASK [/stigforge/roles/rhel9_stig : Add the audit rule to {{ audit_file }}] ****
skipping: [localhost]

TASK [/stigforge/roles/rhel9_stig : Declare list of syscalls] ******************
skipping: [localhost]

TASK [/stigforge/roles/rhel9_stig : Check existence of  in /etc/audit/audit.rules] ***
skipping: [localhost]

TASK [/stigforge/roles/rhel9_stig : Set path to /etc/audit/audit.rules] ********
skipping: [localhost]

TASK [/stigforge/roles/rhel9_stig : Declare found syscalls] ********************
skipping: [localhost]

TASK [/stigforge/roles/rhel9_stig : Declare missing syscalls] ******************
skipping: [localhost]

TASK [/stigforge/roles/rhel9_stig : Replace the audit rule in {{ audit_file }}] ***
skipping: [localhost]

TASK [/stigforge/roles/rhel9_stig : Add the audit rule to {{ audit_file }}] ****
skipping: [localhost]

TASK [/stigforge/roles/rhel9_stig : Set architecture for audit rename tasks] ***
skipping: [localhost]

TASK [/stigforge/roles/rhel9_stig : Declare list of syscalls] ******************
skipping: [localhost]

TASK [/stigforge/roles/rhel9_stig : Check existence of rename in /etc/audit/rules.d/] ***
skipping: [localhost]

TASK [/stigforge/roles/rhel9_stig : Reset syscalls found per file] *************
skipping: [localhost]

TASK [/stigforge/roles/rhel9_stig : Declare syscalls found per file] ***********
skipping: [localhost]

TASK [/stigforge/roles/rhel9_stig : Declare files where syscalls were found] ***
skipping: [localhost]

TASK [/stigforge/roles/rhel9_stig : Count occurrences of syscalls in paths] ****
skipping: [localhost]

TASK [/stigforge/roles/rhel9_stig : Get path with most syscalls] ***************
skipping: [localhost]

TASK [/stigforge/roles/rhel9_stig : No file with syscall found, set path to /etc/audit/rules.d/delete.rules] ***
skipping: [localhost]

TASK [/stigforge/roles/rhel9_stig : Declare found syscalls] ********************
skipping: [localhost]

TASK [/stigforge/roles/rhel9_stig : Declare missing syscalls] ******************
skipping: [localhost]

TASK [/stigforge/roles/rhel9_stig : Replace the audit rule in {{ audit_file }}] ***
skipping: [localhost]

TASK [/stigforge/roles/rhel9_stig : Add the audit rule to {{ audit_file }}] ****
skipping: [localhost]

TASK [/stigforge/roles/rhel9_stig : Declare list of syscalls] ******************
skipping: [localhost]

TASK [/stigforge/roles/rhel9_stig : Check existence of rename in /etc/audit/audit.rules] ***
skipping: [localhost]

TASK [/stigforge/roles/rhel9_stig : Set path to /etc/audit/audit.rules] ********
skipping: [localhost]

TASK [/stigforge/roles/rhel9_stig : Declare found syscalls] ********************
skipping: [localhost]

TASK [/stigforge/roles/rhel9_stig : Declare missing syscalls] ******************
skipping: [localhost]

TASK [/stigforge/roles/rhel9_stig : Replace the audit rule in {{ audit_file }}] ***
skipping: [localhost]

TASK [/stigforge/roles/rhel9_stig : Add the audit rule to {{ audit_file }}] ****
skipping: [localhost]

TASK [/stigforge/roles/rhel9_stig : Declare list of syscalls] ******************
skipping: [localhost]

TASK [/stigforge/roles/rhel9_stig : Check existence of rename in /etc/audit/rules.d/] ***
skipping: [localhost]

TASK [/stigforge/roles/rhel9_stig : Reset syscalls found per file] *************
skipping: [localhost]

TASK [/stigforge/roles/rhel9_stig : Declare syscalls found per file] ***********
skipping: [localhost]

TASK [/stigforge/roles/rhel9_stig : Declare files where syscalls were found] ***
skipping: [localhost]

TASK [/stigforge/roles/rhel9_stig : Count occurrences of syscalls in paths] ****
skipping: [localhost]

TASK [/stigforge/roles/rhel9_stig : Get path with most syscalls] ***************
skipping: [localhost]

TASK [/stigforge/roles/rhel9_stig : No file with syscall found, set path to /etc/audit/rules.d/delete.rules] ***
skipping: [localhost]

TASK [/stigforge/roles/rhel9_stig : Declare found syscalls] ********************
skipping: [localhost]

TASK [/stigforge/roles/rhel9_stig : Declare missing syscalls] ******************
skipping: [localhost]

TASK [/stigforge/roles/rhel9_stig : Replace the audit rule in {{ audit_file }}] ***
skipping: [localhost]

TASK [/stigforge/roles/rhel9_stig : Add the audit rule to {{ audit_file }}] ****
skipping: [localhost]

TASK [/stigforge/roles/rhel9_stig : Declare list of syscalls] ******************
skipping: [localhost]

TASK [/stigforge/roles/rhel9_stig : Check existence of rename in /etc/audit/audit.rules] ***
skipping: [localhost]

TASK [/stigforge/roles/rhel9_stig : Set path to /etc/audit/audit.rules] ********
skipping: [localhost]

TASK [/stigforge/roles/rhel9_stig : Declare found syscalls] ********************
skipping: [localhost]

TASK [/stigforge/roles/rhel9_stig : Declare missing syscalls] ******************
skipping: [localhost]

TASK [/stigforge/roles/rhel9_stig : Replace the audit rule in {{ audit_file }}] ***
skipping: [localhost]

TASK [/stigforge/roles/rhel9_stig : Add the audit rule to {{ audit_file }}] ****
skipping: [localhost]

TASK [/stigforge/roles/rhel9_stig : Set architecture for audit renameat tasks] ***
skipping: [localhost]

TASK [/stigforge/roles/rhel9_stig : Declare list of syscalls] ******************
skipping: [localhost]

TASK [/stigforge/roles/rhel9_stig : Check existence of renameat in /etc/audit/rules.d/] ***
skipping: [localhost]

TASK [/stigforge/roles/rhel9_stig : Reset syscalls found per file] *************
skipping: [localhost]

TASK [/stigforge/roles/rhel9_stig : Declare syscalls found per file] ***********
skipping: [localhost]

TASK [/stigforge/roles/rhel9_stig : Declare files where syscalls were found] ***
skipping: [localhost]

TASK [/stigforge/roles/rhel9_stig : Count occurrences of syscalls in paths] ****
skipping: [localhost]

TASK [/stigforge/roles/rhel9_stig : Get path with most syscalls] ***************
skipping: [localhost]

TASK [/stigforge/roles/rhel9_stig : No file with syscall found, set path to /etc/audit/rules.d/delete.rules] ***
skipping: [localhost]

TASK [/stigforge/roles/rhel9_stig : Declare found syscalls] ********************
skipping: [localhost]

TASK [/stigforge/roles/rhel9_stig : Declare missing syscalls] ******************
skipping: [localhost]

TASK [/stigforge/roles/rhel9_stig : Replace the audit rule in {{ audit_file }}] ***
skipping: [localhost]

TASK [/stigforge/roles/rhel9_stig : Add the audit rule to {{ audit_file }}] ****
skipping: [localhost]

TASK [/stigforge/roles/rhel9_stig : Declare list of syscalls] ******************
skipping: [localhost]

TASK [/stigforge/roles/rhel9_stig : Check existence of renameat in /etc/audit/audit.rules] ***
skipping: [localhost]

TASK [/stigforge/roles/rhel9_stig : Set path to /etc/audit/audit.rules] ********
skipping: [localhost]

TASK [/stigforge/roles/rhel9_stig : Declare found syscalls] ********************
skipping: [localhost]

TASK [/stigforge/roles/rhel9_stig : Declare missing syscalls] ******************
skipping: [localhost]

TASK [/stigforge/roles/rhel9_stig : Replace the audit rule in {{ audit_file }}] ***
skipping: [localhost]

TASK [/stigforge/roles/rhel9_stig : Add the audit rule to {{ audit_file }}] ****
skipping: [localhost]

TASK [/stigforge/roles/rhel9_stig : Declare list of syscalls] ******************
skipping: [localhost]

TASK [/stigforge/roles/rhel9_stig : Check existence of renameat in /etc/audit/rules.d/] ***
skipping: [localhost]

TASK [/stigforge/roles/rhel9_stig : Reset syscalls found per file] *************
skipping: [localhost]

TASK [/stigforge/roles/rhel9_stig : Declare syscalls found per file] ***********
skipping: [localhost]

TASK [/stigforge/roles/rhel9_stig : Declare files where syscalls were found] ***
skipping: [localhost]

TASK [/stigforge/roles/rhel9_stig : Count occurrences of syscalls in paths] ****
skipping: [localhost]

TASK [/stigforge/roles/rhel9_stig : Get path with most syscalls] ***************
skipping: [localhost]

TASK [/stigforge/roles/rhel9_stig : No file with syscall found, set path to /etc/audit/rules.d/delete.rules] ***
skipping: [localhost]

TASK [/stigforge/roles/rhel9_stig : Declare found syscalls] ********************
skipping: [localhost]

TASK [/stigforge/roles/rhel9_stig : Declare missing syscalls] ******************
skipping: [localhost]

TASK [/stigforge/roles/rhel9_stig : Replace the audit rule in {{ audit_file }}] ***
skipping: [localhost]

TASK [/stigforge/roles/rhel9_stig : Add the audit rule to {{ audit_file }}] ****
skipping: [localhost]

TASK [/stigforge/roles/rhel9_stig : Declare list of syscalls] ******************
skipping: [localhost]

TASK [/stigforge/roles/rhel9_stig : Check existence of renameat in /etc/audit/audit.rules] ***
skipping: [localhost]

TASK [/stigforge/roles/rhel9_stig : Set path to /etc/audit/audit.rules] ********
skipping: [localhost]

TASK [/stigforge/roles/rhel9_stig : Declare found syscalls] ********************
skipping: [localhost]

TASK [/stigforge/roles/rhel9_stig : Declare missing syscalls] ******************
skipping: [localhost]

TASK [/stigforge/roles/rhel9_stig : Replace the audit rule in {{ audit_file }}] ***
skipping: [localhost]

TASK [/stigforge/roles/rhel9_stig : Add the audit rule to {{ audit_file }}] ****
skipping: [localhost]

TASK [/stigforge/roles/rhel9_stig : Set architecture for audit rmdir tasks] ****
skipping: [localhost]

TASK [/stigforge/roles/rhel9_stig : Declare list of syscalls] ******************
skipping: [localhost]

TASK [/stigforge/roles/rhel9_stig : Check existence of rmdir in /etc/audit/rules.d/] ***
skipping: [localhost]

TASK [/stigforge/roles/rhel9_stig : Reset syscalls found per file] *************
skipping: [localhost]

TASK [/stigforge/roles/rhel9_stig : Declare syscalls found per file] ***********
skipping: [localhost]

TASK [/stigforge/roles/rhel9_stig : Declare files where syscalls were found] ***
skipping: [localhost]

TASK [/stigforge/roles/rhel9_stig : Count occurrences of syscalls in paths] ****
skipping: [localhost]

TASK [/stigforge/roles/rhel9_stig : Get path with most syscalls] ***************
skipping: [localhost]

TASK [/stigforge/roles/rhel9_stig : No file with syscall found, set path to /etc/audit/rules.d/delete.rules] ***
skipping: [localhost]

TASK [/stigforge/roles/rhel9_stig : Declare found syscalls] ********************
skipping: [localhost]

TASK [/stigforge/roles/rhel9_stig : Declare missing syscalls] ******************
skipping: [localhost]

TASK [/stigforge/roles/rhel9_stig : Replace the audit rule in {{ audit_file }}] ***
skipping: [localhost]

TASK [/stigforge/roles/rhel9_stig : Add the audit rule to {{ audit_file }}] ****
skipping: [localhost]

TASK [/stigforge/roles/rhel9_stig : Declare list of syscalls] ******************
skipping: [localhost]

TASK [/stigforge/roles/rhel9_stig : Check existence of rmdir in /etc/audit/audit.rules] ***
skipping: [localhost]

TASK [/stigforge/roles/rhel9_stig : Set path to /etc/audit/audit.rules] ********
skipping: [localhost]

TASK [/stigforge/roles/rhel9_stig : Declare found syscalls] ********************
skipping: [localhost]

TASK [/stigforge/roles/rhel9_stig : Declare missing syscalls] ******************
skipping: [localhost]

TASK [/stigforge/roles/rhel9_stig : Replace the audit rule in {{ audit_file }}] ***
skipping: [localhost]

TASK [/stigforge/roles/rhel9_stig : Add the audit rule to {{ audit_file }}] ****
skipping: [localhost]

TASK [/stigforge/roles/rhel9_stig : Declare list of syscalls] ******************
skipping: [localhost]

TASK [/stigforge/roles/rhel9_stig : Check existence of rmdir in /etc/audit/rules.d/] ***
skipping: [localhost]

TASK [/stigforge/roles/rhel9_stig : Reset syscalls found per file] *************
skipping: [localhost]

TASK [/stigforge/roles/rhel9_stig : Declare syscalls found per file] ***********
skipping: [localhost]

TASK [/stigforge/roles/rhel9_stig : Declare files where syscalls were found] ***
skipping: [localhost]

TASK [/stigforge/roles/rhel9_stig : Count occurrences of syscalls in paths] ****
skipping: [localhost]

TASK [/stigforge/roles/rhel9_stig : Get path with most syscalls] ***************
skipping: [localhost]

TASK [/stigforge/roles/rhel9_stig : No file with syscall found, set path to /etc/audit/rules.d/delete.rules] ***
skipping: [localhost]

TASK [/stigforge/roles/rhel9_stig : Declare found syscalls] ********************
skipping: [localhost]

TASK [/stigforge/roles/rhel9_stig : Declare missing syscalls] ******************
skipping: [localhost]

TASK [/stigforge/roles/rhel9_stig : Replace the audit rule in {{ audit_file }}] ***
skipping: [localhost]

TASK [/stigforge/roles/rhel9_stig : Add the audit rule to {{ audit_file }}] ****
skipping: [localhost]

TASK [/stigforge/roles/rhel9_stig : Declare list of syscalls] ******************
skipping: [localhost]

TASK [/stigforge/roles/rhel9_stig : Check existence of rmdir in /etc/audit/audit.rules] ***
skipping: [localhost]

TASK [/stigforge/roles/rhel9_stig : Set path to /etc/audit/audit.rules] ********
skipping: [localhost]

TASK [/stigforge/roles/rhel9_stig : Declare found syscalls] ********************
skipping: [localhost]

TASK [/stigforge/roles/rhel9_stig : Declare missing syscalls] ******************
skipping: [localhost]

TASK [/stigforge/roles/rhel9_stig : Replace the audit rule in {{ audit_file }}] ***
skipping: [localhost]

TASK [/stigforge/roles/rhel9_stig : Add the audit rule to {{ audit_file }}] ****
skipping: [localhost]

TASK [/stigforge/roles/rhel9_stig : Set architecture for audit unlink tasks] ***
skipping: [localhost]

TASK [/stigforge/roles/rhel9_stig : Declare list of syscalls] ******************
skipping: [localhost]

TASK [/stigforge/roles/rhel9_stig : Check existence of unlink in /etc/audit/rules.d/] ***
skipping: [localhost]

TASK [/stigforge/roles/rhel9_stig : Reset syscalls found per file] *************
skipping: [localhost]

TASK [/stigforge/roles/rhel9_stig : Declare syscalls found per file] ***********
skipping: [localhost]

TASK [/stigforge/roles/rhel9_stig : Declare files where syscalls were found] ***
skipping: [localhost]

TASK [/stigforge/roles/rhel9_stig : Count occurrences of syscalls in paths] ****
skipping: [localhost]

TASK [/stigforge/roles/rhel9_stig : Get path with most syscalls] ***************
skipping: [localhost]

TASK [/stigforge/roles/rhel9_stig : No file with syscall found, set path to /etc/audit/rules.d/delete.rules] ***
skipping: [localhost]

TASK [/stigforge/roles/rhel9_stig : Declare found syscalls] ********************
skipping: [localhost]

TASK [/stigforge/roles/rhel9_stig : Declare missing syscalls] ******************
skipping: [localhost]

TASK [/stigforge/roles/rhel9_stig : Replace the audit rule in {{ audit_file }}] ***
skipping: [localhost]

TASK [/stigforge/roles/rhel9_stig : Add the audit rule to {{ audit_file }}] ****
skipping: [localhost]

TASK [/stigforge/roles/rhel9_stig : Declare list of syscalls] ******************
skipping: [localhost]

TASK [/stigforge/roles/rhel9_stig : Check existence of unlink in /etc/audit/audit.rules] ***
skipping: [localhost]

TASK [/stigforge/roles/rhel9_stig : Set path to /etc/audit/audit.rules] ********
skipping: [localhost]

TASK [/stigforge/roles/rhel9_stig : Declare found syscalls] ********************
skipping: [localhost]

TASK [/stigforge/roles/rhel9_stig : Declare missing syscalls] ******************
skipping: [localhost]

TASK [/stigforge/roles/rhel9_stig : Replace the audit rule in {{ audit_file }}] ***
skipping: [localhost]

TASK [/stigforge/roles/rhel9_stig : Add the audit rule to {{ audit_file }}] ****
skipping: [localhost]

TASK [/stigforge/roles/rhel9_stig : Declare list of syscalls] ******************
skipping: [localhost]

TASK [/stigforge/roles/rhel9_stig : Check existence of unlink in /etc/audit/rules.d/] ***
skipping: [localhost]

TASK [/stigforge/roles/rhel9_stig : Reset syscalls found per file] *************
skipping: [localhost]

TASK [/stigforge/roles/rhel9_stig : Declare syscalls found per file] ***********
skipping: [localhost]

TASK [/stigforge/roles/rhel9_stig : Declare files where syscalls were found] ***
skipping: [localhost]

TASK [/stigforge/roles/rhel9_stig : Count occurrences of syscalls in paths] ****
skipping: [localhost]

TASK [/stigforge/roles/rhel9_stig : Get path with most syscalls] ***************
skipping: [localhost]

TASK [/stigforge/roles/rhel9_stig : No file with syscall found, set path to /etc/audit/rules.d/delete.rules] ***
skipping: [localhost]

TASK [/stigforge/roles/rhel9_stig : Declare found syscalls] ********************
skipping: [localhost]

TASK [/stigforge/roles/rhel9_stig : Declare missing syscalls] ******************
skipping: [localhost]

TASK [/stigforge/roles/rhel9_stig : Replace the audit rule in {{ audit_file }}] ***
skipping: [localhost]

TASK [/stigforge/roles/rhel9_stig : Add the audit rule to {{ audit_file }}] ****
skipping: [localhost]

TASK [/stigforge/roles/rhel9_stig : Declare list of syscalls] ******************
skipping: [localhost]

TASK [/stigforge/roles/rhel9_stig : Check existence of unlink in /etc/audit/audit.rules] ***
skipping: [localhost]

TASK [/stigforge/roles/rhel9_stig : Set path to /etc/audit/audit.rules] ********
skipping: [localhost]

TASK [/stigforge/roles/rhel9_stig : Declare found syscalls] ********************
skipping: [localhost]

TASK [/stigforge/roles/rhel9_stig : Declare missing syscalls] ******************
skipping: [localhost]

TASK [/stigforge/roles/rhel9_stig : Replace the audit rule in {{ audit_file }}] ***
skipping: [localhost]

TASK [/stigforge/roles/rhel9_stig : Add the audit rule to {{ audit_file }}] ****
skipping: [localhost]

TASK [/stigforge/roles/rhel9_stig : Set architecture for audit unlinkat tasks] ***
skipping: [localhost]

TASK [/stigforge/roles/rhel9_stig : Declare list of syscalls] ******************
skipping: [localhost]

TASK [/stigforge/roles/rhel9_stig : Check existence of unlinkat in /etc/audit/rules.d/] ***
skipping: [localhost]

TASK [/stigforge/roles/rhel9_stig : Reset syscalls found per file] *************
skipping: [localhost]

TASK [/stigforge/roles/rhel9_stig : Declare syscalls found per file] ***********
skipping: [localhost]

TASK [/stigforge/roles/rhel9_stig : Declare files where syscalls were found] ***
skipping: [localhost]

TASK [/stigforge/roles/rhel9_stig : Count occurrences of syscalls in paths] ****
skipping: [localhost]

TASK [/stigforge/roles/rhel9_stig : Get path with most syscalls] ***************
skipping: [localhost]

TASK [/stigforge/roles/rhel9_stig : No file with syscall found, set path to /etc/audit/rules.d/delete.rules] ***
skipping: [localhost]

TASK [/stigforge/roles/rhel9_stig : Declare found syscalls] ********************
skipping: [localhost]

TASK [/stigforge/roles/rhel9_stig : Declare missing syscalls] ******************
skipping: [localhost]

TASK [/stigforge/roles/rhel9_stig : Replace the audit rule in {{ audit_file }}] ***
skipping: [localhost]

TASK [/stigforge/roles/rhel9_stig : Add the audit rule to {{ audit_file }}] ****
skipping: [localhost]

TASK [/stigforge/roles/rhel9_stig : Declare list of syscalls] ******************
skipping: [localhost]

TASK [/stigforge/roles/rhel9_stig : Check existence of unlinkat in /etc/audit/audit.rules] ***
skipping: [localhost]

TASK [/stigforge/roles/rhel9_stig : Set path to /etc/audit/audit.rules] ********
skipping: [localhost]

TASK [/stigforge/roles/rhel9_stig : Declare found syscalls] ********************
skipping: [localhost]

TASK [/stigforge/roles/rhel9_stig : Declare missing syscalls] ******************
skipping: [localhost]

TASK [/stigforge/roles/rhel9_stig : Replace the audit rule in {{ audit_file }}] ***
skipping: [localhost]

TASK [/stigforge/roles/rhel9_stig : Add the audit rule to {{ audit_file }}] ****
skipping: [localhost]

TASK [/stigforge/roles/rhel9_stig : Declare list of syscalls] ******************
skipping: [localhost]

TASK [/stigforge/roles/rhel9_stig : Check existence of unlinkat in /etc/audit/rules.d/] ***
skipping: [localhost]

TASK [/stigforge/roles/rhel9_stig : Reset syscalls found per file] *************
skipping: [localhost]

TASK [/stigforge/roles/rhel9_stig : Declare syscalls found per file] ***********
skipping: [localhost]

TASK [/stigforge/roles/rhel9_stig : Declare files where syscalls were found] ***
skipping: [localhost]

TASK [/stigforge/roles/rhel9_stig : Count occurrences of syscalls in paths] ****
skipping: [localhost]

TASK [/stigforge/roles/rhel9_stig : Get path with most syscalls] ***************
skipping: [localhost]

TASK [/stigforge/roles/rhel9_stig : No file with syscall found, set path to /etc/audit/rules.d/delete.rules] ***
skipping: [localhost]

TASK [/stigforge/roles/rhel9_stig : Declare found syscalls] ********************
skipping: [localhost]

TASK [/stigforge/roles/rhel9_stig : Declare missing syscalls] ******************
skipping: [localhost]

TASK [/stigforge/roles/rhel9_stig : Replace the audit rule in {{ audit_file }}] ***
skipping: [localhost]

TASK [/stigforge/roles/rhel9_stig : Add the audit rule to {{ audit_file }}] ****
skipping: [localhost]

TASK [/stigforge/roles/rhel9_stig : Declare list of syscalls] ******************
skipping: [localhost]

TASK [/stigforge/roles/rhel9_stig : Check existence of unlinkat in /etc/audit/audit.rules] ***
skipping: [localhost]

TASK [/stigforge/roles/rhel9_stig : Set path to /etc/audit/audit.rules] ********
skipping: [localhost]

TASK [/stigforge/roles/rhel9_stig : Declare found syscalls] ********************
skipping: [localhost]

TASK [/stigforge/roles/rhel9_stig : Declare missing syscalls] ******************
skipping: [localhost]

TASK [/stigforge/roles/rhel9_stig : Replace the audit rule in {{ audit_file }}] ***
skipping: [localhost]

TASK [/stigforge/roles/rhel9_stig : Add the audit rule to {{ audit_file }}] ****
skipping: [localhost]

TASK [/stigforge/roles/rhel9_stig : Set architecture for audit creat tasks] ****
skipping: [localhost]

TASK [/stigforge/roles/rhel9_stig : Declare list of syscalls] ******************
skipping: [localhost]

TASK [/stigforge/roles/rhel9_stig : Check existence of creat in /etc/audit/rules.d/] ***
skipping: [localhost]

TASK [/stigforge/roles/rhel9_stig : Reset syscalls found per file] *************
skipping: [localhost]

TASK [/stigforge/roles/rhel9_stig : Declare syscalls found per file] ***********
skipping: [localhost]

TASK [/stigforge/roles/rhel9_stig : Declare files where syscalls were found] ***
skipping: [localhost]

TASK [/stigforge/roles/rhel9_stig : Count occurrences of syscalls in paths] ****
skipping: [localhost]

TASK [/stigforge/roles/rhel9_stig : Get path with most syscalls] ***************
skipping: [localhost]

TASK [/stigforge/roles/rhel9_stig : No file with syscall found, set path to /etc/audit/rules.d/access.rules] ***
skipping: [localhost]

TASK [/stigforge/roles/rhel9_stig : Declare found syscalls] ********************
skipping: [localhost]

TASK [/stigforge/roles/rhel9_stig : Declare missing syscalls] ******************
skipping: [localhost]

TASK [/stigforge/roles/rhel9_stig : Replace the audit rule in {{ audit_file }}] ***
skipping: [localhost]

TASK [/stigforge/roles/rhel9_stig : Add the audit rule to {{ audit_file }}] ****
skipping: [localhost]

TASK [/stigforge/roles/rhel9_stig : Declare list of syscalls] ******************
skipping: [localhost]

TASK [/stigforge/roles/rhel9_stig : Check existence of creat in /etc/audit/audit.rules] ***
skipping: [localhost]

TASK [/stigforge/roles/rhel9_stig : Set path to /etc/audit/audit.rules] ********
skipping: [localhost]

TASK [/stigforge/roles/rhel9_stig : Declare found syscalls] ********************
skipping: [localhost]

TASK [/stigforge/roles/rhel9_stig : Declare missing syscalls] ******************
skipping: [localhost]

TASK [/stigforge/roles/rhel9_stig : Replace the audit rule in {{ audit_file }}] ***
skipping: [localhost]

TASK [/stigforge/roles/rhel9_stig : Add the audit rule to {{ audit_file }}] ****
skipping: [localhost]

TASK [/stigforge/roles/rhel9_stig : Declare list of syscalls] ******************
skipping: [localhost]

TASK [/stigforge/roles/rhel9_stig : Check existence of creat in /etc/audit/rules.d/] ***
skipping: [localhost]

TASK [/stigforge/roles/rhel9_stig : Reset syscalls found per file] *************
skipping: [localhost]

TASK [/stigforge/roles/rhel9_stig : Declare syscalls found per file] ***********
skipping: [localhost]

TASK [/stigforge/roles/rhel9_stig : Declare files where syscalls were found] ***
skipping: [localhost]

TASK [/stigforge/roles/rhel9_stig : Count occurrences of syscalls in paths] ****
skipping: [localhost]

TASK [/stigforge/roles/rhel9_stig : Get path with most syscalls] ***************
skipping: [localhost]

TASK [/stigforge/roles/rhel9_stig : No file with syscall found, set path to /etc/audit/rules.d/access.rules] ***
skipping: [localhost]

TASK [/stigforge/roles/rhel9_stig : Declare found syscalls] ********************
skipping: [localhost]

TASK [/stigforge/roles/rhel9_stig : Declare missing syscalls] ******************
skipping: [localhost]

TASK [/stigforge/roles/rhel9_stig : Replace the audit rule in {{ audit_file }}] ***
skipping: [localhost]

TASK [/stigforge/roles/rhel9_stig : Add the audit rule to {{ audit_file }}] ****
skipping: [localhost]

TASK [/stigforge/roles/rhel9_stig : Declare list of syscalls] ******************
skipping: [localhost]

TASK [/stigforge/roles/rhel9_stig : Check existence of creat in /etc/audit/audit.rules] ***
skipping: [localhost]

TASK [/stigforge/roles/rhel9_stig : Set path to /etc/audit/audit.rules] ********
skipping: [localhost]

TASK [/stigforge/roles/rhel9_stig : Declare found syscalls] ********************
skipping: [localhost]

TASK [/stigforge/roles/rhel9_stig : Declare missing syscalls] ******************
skipping: [localhost]

TASK [/stigforge/roles/rhel9_stig : Replace the audit rule in {{ audit_file }}] ***
skipping: [localhost]

TASK [/stigforge/roles/rhel9_stig : Add the audit rule to {{ audit_file }}] ****
skipping: [localhost]

TASK [/stigforge/roles/rhel9_stig : Declare list of syscalls] ******************
skipping: [localhost]

TASK [/stigforge/roles/rhel9_stig : Check existence of creat in /etc/audit/rules.d/] ***
skipping: [localhost]

TASK [/stigforge/roles/rhel9_stig : Reset syscalls found per file] *************
skipping: [localhost]

TASK [/stigforge/roles/rhel9_stig : Declare syscalls found per file] ***********
skipping: [localhost]

TASK [/stigforge/roles/rhel9_stig : Declare files where syscalls were found] ***
skipping: [localhost]

TASK [/stigforge/roles/rhel9_stig : Count occurrences of syscalls in paths] ****
skipping: [localhost]

TASK [/stigforge/roles/rhel9_stig : Get path with most syscalls] ***************
skipping: [localhost]

TASK [/stigforge/roles/rhel9_stig : No file with syscall found, set path to /etc/audit/rules.d/access.rules] ***
skipping: [localhost]

TASK [/stigforge/roles/rhel9_stig : Declare found syscalls] ********************
skipping: [localhost]

TASK [/stigforge/roles/rhel9_stig : Declare missing syscalls] ******************
skipping: [localhost]

TASK [/stigforge/roles/rhel9_stig : Replace the audit rule in {{ audit_file }}] ***
skipping: [localhost]

TASK [/stigforge/roles/rhel9_stig : Add the audit rule to {{ audit_file }}] ****
skipping: [localhost]

TASK [/stigforge/roles/rhel9_stig : Declare list of syscalls] ******************
skipping: [localhost]

TASK [/stigforge/roles/rhel9_stig : Check existence of creat in /etc/audit/audit.rules] ***
skipping: [localhost]

TASK [/stigforge/roles/rhel9_stig : Set path to /etc/audit/audit.rules] ********
skipping: [localhost]

TASK [/stigforge/roles/rhel9_stig : Declare found syscalls] ********************
skipping: [localhost]

TASK [/stigforge/roles/rhel9_stig : Declare missing syscalls] ******************
skipping: [localhost]

TASK [/stigforge/roles/rhel9_stig : Replace the audit rule in {{ audit_file }}] ***
skipping: [localhost]

TASK [/stigforge/roles/rhel9_stig : Add the audit rule to {{ audit_file }}] ****
skipping: [localhost]

TASK [/stigforge/roles/rhel9_stig : Declare list of syscalls] ******************
skipping: [localhost]

TASK [/stigforge/roles/rhel9_stig : Check existence of creat in /etc/audit/rules.d/] ***
skipping: [localhost]

TASK [/stigforge/roles/rhel9_stig : Reset syscalls found per file] *************
skipping: [localhost]

TASK [/stigforge/roles/rhel9_stig : Declare syscalls found per file] ***********
skipping: [localhost]

TASK [/stigforge/roles/rhel9_stig : Declare files where syscalls were found] ***
skipping: [localhost]

TASK [/stigforge/roles/rhel9_stig : Count occurrences of syscalls in paths] ****
skipping: [localhost]

TASK [/stigforge/roles/rhel9_stig : Get path with most syscalls] ***************
skipping: [localhost]

TASK [/stigforge/roles/rhel9_stig : No file with syscall found, set path to /etc/audit/rules.d/access.rules] ***
skipping: [localhost]

TASK [/stigforge/roles/rhel9_stig : Declare found syscalls] ********************
skipping: [localhost]

TASK [/stigforge/roles/rhel9_stig : Declare missing syscalls] ******************
skipping: [localhost]

TASK [/stigforge/roles/rhel9_stig : Replace the audit rule in {{ audit_file }}] ***
skipping: [localhost]

TASK [/stigforge/roles/rhel9_stig : Add the audit rule to {{ audit_file }}] ****
skipping: [localhost]

TASK [/stigforge/roles/rhel9_stig : Declare list of syscalls] ******************
skipping: [localhost]

TASK [/stigforge/roles/rhel9_stig : Check existence of creat in /etc/audit/audit.rules] ***
skipping: [localhost]

TASK [/stigforge/roles/rhel9_stig : Set path to /etc/audit/audit.rules] ********
skipping: [localhost]

TASK [/stigforge/roles/rhel9_stig : Declare found syscalls] ********************
skipping: [localhost]

TASK [/stigforge/roles/rhel9_stig : Declare missing syscalls] ******************
skipping: [localhost]

TASK [/stigforge/roles/rhel9_stig : Replace the audit rule in {{ audit_file }}] ***
skipping: [localhost]

TASK [/stigforge/roles/rhel9_stig : Add the audit rule to {{ audit_file }}] ****
skipping: [localhost]

TASK [/stigforge/roles/rhel9_stig : Set architecture for audit ftruncate tasks] ***
skipping: [localhost]

TASK [/stigforge/roles/rhel9_stig : Declare list of syscalls] ******************
skipping: [localhost]

TASK [/stigforge/roles/rhel9_stig : Check existence of ftruncate in /etc/audit/rules.d/] ***
skipping: [localhost]

TASK [/stigforge/roles/rhel9_stig : Reset syscalls found per file] *************
skipping: [localhost]

TASK [/stigforge/roles/rhel9_stig : Declare syscalls found per file] ***********
skipping: [localhost]

TASK [/stigforge/roles/rhel9_stig : Declare files where syscalls were found] ***
skipping: [localhost]

TASK [/stigforge/roles/rhel9_stig : Count occurrences of syscalls in paths] ****
skipping: [localhost]

TASK [/stigforge/roles/rhel9_stig : Get path with most syscalls] ***************
skipping: [localhost]

TASK [/stigforge/roles/rhel9_stig : No file with syscall found, set path to /etc/audit/rules.d/access.rules] ***
skipping: [localhost]

TASK [/stigforge/roles/rhel9_stig : Declare found syscalls] ********************
skipping: [localhost]

TASK [/stigforge/roles/rhel9_stig : Declare missing syscalls] ******************
skipping: [localhost]

TASK [/stigforge/roles/rhel9_stig : Replace the audit rule in {{ audit_file }}] ***
skipping: [localhost]

TASK [/stigforge/roles/rhel9_stig : Add the audit rule to {{ audit_file }}] ****
skipping: [localhost]

TASK [/stigforge/roles/rhel9_stig : Declare list of syscalls] ******************
skipping: [localhost]

TASK [/stigforge/roles/rhel9_stig : Check existence of ftruncate in /etc/audit/audit.rules] ***
skipping: [localhost]

TASK [/stigforge/roles/rhel9_stig : Set path to /etc/audit/audit.rules] ********
skipping: [localhost]

TASK [/stigforge/roles/rhel9_stig : Declare found syscalls] ********************
skipping: [localhost]

TASK [/stigforge/roles/rhel9_stig : Declare missing syscalls] ******************
skipping: [localhost]

TASK [/stigforge/roles/rhel9_stig : Replace the audit rule in {{ audit_file }}] ***
skipping: [localhost]

TASK [/stigforge/roles/rhel9_stig : Add the audit rule to {{ audit_file }}] ****
skipping: [localhost]

TASK [/stigforge/roles/rhel9_stig : Declare list of syscalls] ******************
skipping: [localhost]

TASK [/stigforge/roles/rhel9_stig : Check existence of ftruncate in /etc/audit/rules.d/] ***
skipping: [localhost]

TASK [/stigforge/roles/rhel9_stig : Reset syscalls found per file] *************
skipping: [localhost]

TASK [/stigforge/roles/rhel9_stig : Declare syscalls found per file] ***********
skipping: [localhost]

TASK [/stigforge/roles/rhel9_stig : Declare files where syscalls were found] ***
skipping: [localhost]

TASK [/stigforge/roles/rhel9_stig : Count occurrences of syscalls in paths] ****
skipping: [localhost]

TASK [/stigforge/roles/rhel9_stig : Get path with most syscalls] ***************
skipping: [localhost]

TASK [/stigforge/roles/rhel9_stig : No file with syscall found, set path to /etc/audit/rules.d/access.rules] ***
skipping: [localhost]

TASK [/stigforge/roles/rhel9_stig : Declare found syscalls] ********************
skipping: [localhost]

TASK [/stigforge/roles/rhel9_stig : Declare missing syscalls] ******************
skipping: [localhost]

TASK [/stigforge/roles/rhel9_stig : Replace the audit rule in {{ audit_file }}] ***
skipping: [localhost]

TASK [/stigforge/roles/rhel9_stig : Add the audit rule to {{ audit_file }}] ****
skipping: [localhost]

TASK [/stigforge/roles/rhel9_stig : Declare list of syscalls] ******************
skipping: [localhost]

TASK [/stigforge/roles/rhel9_stig : Check existence of ftruncate in /etc/audit/audit.rules] ***
skipping: [localhost]

TASK [/stigforge/roles/rhel9_stig : Set path to /etc/audit/audit.rules] ********
skipping: [localhost]

TASK [/stigforge/roles/rhel9_stig : Declare found syscalls] ********************
skipping: [localhost]

TASK [/stigforge/roles/rhel9_stig : Declare missing syscalls] ******************
skipping: [localhost]

TASK [/stigforge/roles/rhel9_stig : Replace the audit rule in {{ audit_file }}] ***
skipping: [localhost]

TASK [/stigforge/roles/rhel9_stig : Add the audit rule to {{ audit_file }}] ****
skipping: [localhost]

TASK [/stigforge/roles/rhel9_stig : Declare list of syscalls] ******************
skipping: [localhost]

TASK [/stigforge/roles/rhel9_stig : Check existence of ftruncate in /etc/audit/rules.d/] ***
skipping: [localhost]

TASK [/stigforge/roles/rhel9_stig : Reset syscalls found per file] *************
skipping: [localhost]

TASK [/stigforge/roles/rhel9_stig : Declare syscalls found per file] ***********
skipping: [localhost]

TASK [/stigforge/roles/rhel9_stig : Declare files where syscalls were found] ***
skipping: [localhost]

TASK [/stigforge/roles/rhel9_stig : Count occurrences of syscalls in paths] ****
skipping: [localhost]

TASK [/stigforge/roles/rhel9_stig : Get path with most syscalls] ***************
skipping: [localhost]

TASK [/stigforge/roles/rhel9_stig : No file with syscall found, set path to /etc/audit/rules.d/access.rules] ***
skipping: [localhost]

TASK [/stigforge/roles/rhel9_stig : Declare found syscalls] ********************
skipping: [localhost]

TASK [/stigforge/roles/rhel9_stig : Declare missing syscalls] ******************
skipping: [localhost]

TASK [/stigforge/roles/rhel9_stig : Replace the audit rule in {{ audit_file }}] ***
skipping: [localhost]

TASK [/stigforge/roles/rhel9_stig : Add the audit rule to {{ audit_file }}] ****
skipping: [localhost]

TASK [/stigforge/roles/rhel9_stig : Declare list of syscalls] ******************
skipping: [localhost]

TASK [/stigforge/roles/rhel9_stig : Check existence of ftruncate in /etc/audit/audit.rules] ***
skipping: [localhost]

TASK [/stigforge/roles/rhel9_stig : Set path to /etc/audit/audit.rules] ********
skipping: [localhost]

TASK [/stigforge/roles/rhel9_stig : Declare found syscalls] ********************
skipping: [localhost]

TASK [/stigforge/roles/rhel9_stig : Declare missing syscalls] ******************
skipping: [localhost]

TASK [/stigforge/roles/rhel9_stig : Replace the audit rule in {{ audit_file }}] ***
skipping: [localhost]

TASK [/stigforge/roles/rhel9_stig : Add the audit rule to {{ audit_file }}] ****
skipping: [localhost]

TASK [/stigforge/roles/rhel9_stig : Declare list of syscalls] ******************
skipping: [localhost]

TASK [/stigforge/roles/rhel9_stig : Check existence of ftruncate in /etc/audit/rules.d/] ***
skipping: [localhost]

TASK [/stigforge/roles/rhel9_stig : Reset syscalls found per file] *************
skipping: [localhost]

TASK [/stigforge/roles/rhel9_stig : Declare syscalls found per file] ***********
skipping: [localhost]

TASK [/stigforge/roles/rhel9_stig : Declare files where syscalls were found] ***
skipping: [localhost]

TASK [/stigforge/roles/rhel9_stig : Count occurrences of syscalls in paths] ****
skipping: [localhost]

TASK [/stigforge/roles/rhel9_stig : Get path with most syscalls] ***************
skipping: [localhost]

TASK [/stigforge/roles/rhel9_stig : No file with syscall found, set path to /etc/audit/rules.d/access.rules] ***
skipping: [localhost]

TASK [/stigforge/roles/rhel9_stig : Declare found syscalls] ********************
skipping: [localhost]

TASK [/stigforge/roles/rhel9_stig : Declare missing syscalls] ******************
skipping: [localhost]

TASK [/stigforge/roles/rhel9_stig : Replace the audit rule in {{ audit_file }}] ***
skipping: [localhost]

TASK [/stigforge/roles/rhel9_stig : Add the audit rule to {{ audit_file }}] ****
skipping: [localhost]

TASK [/stigforge/roles/rhel9_stig : Declare list of syscalls] ******************
skipping: [localhost]

TASK [/stigforge/roles/rhel9_stig : Check existence of ftruncate in /etc/audit/audit.rules] ***
skipping: [localhost]

TASK [/stigforge/roles/rhel9_stig : Set path to /etc/audit/audit.rules] ********
skipping: [localhost]

TASK [/stigforge/roles/rhel9_stig : Declare found syscalls] ********************
skipping: [localhost]

TASK [/stigforge/roles/rhel9_stig : Declare missing syscalls] ******************
skipping: [localhost]

TASK [/stigforge/roles/rhel9_stig : Replace the audit rule in {{ audit_file }}] ***
skipping: [localhost]

TASK [/stigforge/roles/rhel9_stig : Add the audit rule to {{ audit_file }}] ****
skipping: [localhost]

TASK [/stigforge/roles/rhel9_stig : Set architecture for audit open tasks] *****
skipping: [localhost]

TASK [/stigforge/roles/rhel9_stig : Declare list of syscalls] ******************
skipping: [localhost]

TASK [/stigforge/roles/rhel9_stig : Check existence of open in /etc/audit/rules.d/] ***
skipping: [localhost]

TASK [/stigforge/roles/rhel9_stig : Reset syscalls found per file] *************
skipping: [localhost]

TASK [/stigforge/roles/rhel9_stig : Declare syscalls found per file] ***********
skipping: [localhost]

TASK [/stigforge/roles/rhel9_stig : Declare files where syscalls were found] ***
skipping: [localhost]

TASK [/stigforge/roles/rhel9_stig : Count occurrences of syscalls in paths] ****
skipping: [localhost]

TASK [/stigforge/roles/rhel9_stig : Get path with most syscalls] ***************
skipping: [localhost]

TASK [/stigforge/roles/rhel9_stig : No file with syscall found, set path to /etc/audit/rules.d/access.rules] ***
skipping: [localhost]

TASK [/stigforge/roles/rhel9_stig : Declare found syscalls] ********************
skipping: [localhost]

TASK [/stigforge/roles/rhel9_stig : Declare missing syscalls] ******************
skipping: [localhost]

TASK [/stigforge/roles/rhel9_stig : Replace the audit rule in {{ audit_file }}] ***
skipping: [localhost]

TASK [/stigforge/roles/rhel9_stig : Add the audit rule to {{ audit_file }}] ****
skipping: [localhost]

TASK [/stigforge/roles/rhel9_stig : Declare list of syscalls] ******************
skipping: [localhost]

TASK [/stigforge/roles/rhel9_stig : Check existence of open in /etc/audit/audit.rules] ***
skipping: [localhost]

TASK [/stigforge/roles/rhel9_stig : Set path to /etc/audit/audit.rules] ********
skipping: [localhost]

TASK [/stigforge/roles/rhel9_stig : Declare found syscalls] ********************
skipping: [localhost]

TASK [/stigforge/roles/rhel9_stig : Declare missing syscalls] ******************
skipping: [localhost]

TASK [/stigforge/roles/rhel9_stig : Replace the audit rule in {{ audit_file }}] ***
skipping: [localhost]

TASK [/stigforge/roles/rhel9_stig : Add the audit rule to {{ audit_file }}] ****
skipping: [localhost]

TASK [/stigforge/roles/rhel9_stig : Declare list of syscalls] ******************
skipping: [localhost]

TASK [/stigforge/roles/rhel9_stig : Check existence of open in /etc/audit/rules.d/] ***
skipping: [localhost]

TASK [/stigforge/roles/rhel9_stig : Reset syscalls found per file] *************
skipping: [localhost]

TASK [/stigforge/roles/rhel9_stig : Declare syscalls found per file] ***********
skipping: [localhost]

TASK [/stigforge/roles/rhel9_stig : Declare files where syscalls were found] ***
skipping: [localhost]

TASK [/stigforge/roles/rhel9_stig : Count occurrences of syscalls in paths] ****
skipping: [localhost]

TASK [/stigforge/roles/rhel9_stig : Get path with most syscalls] ***************
skipping: [localhost]

TASK [/stigforge/roles/rhel9_stig : No file with syscall found, set path to /etc/audit/rules.d/access.rules] ***
skipping: [localhost]

TASK [/stigforge/roles/rhel9_stig : Declare found syscalls] ********************
skipping: [localhost]

TASK [/stigforge/roles/rhel9_stig : Declare missing syscalls] ******************
skipping: [localhost]

TASK [/stigforge/roles/rhel9_stig : Replace the audit rule in {{ audit_file }}] ***
skipping: [localhost]

TASK [/stigforge/roles/rhel9_stig : Add the audit rule to {{ audit_file }}] ****
skipping: [localhost]

TASK [/stigforge/roles/rhel9_stig : Declare list of syscalls] ******************
skipping: [localhost]

TASK [/stigforge/roles/rhel9_stig : Check existence of open in /etc/audit/audit.rules] ***
skipping: [localhost]

TASK [/stigforge/roles/rhel9_stig : Set path to /etc/audit/audit.rules] ********
skipping: [localhost]

TASK [/stigforge/roles/rhel9_stig : Declare found syscalls] ********************
skipping: [localhost]

TASK [/stigforge/roles/rhel9_stig : Declare missing syscalls] ******************
skipping: [localhost]

TASK [/stigforge/roles/rhel9_stig : Replace the audit rule in {{ audit_file }}] ***
skipping: [localhost]

TASK [/stigforge/roles/rhel9_stig : Add the audit rule to {{ audit_file }}] ****
skipping: [localhost]

TASK [/stigforge/roles/rhel9_stig : Declare list of syscalls] ******************
skipping: [localhost]

TASK [/stigforge/roles/rhel9_stig : Check existence of open in /etc/audit/rules.d/] ***
skipping: [localhost]

TASK [/stigforge/roles/rhel9_stig : Reset syscalls found per file] *************
skipping: [localhost]

TASK [/stigforge/roles/rhel9_stig : Declare syscalls found per file] ***********
skipping: [localhost]

TASK [/stigforge/roles/rhel9_stig : Declare files where syscalls were found] ***
skipping: [localhost]

TASK [/stigforge/roles/rhel9_stig : Count occurrences of syscalls in paths] ****
skipping: [localhost]

TASK [/stigforge/roles/rhel9_stig : Get path with most syscalls] ***************
skipping: [localhost]

TASK [/stigforge/roles/rhel9_stig : No file with syscall found, set path to /etc/audit/rules.d/access.rules] ***
skipping: [localhost]

TASK [/stigforge/roles/rhel9_stig : Declare found syscalls] ********************
skipping: [localhost]

TASK [/stigforge/roles/rhel9_stig : Declare missing syscalls] ******************
skipping: [localhost]

TASK [/stigforge/roles/rhel9_stig : Replace the audit rule in {{ audit_file }}] ***
skipping: [localhost]

TASK [/stigforge/roles/rhel9_stig : Add the audit rule to {{ audit_file }}] ****
skipping: [localhost]

TASK [/stigforge/roles/rhel9_stig : Declare list of syscalls] ******************
skipping: [localhost]

TASK [/stigforge/roles/rhel9_stig : Check existence of open in /etc/audit/audit.rules] ***
skipping: [localhost]

TASK [/stigforge/roles/rhel9_stig : Set path to /etc/audit/audit.rules] ********
skipping: [localhost]

TASK [/stigforge/roles/rhel9_stig : Declare found syscalls] ********************
skipping: [localhost]

TASK [/stigforge/roles/rhel9_stig : Declare missing syscalls] ******************
skipping: [localhost]

TASK [/stigforge/roles/rhel9_stig : Replace the audit rule in {{ audit_file }}] ***
skipping: [localhost]

TASK [/stigforge/roles/rhel9_stig : Add the audit rule to {{ audit_file }}] ****
skipping: [localhost]

TASK [/stigforge/roles/rhel9_stig : Declare list of syscalls] ******************
skipping: [localhost]

TASK [/stigforge/roles/rhel9_stig : Check existence of open in /etc/audit/rules.d/] ***
skipping: [localhost]

TASK [/stigforge/roles/rhel9_stig : Reset syscalls found per file] *************
skipping: [localhost]

TASK [/stigforge/roles/rhel9_stig : Declare syscalls found per file] ***********
skipping: [localhost]

TASK [/stigforge/roles/rhel9_stig : Declare files where syscalls were found] ***
skipping: [localhost]

TASK [/stigforge/roles/rhel9_stig : Count occurrences of syscalls in paths] ****
skipping: [localhost]

TASK [/stigforge/roles/rhel9_stig : Get path with most syscalls] ***************
skipping: [localhost]

TASK [/stigforge/roles/rhel9_stig : No file with syscall found, set path to /etc/audit/rules.d/access.rules] ***
skipping: [localhost]

TASK [/stigforge/roles/rhel9_stig : Declare found syscalls] ********************
skipping: [localhost]

TASK [/stigforge/roles/rhel9_stig : Declare missing syscalls] ******************
skipping: [localhost]

TASK [/stigforge/roles/rhel9_stig : Replace the audit rule in {{ audit_file }}] ***
skipping: [localhost]

TASK [/stigforge/roles/rhel9_stig : Add the audit rule to {{ audit_file }}] ****
skipping: [localhost]

TASK [/stigforge/roles/rhel9_stig : Declare list of syscalls] ******************
skipping: [localhost]

TASK [/stigforge/roles/rhel9_stig : Check existence of open in /etc/audit/audit.rules] ***
skipping: [localhost]

TASK [/stigforge/roles/rhel9_stig : Set path to /etc/audit/audit.rules] ********
skipping: [localhost]

TASK [/stigforge/roles/rhel9_stig : Declare found syscalls] ********************
skipping: [localhost]

TASK [/stigforge/roles/rhel9_stig : Declare missing syscalls] ******************
skipping: [localhost]

TASK [/stigforge/roles/rhel9_stig : Replace the audit rule in {{ audit_file }}] ***
skipping: [localhost]

TASK [/stigforge/roles/rhel9_stig : Add the audit rule to {{ audit_file }}] ****
skipping: [localhost]

TASK [/stigforge/roles/rhel9_stig : Set architecture for audit open_by_handle_at tasks] ***
skipping: [localhost]

TASK [/stigforge/roles/rhel9_stig : Declare list of syscalls] ******************
skipping: [localhost]

TASK [/stigforge/roles/rhel9_stig : Check existence of open_by_handle_at in /etc/audit/rules.d/] ***
skipping: [localhost]

TASK [/stigforge/roles/rhel9_stig : Reset syscalls found per file] *************
skipping: [localhost]

TASK [/stigforge/roles/rhel9_stig : Declare syscalls found per file] ***********
skipping: [localhost]

TASK [/stigforge/roles/rhel9_stig : Declare files where syscalls were found] ***
skipping: [localhost]

TASK [/stigforge/roles/rhel9_stig : Count occurrences of syscalls in paths] ****
skipping: [localhost]

TASK [/stigforge/roles/rhel9_stig : Get path with most syscalls] ***************
skipping: [localhost]

TASK [/stigforge/roles/rhel9_stig : No file with syscall found, set path to /etc/audit/rules.d/access.rules] ***
skipping: [localhost]

TASK [/stigforge/roles/rhel9_stig : Declare found syscalls] ********************
skipping: [localhost]

TASK [/stigforge/roles/rhel9_stig : Declare missing syscalls] ******************
skipping: [localhost]

TASK [/stigforge/roles/rhel9_stig : Replace the audit rule in {{ audit_file }}] ***
skipping: [localhost]

TASK [/stigforge/roles/rhel9_stig : Add the audit rule to {{ audit_file }}] ****
skipping: [localhost]

TASK [/stigforge/roles/rhel9_stig : Declare list of syscalls] ******************
skipping: [localhost]

TASK [/stigforge/roles/rhel9_stig : Check existence of open_by_handle_at in /etc/audit/audit.rules] ***
skipping: [localhost]

TASK [/stigforge/roles/rhel9_stig : Set path to /etc/audit/audit.rules] ********
skipping: [localhost]

TASK [/stigforge/roles/rhel9_stig : Declare found syscalls] ********************
skipping: [localhost]

TASK [/stigforge/roles/rhel9_stig : Declare missing syscalls] ******************
skipping: [localhost]

TASK [/stigforge/roles/rhel9_stig : Replace the audit rule in {{ audit_file }}] ***
skipping: [localhost]

TASK [/stigforge/roles/rhel9_stig : Add the audit rule to {{ audit_file }}] ****
skipping: [localhost]

TASK [/stigforge/roles/rhel9_stig : Declare list of syscalls] ******************
skipping: [localhost]

TASK [/stigforge/roles/rhel9_stig : Check existence of open_by_handle_at in /etc/audit/rules.d/] ***
skipping: [localhost]

TASK [/stigforge/roles/rhel9_stig : Reset syscalls found per file] *************
skipping: [localhost]

TASK [/stigforge/roles/rhel9_stig : Declare syscalls found per file] ***********
skipping: [localhost]

TASK [/stigforge/roles/rhel9_stig : Declare files where syscalls were found] ***
skipping: [localhost]

TASK [/stigforge/roles/rhel9_stig : Count occurrences of syscalls in paths] ****
skipping: [localhost]

TASK [/stigforge/roles/rhel9_stig : Get path with most syscalls] ***************
skipping: [localhost]

TASK [/stigforge/roles/rhel9_stig : No file with syscall found, set path to /etc/audit/rules.d/access.rules] ***
skipping: [localhost]

TASK [/stigforge/roles/rhel9_stig : Declare found syscalls] ********************
skipping: [localhost]

TASK [/stigforge/roles/rhel9_stig : Declare missing syscalls] ******************
skipping: [localhost]

TASK [/stigforge/roles/rhel9_stig : Replace the audit rule in {{ audit_file }}] ***
skipping: [localhost]

TASK [/stigforge/roles/rhel9_stig : Add the audit rule to {{ audit_file }}] ****
skipping: [localhost]

TASK [/stigforge/roles/rhel9_stig : Declare list of syscalls] ******************
skipping: [localhost]

TASK [/stigforge/roles/rhel9_stig : Check existence of open_by_handle_at in /etc/audit/audit.rules] ***
skipping: [localhost]

TASK [/stigforge/roles/rhel9_stig : Set path to /etc/audit/audit.rules] ********
skipping: [localhost]

TASK [/stigforge/roles/rhel9_stig : Declare found syscalls] ********************
skipping: [localhost]

TASK [/stigforge/roles/rhel9_stig : Declare missing syscalls] ******************
skipping: [localhost]

TASK [/stigforge/roles/rhel9_stig : Replace the audit rule in {{ audit_file }}] ***
skipping: [localhost]

TASK [/stigforge/roles/rhel9_stig : Add the audit rule to {{ audit_file }}] ****
skipping: [localhost]

TASK [/stigforge/roles/rhel9_stig : Declare list of syscalls] ******************
skipping: [localhost]

TASK [/stigforge/roles/rhel9_stig : Check existence of open_by_handle_at in /etc/audit/rules.d/] ***
skipping: [localhost]

TASK [/stigforge/roles/rhel9_stig : Reset syscalls found per file] *************
skipping: [localhost]

TASK [/stigforge/roles/rhel9_stig : Declare syscalls found per file] ***********
skipping: [localhost]

TASK [/stigforge/roles/rhel9_stig : Declare files where syscalls were found] ***
skipping: [localhost]

TASK [/stigforge/roles/rhel9_stig : Count occurrences of syscalls in paths] ****
skipping: [localhost]

TASK [/stigforge/roles/rhel9_stig : Get path with most syscalls] ***************
skipping: [localhost]

TASK [/stigforge/roles/rhel9_stig : No file with syscall found, set path to /etc/audit/rules.d/access.rules] ***
skipping: [localhost]

TASK [/stigforge/roles/rhel9_stig : Declare found syscalls] ********************
skipping: [localhost]

TASK [/stigforge/roles/rhel9_stig : Declare missing syscalls] ******************
skipping: [localhost]

TASK [/stigforge/roles/rhel9_stig : Replace the audit rule in {{ audit_file }}] ***
skipping: [localhost]

TASK [/stigforge/roles/rhel9_stig : Add the audit rule to {{ audit_file }}] ****
skipping: [localhost]

TASK [/stigforge/roles/rhel9_stig : Declare list of syscalls] ******************
skipping: [localhost]

TASK [/stigforge/roles/rhel9_stig : Check existence of open_by_handle_at in /etc/audit/audit.rules] ***
skipping: [localhost]

TASK [/stigforge/roles/rhel9_stig : Set path to /etc/audit/audit.rules] ********
skipping: [localhost]

TASK [/stigforge/roles/rhel9_stig : Declare found syscalls] ********************
skipping: [localhost]

TASK [/stigforge/roles/rhel9_stig : Declare missing syscalls] ******************
skipping: [localhost]

TASK [/stigforge/roles/rhel9_stig : Replace the audit rule in {{ audit_file }}] ***
skipping: [localhost]

TASK [/stigforge/roles/rhel9_stig : Add the audit rule to {{ audit_file }}] ****
skipping: [localhost]

TASK [/stigforge/roles/rhel9_stig : Declare list of syscalls] ******************
skipping: [localhost]

TASK [/stigforge/roles/rhel9_stig : Check existence of open_by_handle_at in /etc/audit/rules.d/] ***
skipping: [localhost]

TASK [/stigforge/roles/rhel9_stig : Reset syscalls found per file] *************
skipping: [localhost]

TASK [/stigforge/roles/rhel9_stig : Declare syscalls found per file] ***********
skipping: [localhost]

TASK [/stigforge/roles/rhel9_stig : Declare files where syscalls were found] ***
skipping: [localhost]

TASK [/stigforge/roles/rhel9_stig : Count occurrences of syscalls in paths] ****
skipping: [localhost]

TASK [/stigforge/roles/rhel9_stig : Get path with most syscalls] ***************
skipping: [localhost]

TASK [/stigforge/roles/rhel9_stig : No file with syscall found, set path to /etc/audit/rules.d/access.rules] ***
skipping: [localhost]

TASK [/stigforge/roles/rhel9_stig : Declare found syscalls] ********************
skipping: [localhost]

TASK [/stigforge/roles/rhel9_stig : Declare missing syscalls] ******************
skipping: [localhost]

TASK [/stigforge/roles/rhel9_stig : Replace the audit rule in {{ audit_file }}] ***
skipping: [localhost]

TASK [/stigforge/roles/rhel9_stig : Add the audit rule to {{ audit_file }}] ****
skipping: [localhost]

TASK [/stigforge/roles/rhel9_stig : Declare list of syscalls] ******************
skipping: [localhost]

TASK [/stigforge/roles/rhel9_stig : Check existence of open_by_handle_at in /etc/audit/audit.rules] ***
skipping: [localhost]

TASK [/stigforge/roles/rhel9_stig : Set path to /etc/audit/audit.rules] ********
skipping: [localhost]

TASK [/stigforge/roles/rhel9_stig : Declare found syscalls] ********************
skipping: [localhost]

TASK [/stigforge/roles/rhel9_stig : Declare missing syscalls] ******************
skipping: [localhost]

TASK [/stigforge/roles/rhel9_stig : Replace the audit rule in {{ audit_file }}] ***
skipping: [localhost]

TASK [/stigforge/roles/rhel9_stig : Add the audit rule to {{ audit_file }}] ****
skipping: [localhost]

TASK [/stigforge/roles/rhel9_stig : Set architecture for audit openat tasks] ***
skipping: [localhost]

TASK [/stigforge/roles/rhel9_stig : Declare list of syscalls] ******************
skipping: [localhost]

TASK [/stigforge/roles/rhel9_stig : Check existence of openat in /etc/audit/rules.d/] ***
skipping: [localhost]

TASK [/stigforge/roles/rhel9_stig : Reset syscalls found per file] *************
skipping: [localhost]

TASK [/stigforge/roles/rhel9_stig : Declare syscalls found per file] ***********
skipping: [localhost]

TASK [/stigforge/roles/rhel9_stig : Declare files where syscalls were found] ***
skipping: [localhost]

TASK [/stigforge/roles/rhel9_stig : Count occurrences of syscalls in paths] ****
skipping: [localhost]

TASK [/stigforge/roles/rhel9_stig : Get path with most syscalls] ***************
skipping: [localhost]

TASK [/stigforge/roles/rhel9_stig : No file with syscall found, set path to /etc/audit/rules.d/access.rules] ***
skipping: [localhost]

TASK [/stigforge/roles/rhel9_stig : Declare found syscalls] ********************
skipping: [localhost]

TASK [/stigforge/roles/rhel9_stig : Declare missing syscalls] ******************
skipping: [localhost]

TASK [/stigforge/roles/rhel9_stig : Replace the audit rule in {{ audit_file }}] ***
skipping: [localhost]

TASK [/stigforge/roles/rhel9_stig : Add the audit rule to {{ audit_file }}] ****
skipping: [localhost]

TASK [/stigforge/roles/rhel9_stig : Declare list of syscalls] ******************
skipping: [localhost]

TASK [/stigforge/roles/rhel9_stig : Check existence of openat in /etc/audit/audit.rules] ***
skipping: [localhost]

TASK [/stigforge/roles/rhel9_stig : Set path to /etc/audit/audit.rules] ********
skipping: [localhost]

TASK [/stigforge/roles/rhel9_stig : Declare found syscalls] ********************
skipping: [localhost]

TASK [/stigforge/roles/rhel9_stig : Declare missing syscalls] ******************
skipping: [localhost]

TASK [/stigforge/roles/rhel9_stig : Replace the audit rule in {{ audit_file }}] ***
skipping: [localhost]

TASK [/stigforge/roles/rhel9_stig : Add the audit rule to {{ audit_file }}] ****
skipping: [localhost]

TASK [/stigforge/roles/rhel9_stig : Declare list of syscalls] ******************
skipping: [localhost]

TASK [/stigforge/roles/rhel9_stig : Check existence of openat in /etc/audit/rules.d/] ***
skipping: [localhost]

TASK [/stigforge/roles/rhel9_stig : Reset syscalls found per file] *************
skipping: [localhost]

TASK [/stigforge/roles/rhel9_stig : Declare syscalls found per file] ***********
skipping: [localhost]

TASK [/stigforge/roles/rhel9_stig : Declare files where syscalls were found] ***
skipping: [localhost]

TASK [/stigforge/roles/rhel9_stig : Count occurrences of syscalls in paths] ****
skipping: [localhost]

TASK [/stigforge/roles/rhel9_stig : Get path with most syscalls] ***************
skipping: [localhost]

TASK [/stigforge/roles/rhel9_stig : No file with syscall found, set path to /etc/audit/rules.d/access.rules] ***
skipping: [localhost]

TASK [/stigforge/roles/rhel9_stig : Declare found syscalls] ********************
skipping: [localhost]

TASK [/stigforge/roles/rhel9_stig : Declare missing syscalls] ******************
skipping: [localhost]

TASK [/stigforge/roles/rhel9_stig : Replace the audit rule in {{ audit_file }}] ***
skipping: [localhost]

TASK [/stigforge/roles/rhel9_stig : Add the audit rule to {{ audit_file }}] ****
skipping: [localhost]

TASK [/stigforge/roles/rhel9_stig : Declare list of syscalls] ******************
skipping: [localhost]

TASK [/stigforge/roles/rhel9_stig : Check existence of openat in /etc/audit/audit.rules] ***
skipping: [localhost]

TASK [/stigforge/roles/rhel9_stig : Set path to /etc/audit/audit.rules] ********
skipping: [localhost]

TASK [/stigforge/roles/rhel9_stig : Declare found syscalls] ********************
skipping: [localhost]

TASK [/stigforge/roles/rhel9_stig : Declare missing syscalls] ******************
skipping: [localhost]

TASK [/stigforge/roles/rhel9_stig : Replace the audit rule in {{ audit_file }}] ***
skipping: [localhost]

TASK [/stigforge/roles/rhel9_stig : Add the audit rule to {{ audit_file }}] ****
skipping: [localhost]

TASK [/stigforge/roles/rhel9_stig : Declare list of syscalls] ******************
skipping: [localhost]

TASK [/stigforge/roles/rhel9_stig : Check existence of openat in /etc/audit/rules.d/] ***
skipping: [localhost]

TASK [/stigforge/roles/rhel9_stig : Reset syscalls found per file] *************
skipping: [localhost]

TASK [/stigforge/roles/rhel9_stig : Declare syscalls found per file] ***********
skipping: [localhost]

TASK [/stigforge/roles/rhel9_stig : Declare files where syscalls were found] ***
skipping: [localhost]

TASK [/stigforge/roles/rhel9_stig : Count occurrences of syscalls in paths] ****
skipping: [localhost]

TASK [/stigforge/roles/rhel9_stig : Get path with most syscalls] ***************
skipping: [localhost]

TASK [/stigforge/roles/rhel9_stig : No file with syscall found, set path to /etc/audit/rules.d/access.rules] ***
skipping: [localhost]

TASK [/stigforge/roles/rhel9_stig : Declare found syscalls] ********************
skipping: [localhost]

TASK [/stigforge/roles/rhel9_stig : Declare missing syscalls] ******************
skipping: [localhost]

TASK [/stigforge/roles/rhel9_stig : Replace the audit rule in {{ audit_file }}] ***
skipping: [localhost]

TASK [/stigforge/roles/rhel9_stig : Add the audit rule to {{ audit_file }}] ****
skipping: [localhost]

TASK [/stigforge/roles/rhel9_stig : Declare list of syscalls] ******************
skipping: [localhost]

TASK [/stigforge/roles/rhel9_stig : Check existence of openat in /etc/audit/audit.rules] ***
skipping: [localhost]

TASK [/stigforge/roles/rhel9_stig : Set path to /etc/audit/audit.rules] ********
skipping: [localhost]

TASK [/stigforge/roles/rhel9_stig : Declare found syscalls] ********************
skipping: [localhost]

TASK [/stigforge/roles/rhel9_stig : Declare missing syscalls] ******************
skipping: [localhost]

TASK [/stigforge/roles/rhel9_stig : Replace the audit rule in {{ audit_file }}] ***
skipping: [localhost]

TASK [/stigforge/roles/rhel9_stig : Add the audit rule to {{ audit_file }}] ****
skipping: [localhost]

TASK [/stigforge/roles/rhel9_stig : Declare list of syscalls] ******************
skipping: [localhost]

TASK [/stigforge/roles/rhel9_stig : Check existence of openat in /etc/audit/rules.d/] ***
skipping: [localhost]

TASK [/stigforge/roles/rhel9_stig : Reset syscalls found per file] *************
skipping: [localhost]

TASK [/stigforge/roles/rhel9_stig : Declare syscalls found per file] ***********
skipping: [localhost]

TASK [/stigforge/roles/rhel9_stig : Declare files where syscalls were found] ***
skipping: [localhost]

TASK [/stigforge/roles/rhel9_stig : Count occurrences of syscalls in paths] ****
skipping: [localhost]

TASK [/stigforge/roles/rhel9_stig : Get path with most syscalls] ***************
skipping: [localhost]

TASK [/stigforge/roles/rhel9_stig : No file with syscall found, set path to /etc/audit/rules.d/access.rules] ***
skipping: [localhost]

TASK [/stigforge/roles/rhel9_stig : Declare found syscalls] ********************
skipping: [localhost]

TASK [/stigforge/roles/rhel9_stig : Declare missing syscalls] ******************
skipping: [localhost]

TASK [/stigforge/roles/rhel9_stig : Replace the audit rule in {{ audit_file }}] ***
skipping: [localhost]

TASK [/stigforge/roles/rhel9_stig : Add the audit rule to {{ audit_file }}] ****
skipping: [localhost]

TASK [/stigforge/roles/rhel9_stig : Declare list of syscalls] ******************
skipping: [localhost]

TASK [/stigforge/roles/rhel9_stig : Check existence of openat in /etc/audit/audit.rules] ***
skipping: [localhost]

TASK [/stigforge/roles/rhel9_stig : Set path to /etc/audit/audit.rules] ********
skipping: [localhost]

TASK [/stigforge/roles/rhel9_stig : Declare found syscalls] ********************
skipping: [localhost]

TASK [/stigforge/roles/rhel9_stig : Declare missing syscalls] ******************
skipping: [localhost]

TASK [/stigforge/roles/rhel9_stig : Replace the audit rule in {{ audit_file }}] ***
skipping: [localhost]

TASK [/stigforge/roles/rhel9_stig : Add the audit rule to {{ audit_file }}] ****
skipping: [localhost]

TASK [/stigforge/roles/rhel9_stig : Set architecture for audit truncate tasks] ***
skipping: [localhost]

TASK [/stigforge/roles/rhel9_stig : Declare list of syscalls] ******************
skipping: [localhost]

TASK [/stigforge/roles/rhel9_stig : Check existence of truncate in /etc/audit/rules.d/] ***
skipping: [localhost]

TASK [/stigforge/roles/rhel9_stig : Reset syscalls found per file] *************
skipping: [localhost]

TASK [/stigforge/roles/rhel9_stig : Declare syscalls found per file] ***********
skipping: [localhost]

TASK [/stigforge/roles/rhel9_stig : Declare files where syscalls were found] ***
skipping: [localhost]

TASK [/stigforge/roles/rhel9_stig : Count occurrences of syscalls in paths] ****
skipping: [localhost]

TASK [/stigforge/roles/rhel9_stig : Get path with most syscalls] ***************
skipping: [localhost]

TASK [/stigforge/roles/rhel9_stig : No file with syscall found, set path to /etc/audit/rules.d/access.rules] ***
skipping: [localhost]

TASK [/stigforge/roles/rhel9_stig : Declare found syscalls] ********************
skipping: [localhost]

TASK [/stigforge/roles/rhel9_stig : Declare missing syscalls] ******************
skipping: [localhost]

TASK [/stigforge/roles/rhel9_stig : Replace the audit rule in {{ audit_file }}] ***
skipping: [localhost]

TASK [/stigforge/roles/rhel9_stig : Add the audit rule to {{ audit_file }}] ****
skipping: [localhost]

TASK [/stigforge/roles/rhel9_stig : Declare list of syscalls] ******************
skipping: [localhost]

TASK [/stigforge/roles/rhel9_stig : Check existence of truncate in /etc/audit/audit.rules] ***
skipping: [localhost]

TASK [/stigforge/roles/rhel9_stig : Set path to /etc/audit/audit.rules] ********
skipping: [localhost]

TASK [/stigforge/roles/rhel9_stig : Declare found syscalls] ********************
skipping: [localhost]

TASK [/stigforge/roles/rhel9_stig : Declare missing syscalls] ******************
skipping: [localhost]

TASK [/stigforge/roles/rhel9_stig : Replace the audit rule in {{ audit_file }}] ***
skipping: [localhost]

TASK [/stigforge/roles/rhel9_stig : Add the audit rule to {{ audit_file }}] ****
skipping: [localhost]

TASK [/stigforge/roles/rhel9_stig : Declare list of syscalls] ******************
skipping: [localhost]

TASK [/stigforge/roles/rhel9_stig : Check existence of truncate in /etc/audit/rules.d/] ***
skipping: [localhost]

TASK [/stigforge/roles/rhel9_stig : Reset syscalls found per file] *************
skipping: [localhost]

TASK [/stigforge/roles/rhel9_stig : Declare syscalls found per file] ***********
skipping: [localhost]

TASK [/stigforge/roles/rhel9_stig : Declare files where syscalls were found] ***
skipping: [localhost]

TASK [/stigforge/roles/rhel9_stig : Count occurrences of syscalls in paths] ****
skipping: [localhost]

TASK [/stigforge/roles/rhel9_stig : Get path with most syscalls] ***************
skipping: [localhost]

TASK [/stigforge/roles/rhel9_stig : No file with syscall found, set path to /etc/audit/rules.d/access.rules] ***
skipping: [localhost]

TASK [/stigforge/roles/rhel9_stig : Declare found syscalls] ********************
skipping: [localhost]

TASK [/stigforge/roles/rhel9_stig : Declare missing syscalls] ******************
skipping: [localhost]

TASK [/stigforge/roles/rhel9_stig : Replace the audit rule in {{ audit_file }}] ***
skipping: [localhost]

TASK [/stigforge/roles/rhel9_stig : Add the audit rule to {{ audit_file }}] ****
skipping: [localhost]

TASK [/stigforge/roles/rhel9_stig : Declare list of syscalls] ******************
skipping: [localhost]

TASK [/stigforge/roles/rhel9_stig : Check existence of truncate in /etc/audit/audit.rules] ***
skipping: [localhost]

TASK [/stigforge/roles/rhel9_stig : Set path to /etc/audit/audit.rules] ********
skipping: [localhost]

TASK [/stigforge/roles/rhel9_stig : Declare found syscalls] ********************
skipping: [localhost]

TASK [/stigforge/roles/rhel9_stig : Declare missing syscalls] ******************
skipping: [localhost]

TASK [/stigforge/roles/rhel9_stig : Replace the audit rule in {{ audit_file }}] ***
skipping: [localhost]

TASK [/stigforge/roles/rhel9_stig : Add the audit rule to {{ audit_file }}] ****
skipping: [localhost]

TASK [/stigforge/roles/rhel9_stig : Declare list of syscalls] ******************
skipping: [localhost]

TASK [/stigforge/roles/rhel9_stig : Check existence of truncate in /etc/audit/rules.d/] ***
skipping: [localhost]

TASK [/stigforge/roles/rhel9_stig : Reset syscalls found per file] *************
skipping: [localhost]

TASK [/stigforge/roles/rhel9_stig : Declare syscalls found per file] ***********
skipping: [localhost]

TASK [/stigforge/roles/rhel9_stig : Declare files where syscalls were found] ***
skipping: [localhost]

TASK [/stigforge/roles/rhel9_stig : Count occurrences of syscalls in paths] ****
skipping: [localhost]

TASK [/stigforge/roles/rhel9_stig : Get path with most syscalls] ***************
skipping: [localhost]

TASK [/stigforge/roles/rhel9_stig : No file with syscall found, set path to /etc/audit/rules.d/access.rules] ***
skipping: [localhost]

TASK [/stigforge/roles/rhel9_stig : Declare found syscalls] ********************
skipping: [localhost]

TASK [/stigforge/roles/rhel9_stig : Declare missing syscalls] ******************
skipping: [localhost]

TASK [/stigforge/roles/rhel9_stig : Replace the audit rule in {{ audit_file }}] ***
skipping: [localhost]

TASK [/stigforge/roles/rhel9_stig : Add the audit rule to {{ audit_file }}] ****
skipping: [localhost]

TASK [/stigforge/roles/rhel9_stig : Declare list of syscalls] ******************
skipping: [localhost]

TASK [/stigforge/roles/rhel9_stig : Check existence of truncate in /etc/audit/audit.rules] ***
skipping: [localhost]

TASK [/stigforge/roles/rhel9_stig : Set path to /etc/audit/audit.rules] ********
skipping: [localhost]

TASK [/stigforge/roles/rhel9_stig : Declare found syscalls] ********************
skipping: [localhost]

TASK [/stigforge/roles/rhel9_stig : Declare missing syscalls] ******************
skipping: [localhost]

TASK [/stigforge/roles/rhel9_stig : Replace the audit rule in {{ audit_file }}] ***
skipping: [localhost]

TASK [/stigforge/roles/rhel9_stig : Add the audit rule to {{ audit_file }}] ****
skipping: [localhost]

TASK [/stigforge/roles/rhel9_stig : Declare list of syscalls] ******************
skipping: [localhost]

TASK [/stigforge/roles/rhel9_stig : Check existence of truncate in /etc/audit/rules.d/] ***
skipping: [localhost]

TASK [/stigforge/roles/rhel9_stig : Reset syscalls found per file] *************
skipping: [localhost]

TASK [/stigforge/roles/rhel9_stig : Declare syscalls found per file] ***********
skipping: [localhost]

TASK [/stigforge/roles/rhel9_stig : Declare files where syscalls were found] ***
skipping: [localhost]

TASK [/stigforge/roles/rhel9_stig : Count occurrences of syscalls in paths] ****
skipping: [localhost]

TASK [/stigforge/roles/rhel9_stig : Get path with most syscalls] ***************
skipping: [localhost]

TASK [/stigforge/roles/rhel9_stig : No file with syscall found, set path to /etc/audit/rules.d/access.rules] ***
skipping: [localhost]

TASK [/stigforge/roles/rhel9_stig : Declare found syscalls] ********************
skipping: [localhost]

TASK [/stigforge/roles/rhel9_stig : Declare missing syscalls] ******************
skipping: [localhost]

TASK [/stigforge/roles/rhel9_stig : Replace the audit rule in {{ audit_file }}] ***
skipping: [localhost]

TASK [/stigforge/roles/rhel9_stig : Add the audit rule to {{ audit_file }}] ****
skipping: [localhost]

TASK [/stigforge/roles/rhel9_stig : Declare list of syscalls] ******************
skipping: [localhost]

TASK [/stigforge/roles/rhel9_stig : Check existence of truncate in /etc/audit/audit.rules] ***
skipping: [localhost]

TASK [/stigforge/roles/rhel9_stig : Set path to /etc/audit/audit.rules] ********
skipping: [localhost]

TASK [/stigforge/roles/rhel9_stig : Declare found syscalls] ********************
skipping: [localhost]

TASK [/stigforge/roles/rhel9_stig : Declare missing syscalls] ******************
skipping: [localhost]

TASK [/stigforge/roles/rhel9_stig : Replace the audit rule in {{ audit_file }}] ***
skipping: [localhost]

TASK [/stigforge/roles/rhel9_stig : Add the audit rule to {{ audit_file }}] ****
skipping: [localhost]

TASK [/stigforge/roles/rhel9_stig : Set architecture for audit delete_module tasks] ***
skipping: [localhost]

TASK [/stigforge/roles/rhel9_stig : Declare list of syscalls] ******************
skipping: [localhost]

TASK [/stigforge/roles/rhel9_stig : Check existence of delete_module in /etc/audit/rules.d/] ***
skipping: [localhost]

TASK [/stigforge/roles/rhel9_stig : Reset syscalls found per file] *************
skipping: [localhost]

TASK [/stigforge/roles/rhel9_stig : Declare syscalls found per file] ***********
skipping: [localhost]

TASK [/stigforge/roles/rhel9_stig : Declare files where syscalls were found] ***
skipping: [localhost]

TASK [/stigforge/roles/rhel9_stig : Count occurrences of syscalls in paths] ****
skipping: [localhost]

TASK [/stigforge/roles/rhel9_stig : Get path with most syscalls] ***************
skipping: [localhost]

TASK [/stigforge/roles/rhel9_stig : No file with syscall found, set path to /etc/audit/rules.d/module-change.rules] ***
skipping: [localhost]

TASK [/stigforge/roles/rhel9_stig : Declare found syscalls] ********************
skipping: [localhost]

TASK [/stigforge/roles/rhel9_stig : Declare missing syscalls] ******************
skipping: [localhost]

TASK [/stigforge/roles/rhel9_stig : Replace the audit rule in {{ audit_file }}] ***
skipping: [localhost]

TASK [/stigforge/roles/rhel9_stig : Add the audit rule to {{ audit_file }}] ****
skipping: [localhost]

TASK [/stigforge/roles/rhel9_stig : Declare list of syscalls] ******************
skipping: [localhost]

TASK [/stigforge/roles/rhel9_stig : Check existence of delete_module in /etc/audit/audit.rules] ***
skipping: [localhost]

TASK [/stigforge/roles/rhel9_stig : Set path to /etc/audit/audit.rules] ********
skipping: [localhost]

TASK [/stigforge/roles/rhel9_stig : Declare found syscalls] ********************
skipping: [localhost]

TASK [/stigforge/roles/rhel9_stig : Declare missing syscalls] ******************
skipping: [localhost]

TASK [/stigforge/roles/rhel9_stig : Replace the audit rule in {{ audit_file }}] ***
skipping: [localhost]

TASK [/stigforge/roles/rhel9_stig : Add the audit rule to {{ audit_file }}] ****
skipping: [localhost]

TASK [/stigforge/roles/rhel9_stig : Declare list of syscalls] ******************
skipping: [localhost]

TASK [/stigforge/roles/rhel9_stig : Check existence of delete_module in /etc/audit/rules.d/] ***
skipping: [localhost]

TASK [/stigforge/roles/rhel9_stig : Reset syscalls found per file] *************
skipping: [localhost]

TASK [/stigforge/roles/rhel9_stig : Declare syscalls found per file] ***********
skipping: [localhost]

TASK [/stigforge/roles/rhel9_stig : Declare files where syscalls were found] ***
skipping: [localhost]

TASK [/stigforge/roles/rhel9_stig : Count occurrences of syscalls in paths] ****
skipping: [localhost]

TASK [/stigforge/roles/rhel9_stig : Get path with most syscalls] ***************
skipping: [localhost]

TASK [/stigforge/roles/rhel9_stig : No file with syscall found, set path to /etc/audit/rules.d/module-change.rules] ***
skipping: [localhost]

TASK [/stigforge/roles/rhel9_stig : Declare found syscalls] ********************
skipping: [localhost]

TASK [/stigforge/roles/rhel9_stig : Declare missing syscalls] ******************
skipping: [localhost]

TASK [/stigforge/roles/rhel9_stig : Replace the audit rule in {{ audit_file }}] ***
skipping: [localhost]

TASK [/stigforge/roles/rhel9_stig : Add the audit rule to {{ audit_file }}] ****
skipping: [localhost]

TASK [/stigforge/roles/rhel9_stig : Declare list of syscalls] ******************
skipping: [localhost]

TASK [/stigforge/roles/rhel9_stig : Check existence of delete_module in /etc/audit/audit.rules] ***
skipping: [localhost]

TASK [/stigforge/roles/rhel9_stig : Set path to /etc/audit/audit.rules] ********
skipping: [localhost]

TASK [/stigforge/roles/rhel9_stig : Declare found syscalls] ********************
skipping: [localhost]

TASK [/stigforge/roles/rhel9_stig : Declare missing syscalls] ******************
skipping: [localhost]

TASK [/stigforge/roles/rhel9_stig : Replace the audit rule in {{ audit_file }}] ***
skipping: [localhost]

TASK [/stigforge/roles/rhel9_stig : Add the audit rule to {{ audit_file }}] ****
skipping: [localhost]

TASK [/stigforge/roles/rhel9_stig : Set architecture for audit finit_module tasks] ***
skipping: [localhost]

TASK [/stigforge/roles/rhel9_stig : Declare list of syscalls] ******************
skipping: [localhost]

TASK [/stigforge/roles/rhel9_stig : Check existence of finit_module in /etc/audit/rules.d/] ***
skipping: [localhost]

TASK [/stigforge/roles/rhel9_stig : Reset syscalls found per file] *************
skipping: [localhost]

TASK [/stigforge/roles/rhel9_stig : Declare syscalls found per file] ***********
skipping: [localhost]

TASK [/stigforge/roles/rhel9_stig : Declare files where syscalls were found] ***
skipping: [localhost]

TASK [/stigforge/roles/rhel9_stig : Count occurrences of syscalls in paths] ****
skipping: [localhost]

TASK [/stigforge/roles/rhel9_stig : Get path with most syscalls] ***************
skipping: [localhost]

TASK [/stigforge/roles/rhel9_stig : No file with syscall found, set path to /etc/audit/rules.d/module-change.rules] ***
skipping: [localhost]

TASK [/stigforge/roles/rhel9_stig : Declare found syscalls] ********************
skipping: [localhost]

TASK [/stigforge/roles/rhel9_stig : Declare missing syscalls] ******************
skipping: [localhost]

TASK [/stigforge/roles/rhel9_stig : Replace the audit rule in {{ audit_file }}] ***
skipping: [localhost]

TASK [/stigforge/roles/rhel9_stig : Add the audit rule to {{ audit_file }}] ****
skipping: [localhost]

TASK [/stigforge/roles/rhel9_stig : Declare list of syscalls] ******************
skipping: [localhost]

TASK [/stigforge/roles/rhel9_stig : Check existence of finit_module in /etc/audit/audit.rules] ***
skipping: [localhost]

TASK [/stigforge/roles/rhel9_stig : Set path to /etc/audit/audit.rules] ********
skipping: [localhost]

TASK [/stigforge/roles/rhel9_stig : Declare found syscalls] ********************
skipping: [localhost]

TASK [/stigforge/roles/rhel9_stig : Declare missing syscalls] ******************
skipping: [localhost]

TASK [/stigforge/roles/rhel9_stig : Replace the audit rule in {{ audit_file }}] ***
skipping: [localhost]

TASK [/stigforge/roles/rhel9_stig : Add the audit rule to {{ audit_file }}] ****
skipping: [localhost]

TASK [/stigforge/roles/rhel9_stig : Declare list of syscalls] ******************
skipping: [localhost]

TASK [/stigforge/roles/rhel9_stig : Check existence of finit_module in /etc/audit/rules.d/] ***
skipping: [localhost]

TASK [/stigforge/roles/rhel9_stig : Reset syscalls found per file] *************
skipping: [localhost]

TASK [/stigforge/roles/rhel9_stig : Declare syscalls found per file] ***********
skipping: [localhost]

TASK [/stigforge/roles/rhel9_stig : Declare files where syscalls were found] ***
skipping: [localhost]

TASK [/stigforge/roles/rhel9_stig : Count occurrences of syscalls in paths] ****
skipping: [localhost]

TASK [/stigforge/roles/rhel9_stig : Get path with most syscalls] ***************
skipping: [localhost]

TASK [/stigforge/roles/rhel9_stig : No file with syscall found, set path to /etc/audit/rules.d/module-change.rules] ***
skipping: [localhost]

TASK [/stigforge/roles/rhel9_stig : Declare found syscalls] ********************
skipping: [localhost]

TASK [/stigforge/roles/rhel9_stig : Declare missing syscalls] ******************
skipping: [localhost]

TASK [/stigforge/roles/rhel9_stig : Replace the audit rule in {{ audit_file }}] ***
skipping: [localhost]

TASK [/stigforge/roles/rhel9_stig : Add the audit rule to {{ audit_file }}] ****
skipping: [localhost]

TASK [/stigforge/roles/rhel9_stig : Declare list of syscalls] ******************
skipping: [localhost]

TASK [/stigforge/roles/rhel9_stig : Check existence of finit_module in /etc/audit/audit.rules] ***
skipping: [localhost]

TASK [/stigforge/roles/rhel9_stig : Set path to /etc/audit/audit.rules] ********
skipping: [localhost]

TASK [/stigforge/roles/rhel9_stig : Declare found syscalls] ********************
skipping: [localhost]

TASK [/stigforge/roles/rhel9_stig : Declare missing syscalls] ******************
skipping: [localhost]

TASK [/stigforge/roles/rhel9_stig : Replace the audit rule in {{ audit_file }}] ***
skipping: [localhost]

TASK [/stigforge/roles/rhel9_stig : Add the audit rule to {{ audit_file }}] ****
skipping: [localhost]

TASK [/stigforge/roles/rhel9_stig : Set architecture for audit init_module tasks] ***
skipping: [localhost]

TASK [/stigforge/roles/rhel9_stig : Declare list of syscalls] ******************
skipping: [localhost]

TASK [/stigforge/roles/rhel9_stig : Check existence of init_module in /etc/audit/rules.d/] ***
skipping: [localhost]

TASK [/stigforge/roles/rhel9_stig : Reset syscalls found per file] *************
skipping: [localhost]

TASK [/stigforge/roles/rhel9_stig : Declare syscalls found per file] ***********
skipping: [localhost]

TASK [/stigforge/roles/rhel9_stig : Declare files where syscalls were found] ***
skipping: [localhost]

TASK [/stigforge/roles/rhel9_stig : Count occurrences of syscalls in paths] ****
skipping: [localhost]

TASK [/stigforge/roles/rhel9_stig : Get path with most syscalls] ***************
skipping: [localhost]

TASK [/stigforge/roles/rhel9_stig : No file with syscall found, set path to /etc/audit/rules.d/module-change.rules] ***
skipping: [localhost]

TASK [/stigforge/roles/rhel9_stig : Declare found syscalls] ********************
skipping: [localhost]

TASK [/stigforge/roles/rhel9_stig : Declare missing syscalls] ******************
skipping: [localhost]

TASK [/stigforge/roles/rhel9_stig : Replace the audit rule in {{ audit_file }}] ***
skipping: [localhost]

TASK [/stigforge/roles/rhel9_stig : Add the audit rule to {{ audit_file }}] ****
skipping: [localhost]

TASK [/stigforge/roles/rhel9_stig : Declare list of syscalls] ******************
skipping: [localhost]

TASK [/stigforge/roles/rhel9_stig : Check existence of init_module in /etc/audit/audit.rules] ***
skipping: [localhost]

TASK [/stigforge/roles/rhel9_stig : Set path to /etc/audit/audit.rules] ********
skipping: [localhost]

TASK [/stigforge/roles/rhel9_stig : Declare found syscalls] ********************
skipping: [localhost]

TASK [/stigforge/roles/rhel9_stig : Declare missing syscalls] ******************
skipping: [localhost]

TASK [/stigforge/roles/rhel9_stig : Replace the audit rule in {{ audit_file }}] ***
skipping: [localhost]

TASK [/stigforge/roles/rhel9_stig : Add the audit rule to {{ audit_file }}] ****
skipping: [localhost]

TASK [/stigforge/roles/rhel9_stig : Declare list of syscalls] ******************
skipping: [localhost]

TASK [/stigforge/roles/rhel9_stig : Check existence of init_module in /etc/audit/rules.d/] ***
skipping: [localhost]

TASK [/stigforge/roles/rhel9_stig : Reset syscalls found per file] *************
skipping: [localhost]

TASK [/stigforge/roles/rhel9_stig : Declare syscalls found per file] ***********
skipping: [localhost]

TASK [/stigforge/roles/rhel9_stig : Declare files where syscalls were found] ***
skipping: [localhost]

TASK [/stigforge/roles/rhel9_stig : Count occurrences of syscalls in paths] ****
skipping: [localhost]

TASK [/stigforge/roles/rhel9_stig : Get path with most syscalls] ***************
skipping: [localhost]

TASK [/stigforge/roles/rhel9_stig : No file with syscall found, set path to /etc/audit/rules.d/module-change.rules] ***
skipping: [localhost]

TASK [/stigforge/roles/rhel9_stig : Declare found syscalls] ********************
skipping: [localhost]

TASK [/stigforge/roles/rhel9_stig : Declare missing syscalls] ******************
skipping: [localhost]

TASK [/stigforge/roles/rhel9_stig : Replace the audit rule in {{ audit_file }}] ***
skipping: [localhost]

TASK [/stigforge/roles/rhel9_stig : Add the audit rule to {{ audit_file }}] ****
skipping: [localhost]

TASK [/stigforge/roles/rhel9_stig : Declare list of syscalls] ******************
skipping: [localhost]

TASK [/stigforge/roles/rhel9_stig : Check existence of init_module in /etc/audit/audit.rules] ***
skipping: [localhost]

TASK [/stigforge/roles/rhel9_stig : Set path to /etc/audit/audit.rules] ********
skipping: [localhost]

TASK [/stigforge/roles/rhel9_stig : Declare found syscalls] ********************
skipping: [localhost]

TASK [/stigforge/roles/rhel9_stig : Declare missing syscalls] ******************
skipping: [localhost]

TASK [/stigforge/roles/rhel9_stig : Replace the audit rule in {{ audit_file }}] ***
skipping: [localhost]

TASK [/stigforge/roles/rhel9_stig : Add the audit rule to {{ audit_file }}] ****
skipping: [localhost]

TASK [/stigforge/roles/rhel9_stig : Record Attempts to Alter Logon and Logout Events - faillock - Check if watch rule for /var/log/faillock already exists in /etc/audit/rules.d/] ***
skipping: [localhost]

TASK [/stigforge/roles/rhel9_stig : Record Attempts to Alter Logon and Logout Events - faillock - Search /etc/audit/rules.d for other rules with specified key logins] ***
skipping: [localhost]

TASK [/stigforge/roles/rhel9_stig : Record Attempts to Alter Logon and Logout Events - faillock - Use /etc/audit/rules.d/logins.rules as the recipient for the rule] ***
skipping: [localhost]

TASK [/stigforge/roles/rhel9_stig : Record Attempts to Alter Logon and Logout Events - faillock - Use matched file as the recipient for the rule] ***
skipping: [localhost]

TASK [/stigforge/roles/rhel9_stig : Record Attempts to Alter Logon and Logout Events - faillock - Add watch rule for /var/log/faillock in /etc/audit/rules.d/] ***
skipping: [localhost]

TASK [/stigforge/roles/rhel9_stig : Record Attempts to Alter Logon and Logout Events - faillock - Check if watch rule for /var/log/faillock already exists in /etc/audit/audit.rules] ***
skipping: [localhost]

TASK [/stigforge/roles/rhel9_stig : Record Attempts to Alter Logon and Logout Events - faillock - Add watch rule for /var/log/faillock in /etc/audit/audit.rules] ***
skipping: [localhost]

TASK [/stigforge/roles/rhel9_stig : Record Attempts to Alter Logon and Logout Events - lastlog - Check if watch rule for /var/log/lastlog already exists in /etc/audit/rules.d/] ***
skipping: [localhost]

TASK [/stigforge/roles/rhel9_stig : Record Attempts to Alter Logon and Logout Events - lastlog - Search /etc/audit/rules.d for other rules with specified key logins] ***
skipping: [localhost]

TASK [/stigforge/roles/rhel9_stig : Record Attempts to Alter Logon and Logout Events - lastlog - Use /etc/audit/rules.d/logins.rules as the recipient for the rule] ***
skipping: [localhost]

TASK [/stigforge/roles/rhel9_stig : Record Attempts to Alter Logon and Logout Events - lastlog - Use matched file as the recipient for the rule] ***
skipping: [localhost]

TASK [/stigforge/roles/rhel9_stig : Record Attempts to Alter Logon and Logout Events - lastlog - Add watch rule for /var/log/lastlog in /etc/audit/rules.d/] ***
skipping: [localhost]

TASK [/stigforge/roles/rhel9_stig : Record Attempts to Alter Logon and Logout Events - lastlog - Check if watch rule for /var/log/lastlog already exists in /etc/audit/audit.rules] ***
skipping: [localhost]

TASK [/stigforge/roles/rhel9_stig : Record Attempts to Alter Logon and Logout Events - lastlog - Add watch rule for /var/log/lastlog in /etc/audit/audit.rules] ***
skipping: [localhost]

TASK [/stigforge/roles/rhel9_stig : Record Attempts to Alter Logon and Logout Events - tallylog - Check if watch rule for /var/log/tallylog already exists in /etc/audit/rules.d/] ***
skipping: [localhost]

TASK [/stigforge/roles/rhel9_stig : Record Attempts to Alter Logon and Logout Events - tallylog - Search /etc/audit/rules.d for other rules with specified key logins] ***
skipping: [localhost]

TASK [/stigforge/roles/rhel9_stig : Record Attempts to Alter Logon and Logout Events - tallylog - Use /etc/audit/rules.d/logins.rules as the recipient for the rule] ***
skipping: [localhost]

TASK [/stigforge/roles/rhel9_stig : Record Attempts to Alter Logon and Logout Events - tallylog - Use matched file as the recipient for the rule] ***
skipping: [localhost]

TASK [/stigforge/roles/rhel9_stig : Record Attempts to Alter Logon and Logout Events - tallylog - Add watch rule for /var/log/tallylog in /etc/audit/rules.d/] ***
skipping: [localhost]

TASK [/stigforge/roles/rhel9_stig : Record Attempts to Alter Logon and Logout Events - tallylog - Check if watch rule for /var/log/tallylog already exists in /etc/audit/audit.rules] ***
skipping: [localhost]

TASK [/stigforge/roles/rhel9_stig : Record Attempts to Alter Logon and Logout Events - tallylog - Add watch rule for /var/log/tallylog in /etc/audit/audit.rules] ***
skipping: [localhost]

TASK [/stigforge/roles/rhel9_stig : Declare list of syscalls] ******************
skipping: [localhost]

TASK [/stigforge/roles/rhel9_stig : Check existence of  in /etc/audit/rules.d/] ***
skipping: [localhost]

TASK [/stigforge/roles/rhel9_stig : Reset syscalls found per file] *************
skipping: [localhost]

TASK [/stigforge/roles/rhel9_stig : Declare syscalls found per file] ***********
skipping: [localhost]

TASK [/stigforge/roles/rhel9_stig : Declare files where syscalls were found] ***
skipping: [localhost]

TASK [/stigforge/roles/rhel9_stig : Count occurrences of syscalls in paths] ****
skipping: [localhost]

TASK [/stigforge/roles/rhel9_stig : Get path with most syscalls] ***************
skipping: [localhost]

TASK [/stigforge/roles/rhel9_stig : No file with syscall found, set path to /etc/audit/rules.d/privileged.rules] ***
skipping: [localhost]

TASK [/stigforge/roles/rhel9_stig : Declare found syscalls] ********************
skipping: [localhost]

TASK [/stigforge/roles/rhel9_stig : Declare missing syscalls] ******************
skipping: [localhost]

TASK [/stigforge/roles/rhel9_stig : Replace the audit rule in {{ audit_file }}] ***
skipping: [localhost]

TASK [/stigforge/roles/rhel9_stig : Add the audit rule to {{ audit_file }}] ****
skipping: [localhost]

TASK [/stigforge/roles/rhel9_stig : Declare list of syscalls] ******************
skipping: [localhost]

TASK [/stigforge/roles/rhel9_stig : Check existence of  in /etc/audit/audit.rules] ***
skipping: [localhost]

TASK [/stigforge/roles/rhel9_stig : Set path to /etc/audit/audit.rules] ********
skipping: [localhost]

TASK [/stigforge/roles/rhel9_stig : Declare found syscalls] ********************
skipping: [localhost]

TASK [/stigforge/roles/rhel9_stig : Declare missing syscalls] ******************
skipping: [localhost]

TASK [/stigforge/roles/rhel9_stig : Replace the audit rule in {{ audit_file }}] ***
skipping: [localhost]

TASK [/stigforge/roles/rhel9_stig : Add the audit rule to {{ audit_file }}] ****
skipping: [localhost]

TASK [/stigforge/roles/rhel9_stig : Declare list of syscalls] ******************
skipping: [localhost]

TASK [/stigforge/roles/rhel9_stig : Check existence of  in /etc/audit/rules.d/] ***
skipping: [localhost]

TASK [/stigforge/roles/rhel9_stig : Reset syscalls found per file] *************
skipping: [localhost]

TASK [/stigforge/roles/rhel9_stig : Declare syscalls found per file] ***********
skipping: [localhost]

TASK [/stigforge/roles/rhel9_stig : Declare files where syscalls were found] ***
skipping: [localhost]

TASK [/stigforge/roles/rhel9_stig : Count occurrences of syscalls in paths] ****
skipping: [localhost]

TASK [/stigforge/roles/rhel9_stig : Get path with most syscalls] ***************
skipping: [localhost]

TASK [/stigforge/roles/rhel9_stig : No file with syscall found, set path to /etc/audit/rules.d/privileged.rules] ***
skipping: [localhost]

TASK [/stigforge/roles/rhel9_stig : Declare found syscalls] ********************
skipping: [localhost]

TASK [/stigforge/roles/rhel9_stig : Declare missing syscalls] ******************
skipping: [localhost]

TASK [/stigforge/roles/rhel9_stig : Replace the audit rule in {{ audit_file }}] ***
skipping: [localhost]

TASK [/stigforge/roles/rhel9_stig : Add the audit rule to {{ audit_file }}] ****
skipping: [localhost]

TASK [/stigforge/roles/rhel9_stig : Declare list of syscalls] ******************
skipping: [localhost]

TASK [/stigforge/roles/rhel9_stig : Check existence of  in /etc/audit/audit.rules] ***
skipping: [localhost]

TASK [/stigforge/roles/rhel9_stig : Set path to /etc/audit/audit.rules] ********
skipping: [localhost]

TASK [/stigforge/roles/rhel9_stig : Declare found syscalls] ********************
skipping: [localhost]

TASK [/stigforge/roles/rhel9_stig : Declare missing syscalls] ******************
skipping: [localhost]

TASK [/stigforge/roles/rhel9_stig : Replace the audit rule in {{ audit_file }}] ***
skipping: [localhost]

TASK [/stigforge/roles/rhel9_stig : Add the audit rule to {{ audit_file }}] ****
skipping: [localhost]

TASK [/stigforge/roles/rhel9_stig : Declare list of syscalls] ******************
skipping: [localhost]

TASK [/stigforge/roles/rhel9_stig : Check existence of  in /etc/audit/rules.d/] ***
skipping: [localhost]

TASK [/stigforge/roles/rhel9_stig : Reset syscalls found per file] *************
skipping: [localhost]

TASK [/stigforge/roles/rhel9_stig : Declare syscalls found per file] ***********
skipping: [localhost]

TASK [/stigforge/roles/rhel9_stig : Declare files where syscalls were found] ***
skipping: [localhost]

TASK [/stigforge/roles/rhel9_stig : Count occurrences of syscalls in paths] ****
skipping: [localhost]

TASK [/stigforge/roles/rhel9_stig : Get path with most syscalls] ***************
skipping: [localhost]

TASK [/stigforge/roles/rhel9_stig : No file with syscall found, set path to /etc/audit/rules.d/privileged.rules] ***
skipping: [localhost]

TASK [/stigforge/roles/rhel9_stig : Declare found syscalls] ********************
skipping: [localhost]

TASK [/stigforge/roles/rhel9_stig : Declare missing syscalls] ******************
skipping: [localhost]

TASK [/stigforge/roles/rhel9_stig : Replace the audit rule in {{ audit_file }}] ***
skipping: [localhost]

TASK [/stigforge/roles/rhel9_stig : Add the audit rule to {{ audit_file }}] ****
skipping: [localhost]

TASK [/stigforge/roles/rhel9_stig : Declare list of syscalls] ******************
skipping: [localhost]

TASK [/stigforge/roles/rhel9_stig : Check existence of  in /etc/audit/audit.rules] ***
skipping: [localhost]

TASK [/stigforge/roles/rhel9_stig : Set path to /etc/audit/audit.rules] ********
skipping: [localhost]

TASK [/stigforge/roles/rhel9_stig : Declare found syscalls] ********************
skipping: [localhost]

TASK [/stigforge/roles/rhel9_stig : Declare missing syscalls] ******************
skipping: [localhost]

TASK [/stigforge/roles/rhel9_stig : Replace the audit rule in {{ audit_file }}] ***
skipping: [localhost]

TASK [/stigforge/roles/rhel9_stig : Add the audit rule to {{ audit_file }}] ****
skipping: [localhost]

TASK [/stigforge/roles/rhel9_stig : Declare list of syscalls] ******************
skipping: [localhost]

TASK [/stigforge/roles/rhel9_stig : Check existence of  in /etc/audit/rules.d/] ***
skipping: [localhost]

TASK [/stigforge/roles/rhel9_stig : Reset syscalls found per file] *************
skipping: [localhost]

TASK [/stigforge/roles/rhel9_stig : Declare syscalls found per file] ***********
skipping: [localhost]

TASK [/stigforge/roles/rhel9_stig : Declare files where syscalls were found] ***
skipping: [localhost]

TASK [/stigforge/roles/rhel9_stig : Count occurrences of syscalls in paths] ****
skipping: [localhost]

TASK [/stigforge/roles/rhel9_stig : Get path with most syscalls] ***************
skipping: [localhost]

TASK [/stigforge/roles/rhel9_stig : No file with syscall found, set path to /etc/audit/rules.d/privileged.rules] ***
skipping: [localhost]

TASK [/stigforge/roles/rhel9_stig : Declare found syscalls] ********************
skipping: [localhost]

TASK [/stigforge/roles/rhel9_stig : Declare missing syscalls] ******************
skipping: [localhost]

TASK [/stigforge/roles/rhel9_stig : Replace the audit rule in {{ audit_file }}] ***
skipping: [localhost]

TASK [/stigforge/roles/rhel9_stig : Add the audit rule to {{ audit_file }}] ****
skipping: [localhost]

TASK [/stigforge/roles/rhel9_stig : Declare list of syscalls] ******************
skipping: [localhost]

TASK [/stigforge/roles/rhel9_stig : Check existence of  in /etc/audit/audit.rules] ***
skipping: [localhost]

TASK [/stigforge/roles/rhel9_stig : Set path to /etc/audit/audit.rules] ********
skipping: [localhost]

TASK [/stigforge/roles/rhel9_stig : Declare found syscalls] ********************
skipping: [localhost]

TASK [/stigforge/roles/rhel9_stig : Declare missing syscalls] ******************
skipping: [localhost]

TASK [/stigforge/roles/rhel9_stig : Replace the audit rule in {{ audit_file }}] ***
skipping: [localhost]

TASK [/stigforge/roles/rhel9_stig : Add the audit rule to {{ audit_file }}] ****
skipping: [localhost]

TASK [/stigforge/roles/rhel9_stig : Declare list of syscalls] ******************
skipping: [localhost]

TASK [/stigforge/roles/rhel9_stig : Check existence of  in /etc/audit/rules.d/] ***
skipping: [localhost]

TASK [/stigforge/roles/rhel9_stig : Reset syscalls found per file] *************
skipping: [localhost]

TASK [/stigforge/roles/rhel9_stig : Declare syscalls found per file] ***********
skipping: [localhost]

TASK [/stigforge/roles/rhel9_stig : Declare files where syscalls were found] ***
skipping: [localhost]

TASK [/stigforge/roles/rhel9_stig : Count occurrences of syscalls in paths] ****
skipping: [localhost]

TASK [/stigforge/roles/rhel9_stig : Get path with most syscalls] ***************
skipping: [localhost]

TASK [/stigforge/roles/rhel9_stig : No file with syscall found, set path to /etc/audit/rules.d/privileged.rules] ***
skipping: [localhost]

TASK [/stigforge/roles/rhel9_stig : Declare found syscalls] ********************
skipping: [localhost]

TASK [/stigforge/roles/rhel9_stig : Declare missing syscalls] ******************
skipping: [localhost]

TASK [/stigforge/roles/rhel9_stig : Replace the audit rule in {{ audit_file }}] ***
skipping: [localhost]

TASK [/stigforge/roles/rhel9_stig : Add the audit rule to {{ audit_file }}] ****
skipping: [localhost]

TASK [/stigforge/roles/rhel9_stig : Declare list of syscalls] ******************
skipping: [localhost]

TASK [/stigforge/roles/rhel9_stig : Check existence of  in /etc/audit/audit.rules] ***
skipping: [localhost]

TASK [/stigforge/roles/rhel9_stig : Set path to /etc/audit/audit.rules] ********
skipping: [localhost]

TASK [/stigforge/roles/rhel9_stig : Declare found syscalls] ********************
skipping: [localhost]

TASK [/stigforge/roles/rhel9_stig : Declare missing syscalls] ******************
skipping: [localhost]

TASK [/stigforge/roles/rhel9_stig : Replace the audit rule in {{ audit_file }}] ***
skipping: [localhost]

TASK [/stigforge/roles/rhel9_stig : Add the audit rule to {{ audit_file }}] ****
skipping: [localhost]

TASK [/stigforge/roles/rhel9_stig : Declare list of syscalls] ******************
skipping: [localhost]

TASK [/stigforge/roles/rhel9_stig : Check existence of  in /etc/audit/rules.d/] ***
skipping: [localhost]

TASK [/stigforge/roles/rhel9_stig : Reset syscalls found per file] *************
skipping: [localhost]

TASK [/stigforge/roles/rhel9_stig : Declare syscalls found per file] ***********
skipping: [localhost]

TASK [/stigforge/roles/rhel9_stig : Declare files where syscalls were found] ***
skipping: [localhost]

TASK [/stigforge/roles/rhel9_stig : Count occurrences of syscalls in paths] ****
skipping: [localhost]

TASK [/stigforge/roles/rhel9_stig : Get path with most syscalls] ***************
skipping: [localhost]

TASK [/stigforge/roles/rhel9_stig : No file with syscall found, set path to /etc/audit/rules.d/privileged.rules] ***
skipping: [localhost]

TASK [/stigforge/roles/rhel9_stig : Declare found syscalls] ********************
skipping: [localhost]

TASK [/stigforge/roles/rhel9_stig : Declare missing syscalls] ******************
skipping: [localhost]

TASK [/stigforge/roles/rhel9_stig : Replace the audit rule in {{ audit_file }}] ***
skipping: [localhost]

TASK [/stigforge/roles/rhel9_stig : Add the audit rule to {{ audit_file }}] ****
skipping: [localhost]

TASK [/stigforge/roles/rhel9_stig : Declare list of syscalls] ******************
skipping: [localhost]

TASK [/stigforge/roles/rhel9_stig : Check existence of  in /etc/audit/audit.rules] ***
skipping: [localhost]

TASK [/stigforge/roles/rhel9_stig : Set path to /etc/audit/audit.rules] ********
skipping: [localhost]

TASK [/stigforge/roles/rhel9_stig : Declare found syscalls] ********************
skipping: [localhost]

TASK [/stigforge/roles/rhel9_stig : Declare missing syscalls] ******************
skipping: [localhost]

TASK [/stigforge/roles/rhel9_stig : Replace the audit rule in {{ audit_file }}] ***
skipping: [localhost]

TASK [/stigforge/roles/rhel9_stig : Add the audit rule to {{ audit_file }}] ****
skipping: [localhost]

TASK [/stigforge/roles/rhel9_stig : Declare list of syscalls] ******************
skipping: [localhost]

TASK [/stigforge/roles/rhel9_stig : Check existence of  in /etc/audit/rules.d/] ***
skipping: [localhost]

TASK [/stigforge/roles/rhel9_stig : Reset syscalls found per file] *************
skipping: [localhost]

TASK [/stigforge/roles/rhel9_stig : Declare syscalls found per file] ***********
skipping: [localhost]

TASK [/stigforge/roles/rhel9_stig : Declare files where syscalls were found] ***
skipping: [localhost]

TASK [/stigforge/roles/rhel9_stig : Count occurrences of syscalls in paths] ****
skipping: [localhost]

TASK [/stigforge/roles/rhel9_stig : Get path with most syscalls] ***************
skipping: [localhost]

TASK [/stigforge/roles/rhel9_stig : No file with syscall found, set path to /etc/audit/rules.d/privileged.rules] ***
skipping: [localhost]

TASK [/stigforge/roles/rhel9_stig : Declare found syscalls] ********************
skipping: [localhost]

TASK [/stigforge/roles/rhel9_stig : Declare missing syscalls] ******************
skipping: [localhost]

TASK [/stigforge/roles/rhel9_stig : Replace the audit rule in {{ audit_file }}] ***
skipping: [localhost]

TASK [/stigforge/roles/rhel9_stig : Add the audit rule to {{ audit_file }}] ****
skipping: [localhost]

TASK [/stigforge/roles/rhel9_stig : Declare list of syscalls] ******************
skipping: [localhost]

TASK [/stigforge/roles/rhel9_stig : Check existence of  in /etc/audit/audit.rules] ***
skipping: [localhost]

TASK [/stigforge/roles/rhel9_stig : Set path to /etc/audit/audit.rules] ********
skipping: [localhost]

TASK [/stigforge/roles/rhel9_stig : Declare found syscalls] ********************
skipping: [localhost]

TASK [/stigforge/roles/rhel9_stig : Declare missing syscalls] ******************
skipping: [localhost]

TASK [/stigforge/roles/rhel9_stig : Replace the audit rule in {{ audit_file }}] ***
skipping: [localhost]

TASK [/stigforge/roles/rhel9_stig : Add the audit rule to {{ audit_file }}] ****
skipping: [localhost]

TASK [/stigforge/roles/rhel9_stig : Declare list of syscalls] ******************
skipping: [localhost]

TASK [/stigforge/roles/rhel9_stig : Check existence of  in /etc/audit/rules.d/] ***
skipping: [localhost]

TASK [/stigforge/roles/rhel9_stig : Reset syscalls found per file] *************
skipping: [localhost]

TASK [/stigforge/roles/rhel9_stig : Declare syscalls found per file] ***********
skipping: [localhost]

TASK [/stigforge/roles/rhel9_stig : Declare files where syscalls were found] ***
skipping: [localhost]

TASK [/stigforge/roles/rhel9_stig : Count occurrences of syscalls in paths] ****
skipping: [localhost]

TASK [/stigforge/roles/rhel9_stig : Get path with most syscalls] ***************
skipping: [localhost]

TASK [/stigforge/roles/rhel9_stig : No file with syscall found, set path to /etc/audit/rules.d/privileged.rules] ***
skipping: [localhost]

TASK [/stigforge/roles/rhel9_stig : Declare found syscalls] ********************
skipping: [localhost]

TASK [/stigforge/roles/rhel9_stig : Declare missing syscalls] ******************
skipping: [localhost]

TASK [/stigforge/roles/rhel9_stig : Replace the audit rule in {{ audit_file }}] ***
skipping: [localhost]

TASK [/stigforge/roles/rhel9_stig : Add the audit rule to {{ audit_file }}] ****
skipping: [localhost]

TASK [/stigforge/roles/rhel9_stig : Declare list of syscalls] ******************
skipping: [localhost]

TASK [/stigforge/roles/rhel9_stig : Check existence of  in /etc/audit/audit.rules] ***
skipping: [localhost]

TASK [/stigforge/roles/rhel9_stig : Set path to /etc/audit/audit.rules] ********
skipping: [localhost]

TASK [/stigforge/roles/rhel9_stig : Declare found syscalls] ********************
skipping: [localhost]

TASK [/stigforge/roles/rhel9_stig : Declare missing syscalls] ******************
skipping: [localhost]

TASK [/stigforge/roles/rhel9_stig : Replace the audit rule in {{ audit_file }}] ***
skipping: [localhost]

TASK [/stigforge/roles/rhel9_stig : Add the audit rule to {{ audit_file }}] ****
skipping: [localhost]

TASK [/stigforge/roles/rhel9_stig : Declare list of syscalls] ******************
skipping: [localhost]

TASK [/stigforge/roles/rhel9_stig : Check existence of  in /etc/audit/rules.d/] ***
skipping: [localhost]

TASK [/stigforge/roles/rhel9_stig : Reset syscalls found per file] *************
skipping: [localhost]

TASK [/stigforge/roles/rhel9_stig : Declare syscalls found per file] ***********
skipping: [localhost]

TASK [/stigforge/roles/rhel9_stig : Declare files where syscalls were found] ***
skipping: [localhost]

TASK [/stigforge/roles/rhel9_stig : Count occurrences of syscalls in paths] ****
skipping: [localhost]

TASK [/stigforge/roles/rhel9_stig : Get path with most syscalls] ***************
skipping: [localhost]

TASK [/stigforge/roles/rhel9_stig : No file with syscall found, set path to /etc/audit/rules.d/privileged.rules] ***
skipping: [localhost]

TASK [/stigforge/roles/rhel9_stig : Declare found syscalls] ********************
skipping: [localhost]

TASK [/stigforge/roles/rhel9_stig : Declare missing syscalls] ******************
skipping: [localhost]

TASK [/stigforge/roles/rhel9_stig : Replace the audit rule in {{ audit_file }}] ***
skipping: [localhost]

TASK [/stigforge/roles/rhel9_stig : Add the audit rule to {{ audit_file }}] ****
skipping: [localhost]

TASK [/stigforge/roles/rhel9_stig : Declare list of syscalls] ******************
skipping: [localhost]

TASK [/stigforge/roles/rhel9_stig : Check existence of  in /etc/audit/audit.rules] ***
skipping: [localhost]

TASK [/stigforge/roles/rhel9_stig : Set path to /etc/audit/audit.rules] ********
skipping: [localhost]

TASK [/stigforge/roles/rhel9_stig : Declare found syscalls] ********************
skipping: [localhost]

TASK [/stigforge/roles/rhel9_stig : Declare missing syscalls] ******************
skipping: [localhost]

TASK [/stigforge/roles/rhel9_stig : Replace the audit rule in {{ audit_file }}] ***
skipping: [localhost]

TASK [/stigforge/roles/rhel9_stig : Add the audit rule to {{ audit_file }}] ****
skipping: [localhost]

TASK [/stigforge/roles/rhel9_stig : Declare list of syscalls] ******************
skipping: [localhost]

TASK [/stigforge/roles/rhel9_stig : Check existence of  in /etc/audit/rules.d/] ***
skipping: [localhost]

TASK [/stigforge/roles/rhel9_stig : Reset syscalls found per file] *************
skipping: [localhost]

TASK [/stigforge/roles/rhel9_stig : Declare syscalls found per file] ***********
skipping: [localhost]

TASK [/stigforge/roles/rhel9_stig : Declare files where syscalls were found] ***
skipping: [localhost]

TASK [/stigforge/roles/rhel9_stig : Count occurrences of syscalls in paths] ****
skipping: [localhost]

TASK [/stigforge/roles/rhel9_stig : Get path with most syscalls] ***************
skipping: [localhost]

TASK [/stigforge/roles/rhel9_stig : No file with syscall found, set path to /etc/audit/rules.d/privileged.rules] ***
skipping: [localhost]

TASK [/stigforge/roles/rhel9_stig : Declare found syscalls] ********************
skipping: [localhost]

TASK [/stigforge/roles/rhel9_stig : Declare missing syscalls] ******************
skipping: [localhost]

TASK [/stigforge/roles/rhel9_stig : Replace the audit rule in {{ audit_file }}] ***
skipping: [localhost]

TASK [/stigforge/roles/rhel9_stig : Add the audit rule to {{ audit_file }}] ****
skipping: [localhost]

TASK [/stigforge/roles/rhel9_stig : Declare list of syscalls] ******************
skipping: [localhost]

TASK [/stigforge/roles/rhel9_stig : Check existence of  in /etc/audit/audit.rules] ***
skipping: [localhost]

TASK [/stigforge/roles/rhel9_stig : Set path to /etc/audit/audit.rules] ********
skipping: [localhost]

TASK [/stigforge/roles/rhel9_stig : Declare found syscalls] ********************
skipping: [localhost]

TASK [/stigforge/roles/rhel9_stig : Declare missing syscalls] ******************
skipping: [localhost]

TASK [/stigforge/roles/rhel9_stig : Replace the audit rule in {{ audit_file }}] ***
skipping: [localhost]

TASK [/stigforge/roles/rhel9_stig : Add the audit rule to {{ audit_file }}] ****
skipping: [localhost]

TASK [/stigforge/roles/rhel9_stig : Declare list of syscalls] ******************
skipping: [localhost]

TASK [/stigforge/roles/rhel9_stig : Check existence of  in /etc/audit/rules.d/] ***
skipping: [localhost]

TASK [/stigforge/roles/rhel9_stig : Reset syscalls found per file] *************
skipping: [localhost]

TASK [/stigforge/roles/rhel9_stig : Declare syscalls found per file] ***********
skipping: [localhost]

TASK [/stigforge/roles/rhel9_stig : Declare files where syscalls were found] ***
skipping: [localhost]

TASK [/stigforge/roles/rhel9_stig : Count occurrences of syscalls in paths] ****
skipping: [localhost]

TASK [/stigforge/roles/rhel9_stig : Get path with most syscalls] ***************
skipping: [localhost]

TASK [/stigforge/roles/rhel9_stig : No file with syscall found, set path to /etc/audit/rules.d/privileged.rules] ***
skipping: [localhost]

TASK [/stigforge/roles/rhel9_stig : Declare found syscalls] ********************
skipping: [localhost]

TASK [/stigforge/roles/rhel9_stig : Declare missing syscalls] ******************
skipping: [localhost]

TASK [/stigforge/roles/rhel9_stig : Replace the audit rule in {{ audit_file }}] ***
skipping: [localhost]

TASK [/stigforge/roles/rhel9_stig : Add the audit rule to {{ audit_file }}] ****
skipping: [localhost]

TASK [/stigforge/roles/rhel9_stig : Declare list of syscalls] ******************
skipping: [localhost]

TASK [/stigforge/roles/rhel9_stig : Check existence of  in /etc/audit/audit.rules] ***
skipping: [localhost]

TASK [/stigforge/roles/rhel9_stig : Set path to /etc/audit/audit.rules] ********
skipping: [localhost]

TASK [/stigforge/roles/rhel9_stig : Declare found syscalls] ********************
skipping: [localhost]

TASK [/stigforge/roles/rhel9_stig : Declare missing syscalls] ******************
skipping: [localhost]

TASK [/stigforge/roles/rhel9_stig : Replace the audit rule in {{ audit_file }}] ***
skipping: [localhost]

TASK [/stigforge/roles/rhel9_stig : Add the audit rule to {{ audit_file }}] ****
skipping: [localhost]

TASK [/stigforge/roles/rhel9_stig : Declare list of syscalls] ******************
skipping: [localhost]

TASK [/stigforge/roles/rhel9_stig : Check existence of  in /etc/audit/rules.d/] ***
skipping: [localhost]

TASK [/stigforge/roles/rhel9_stig : Reset syscalls found per file] *************
skipping: [localhost]

TASK [/stigforge/roles/rhel9_stig : Declare syscalls found per file] ***********
skipping: [localhost]

TASK [/stigforge/roles/rhel9_stig : Declare files where syscalls were found] ***
skipping: [localhost]

TASK [/stigforge/roles/rhel9_stig : Count occurrences of syscalls in paths] ****
skipping: [localhost]

TASK [/stigforge/roles/rhel9_stig : Get path with most syscalls] ***************
skipping: [localhost]

TASK [/stigforge/roles/rhel9_stig : No file with syscall found, set path to /etc/audit/rules.d/privileged.rules] ***
skipping: [localhost]

TASK [/stigforge/roles/rhel9_stig : Declare found syscalls] ********************
skipping: [localhost]

TASK [/stigforge/roles/rhel9_stig : Declare missing syscalls] ******************
skipping: [localhost]

TASK [/stigforge/roles/rhel9_stig : Replace the audit rule in {{ audit_file }}] ***
skipping: [localhost]

TASK [/stigforge/roles/rhel9_stig : Add the audit rule to {{ audit_file }}] ****
skipping: [localhost]

TASK [/stigforge/roles/rhel9_stig : Declare list of syscalls] ******************
skipping: [localhost]

TASK [/stigforge/roles/rhel9_stig : Check existence of  in /etc/audit/audit.rules] ***
skipping: [localhost]

TASK [/stigforge/roles/rhel9_stig : Set path to /etc/audit/audit.rules] ********
skipping: [localhost]

TASK [/stigforge/roles/rhel9_stig : Declare found syscalls] ********************
skipping: [localhost]

TASK [/stigforge/roles/rhel9_stig : Declare missing syscalls] ******************
skipping: [localhost]

TASK [/stigforge/roles/rhel9_stig : Replace the audit rule in {{ audit_file }}] ***
skipping: [localhost]

TASK [/stigforge/roles/rhel9_stig : Add the audit rule to {{ audit_file }}] ****
skipping: [localhost]

TASK [/stigforge/roles/rhel9_stig : Declare list of syscalls] ******************
skipping: [localhost]

TASK [/stigforge/roles/rhel9_stig : Check existence of  in /etc/audit/rules.d/] ***
skipping: [localhost]

TASK [/stigforge/roles/rhel9_stig : Reset syscalls found per file] *************
skipping: [localhost]

TASK [/stigforge/roles/rhel9_stig : Declare syscalls found per file] ***********
skipping: [localhost]

TASK [/stigforge/roles/rhel9_stig : Declare files where syscalls were found] ***
skipping: [localhost]

TASK [/stigforge/roles/rhel9_stig : Count occurrences of syscalls in paths] ****
skipping: [localhost]

TASK [/stigforge/roles/rhel9_stig : Get path with most syscalls] ***************
skipping: [localhost]

TASK [/stigforge/roles/rhel9_stig : No file with syscall found, set path to /etc/audit/rules.d/privileged.rules] ***
skipping: [localhost]

TASK [/stigforge/roles/rhel9_stig : Declare found syscalls] ********************
skipping: [localhost]

TASK [/stigforge/roles/rhel9_stig : Declare missing syscalls] ******************
skipping: [localhost]

TASK [/stigforge/roles/rhel9_stig : Replace the audit rule in {{ audit_file }}] ***
skipping: [localhost]

TASK [/stigforge/roles/rhel9_stig : Add the audit rule to {{ audit_file }}] ****
skipping: [localhost]

TASK [/stigforge/roles/rhel9_stig : Declare list of syscalls] ******************
skipping: [localhost]

TASK [/stigforge/roles/rhel9_stig : Check existence of  in /etc/audit/audit.rules] ***
skipping: [localhost]

TASK [/stigforge/roles/rhel9_stig : Set path to /etc/audit/audit.rules] ********
skipping: [localhost]

TASK [/stigforge/roles/rhel9_stig : Declare found syscalls] ********************
skipping: [localhost]

TASK [/stigforge/roles/rhel9_stig : Declare missing syscalls] ******************
skipping: [localhost]

TASK [/stigforge/roles/rhel9_stig : Replace the audit rule in {{ audit_file }}] ***
skipping: [localhost]

TASK [/stigforge/roles/rhel9_stig : Add the audit rule to {{ audit_file }}] ****
skipping: [localhost]

TASK [/stigforge/roles/rhel9_stig : Declare list of syscalls] ******************
skipping: [localhost]

TASK [/stigforge/roles/rhel9_stig : Check existence of  in /etc/audit/rules.d/] ***
skipping: [localhost]

TASK [/stigforge/roles/rhel9_stig : Reset syscalls found per file] *************
skipping: [localhost]

TASK [/stigforge/roles/rhel9_stig : Declare syscalls found per file] ***********
skipping: [localhost]

TASK [/stigforge/roles/rhel9_stig : Declare files where syscalls were found] ***
skipping: [localhost]

TASK [/stigforge/roles/rhel9_stig : Count occurrences of syscalls in paths] ****
skipping: [localhost]

TASK [/stigforge/roles/rhel9_stig : Get path with most syscalls] ***************
skipping: [localhost]

TASK [/stigforge/roles/rhel9_stig : No file with syscall found, set path to /etc/audit/rules.d/privileged.rules] ***
skipping: [localhost]

TASK [/stigforge/roles/rhel9_stig : Declare found syscalls] ********************
skipping: [localhost]

TASK [/stigforge/roles/rhel9_stig : Declare missing syscalls] ******************
skipping: [localhost]

TASK [/stigforge/roles/rhel9_stig : Replace the audit rule in {{ audit_file }}] ***
skipping: [localhost]

TASK [/stigforge/roles/rhel9_stig : Add the audit rule to {{ audit_file }}] ****
skipping: [localhost]

TASK [/stigforge/roles/rhel9_stig : Declare list of syscalls] ******************
skipping: [localhost]

TASK [/stigforge/roles/rhel9_stig : Check existence of  in /etc/audit/audit.rules] ***
skipping: [localhost]

TASK [/stigforge/roles/rhel9_stig : Set path to /etc/audit/audit.rules] ********
skipping: [localhost]

TASK [/stigforge/roles/rhel9_stig : Declare found syscalls] ********************
skipping: [localhost]

TASK [/stigforge/roles/rhel9_stig : Declare missing syscalls] ******************
skipping: [localhost]

TASK [/stigforge/roles/rhel9_stig : Replace the audit rule in {{ audit_file }}] ***
skipping: [localhost]

TASK [/stigforge/roles/rhel9_stig : Add the audit rule to {{ audit_file }}] ****
skipping: [localhost]

TASK [/stigforge/roles/rhel9_stig : Declare list of syscalls] ******************
skipping: [localhost]

TASK [/stigforge/roles/rhel9_stig : Check existence of  in /etc/audit/rules.d/] ***
skipping: [localhost]

TASK [/stigforge/roles/rhel9_stig : Reset syscalls found per file] *************
skipping: [localhost]

TASK [/stigforge/roles/rhel9_stig : Declare syscalls found per file] ***********
skipping: [localhost]

TASK [/stigforge/roles/rhel9_stig : Declare files where syscalls were found] ***
skipping: [localhost]

TASK [/stigforge/roles/rhel9_stig : Count occurrences of syscalls in paths] ****
skipping: [localhost]

TASK [/stigforge/roles/rhel9_stig : Get path with most syscalls] ***************
skipping: [localhost]

TASK [/stigforge/roles/rhel9_stig : No file with syscall found, set path to /etc/audit/rules.d/privileged.rules] ***
skipping: [localhost]

TASK [/stigforge/roles/rhel9_stig : Declare found syscalls] ********************
skipping: [localhost]

TASK [/stigforge/roles/rhel9_stig : Declare missing syscalls] ******************
skipping: [localhost]

TASK [/stigforge/roles/rhel9_stig : Replace the audit rule in {{ audit_file }}] ***
skipping: [localhost]

TASK [/stigforge/roles/rhel9_stig : Add the audit rule to {{ audit_file }}] ****
skipping: [localhost]

TASK [/stigforge/roles/rhel9_stig : Declare list of syscalls] ******************
skipping: [localhost]

TASK [/stigforge/roles/rhel9_stig : Check existence of  in /etc/audit/audit.rules] ***
skipping: [localhost]

TASK [/stigforge/roles/rhel9_stig : Set path to /etc/audit/audit.rules] ********
skipping: [localhost]

TASK [/stigforge/roles/rhel9_stig : Declare found syscalls] ********************
skipping: [localhost]

TASK [/stigforge/roles/rhel9_stig : Declare missing syscalls] ******************
skipping: [localhost]

TASK [/stigforge/roles/rhel9_stig : Replace the audit rule in {{ audit_file }}] ***
skipping: [localhost]

TASK [/stigforge/roles/rhel9_stig : Add the audit rule to {{ audit_file }}] ****
skipping: [localhost]

TASK [/stigforge/roles/rhel9_stig : Declare list of syscalls] ******************
skipping: [localhost]

TASK [/stigforge/roles/rhel9_stig : Check existence of  in /etc/audit/rules.d/] ***
skipping: [localhost]

TASK [/stigforge/roles/rhel9_stig : Reset syscalls found per file] *************
skipping: [localhost]

TASK [/stigforge/roles/rhel9_stig : Declare syscalls found per file] ***********
skipping: [localhost]

TASK [/stigforge/roles/rhel9_stig : Declare files where syscalls were found] ***
skipping: [localhost]

TASK [/stigforge/roles/rhel9_stig : Count occurrences of syscalls in paths] ****
skipping: [localhost]

TASK [/stigforge/roles/rhel9_stig : Get path with most syscalls] ***************
skipping: [localhost]

TASK [/stigforge/roles/rhel9_stig : No file with syscall found, set path to /etc/audit/rules.d/privileged.rules] ***
skipping: [localhost]

TASK [/stigforge/roles/rhel9_stig : Declare found syscalls] ********************
skipping: [localhost]

TASK [/stigforge/roles/rhel9_stig : Declare missing syscalls] ******************
skipping: [localhost]

TASK [/stigforge/roles/rhel9_stig : Replace the audit rule in {{ audit_file }}] ***
skipping: [localhost]

TASK [/stigforge/roles/rhel9_stig : Add the audit rule to {{ audit_file }}] ****
skipping: [localhost]

TASK [/stigforge/roles/rhel9_stig : Declare list of syscalls] ******************
skipping: [localhost]

TASK [/stigforge/roles/rhel9_stig : Check existence of  in /etc/audit/audit.rules] ***
skipping: [localhost]

TASK [/stigforge/roles/rhel9_stig : Set path to /etc/audit/audit.rules] ********
skipping: [localhost]

TASK [/stigforge/roles/rhel9_stig : Declare found syscalls] ********************
skipping: [localhost]

TASK [/stigforge/roles/rhel9_stig : Declare missing syscalls] ******************
skipping: [localhost]

TASK [/stigforge/roles/rhel9_stig : Replace the audit rule in {{ audit_file }}] ***
skipping: [localhost]

TASK [/stigforge/roles/rhel9_stig : Add the audit rule to {{ audit_file }}] ****
skipping: [localhost]

TASK [/stigforge/roles/rhel9_stig : Declare list of syscalls] ******************
skipping: [localhost]

TASK [/stigforge/roles/rhel9_stig : Check existence of  in /etc/audit/rules.d/] ***
skipping: [localhost]

TASK [/stigforge/roles/rhel9_stig : Reset syscalls found per file] *************
skipping: [localhost]

TASK [/stigforge/roles/rhel9_stig : Declare syscalls found per file] ***********
skipping: [localhost]

TASK [/stigforge/roles/rhel9_stig : Declare files where syscalls were found] ***
skipping: [localhost]

TASK [/stigforge/roles/rhel9_stig : Count occurrences of syscalls in paths] ****
skipping: [localhost]

TASK [/stigforge/roles/rhel9_stig : Get path with most syscalls] ***************
skipping: [localhost]

TASK [/stigforge/roles/rhel9_stig : No file with syscall found, set path to /etc/audit/rules.d/privileged.rules] ***
skipping: [localhost]

TASK [/stigforge/roles/rhel9_stig : Declare found syscalls] ********************
skipping: [localhost]

TASK [/stigforge/roles/rhel9_stig : Declare missing syscalls] ******************
skipping: [localhost]

TASK [/stigforge/roles/rhel9_stig : Replace the audit rule in {{ audit_file }}] ***
skipping: [localhost]

TASK [/stigforge/roles/rhel9_stig : Add the audit rule to {{ audit_file }}] ****
skipping: [localhost]

TASK [/stigforge/roles/rhel9_stig : Declare list of syscalls] ******************
skipping: [localhost]

TASK [/stigforge/roles/rhel9_stig : Check existence of  in /etc/audit/audit.rules] ***
skipping: [localhost]

TASK [/stigforge/roles/rhel9_stig : Set path to /etc/audit/audit.rules] ********
skipping: [localhost]

TASK [/stigforge/roles/rhel9_stig : Declare found syscalls] ********************
skipping: [localhost]

TASK [/stigforge/roles/rhel9_stig : Declare missing syscalls] ******************
skipping: [localhost]

TASK [/stigforge/roles/rhel9_stig : Replace the audit rule in {{ audit_file }}] ***
skipping: [localhost]

TASK [/stigforge/roles/rhel9_stig : Add the audit rule to {{ audit_file }}] ****
skipping: [localhost]

TASK [/stigforge/roles/rhel9_stig : Declare list of syscalls] ******************
skipping: [localhost]

TASK [/stigforge/roles/rhel9_stig : Check existence of  in /etc/audit/rules.d/] ***
skipping: [localhost]

TASK [/stigforge/roles/rhel9_stig : Reset syscalls found per file] *************
skipping: [localhost]

TASK [/stigforge/roles/rhel9_stig : Declare syscalls found per file] ***********
skipping: [localhost]

TASK [/stigforge/roles/rhel9_stig : Declare files where syscalls were found] ***
skipping: [localhost]

TASK [/stigforge/roles/rhel9_stig : Count occurrences of syscalls in paths] ****
skipping: [localhost]

TASK [/stigforge/roles/rhel9_stig : Get path with most syscalls] ***************
skipping: [localhost]

TASK [/stigforge/roles/rhel9_stig : No file with syscall found, set path to /etc/audit/rules.d/privileged.rules] ***
skipping: [localhost]

TASK [/stigforge/roles/rhel9_stig : Declare found syscalls] ********************
skipping: [localhost]

TASK [/stigforge/roles/rhel9_stig : Declare missing syscalls] ******************
skipping: [localhost]

TASK [/stigforge/roles/rhel9_stig : Replace the audit rule in {{ audit_file }}] ***
skipping: [localhost]

TASK [/stigforge/roles/rhel9_stig : Add the audit rule to {{ audit_file }}] ****
skipping: [localhost]

TASK [/stigforge/roles/rhel9_stig : Declare list of syscalls] ******************
skipping: [localhost]

TASK [/stigforge/roles/rhel9_stig : Check existence of  in /etc/audit/audit.rules] ***
skipping: [localhost]

TASK [/stigforge/roles/rhel9_stig : Set path to /etc/audit/audit.rules] ********
skipping: [localhost]

TASK [/stigforge/roles/rhel9_stig : Declare found syscalls] ********************
skipping: [localhost]

TASK [/stigforge/roles/rhel9_stig : Declare missing syscalls] ******************
skipping: [localhost]

TASK [/stigforge/roles/rhel9_stig : Replace the audit rule in {{ audit_file }}] ***
skipping: [localhost]

TASK [/stigforge/roles/rhel9_stig : Add the audit rule to {{ audit_file }}] ****
skipping: [localhost]

TASK [/stigforge/roles/rhel9_stig : Declare list of syscalls] ******************
skipping: [localhost]

TASK [/stigforge/roles/rhel9_stig : Check existence of  in /etc/audit/rules.d/] ***
skipping: [localhost]

TASK [/stigforge/roles/rhel9_stig : Reset syscalls found per file] *************
skipping: [localhost]

TASK [/stigforge/roles/rhel9_stig : Declare syscalls found per file] ***********
skipping: [localhost]

TASK [/stigforge/roles/rhel9_stig : Declare files where syscalls were found] ***
skipping: [localhost]

TASK [/stigforge/roles/rhel9_stig : Count occurrences of syscalls in paths] ****
skipping: [localhost]

TASK [/stigforge/roles/rhel9_stig : Get path with most syscalls] ***************
skipping: [localhost]

TASK [/stigforge/roles/rhel9_stig : No file with syscall found, set path to /etc/audit/rules.d/privileged.rules] ***
skipping: [localhost]

TASK [/stigforge/roles/rhel9_stig : Declare found syscalls] ********************
skipping: [localhost]

TASK [/stigforge/roles/rhel9_stig : Declare missing syscalls] ******************
skipping: [localhost]

TASK [/stigforge/roles/rhel9_stig : Replace the audit rule in {{ audit_file }}] ***
skipping: [localhost]

TASK [/stigforge/roles/rhel9_stig : Add the audit rule to {{ audit_file }}] ****
skipping: [localhost]

TASK [/stigforge/roles/rhel9_stig : Declare list of syscalls] ******************
skipping: [localhost]

TASK [/stigforge/roles/rhel9_stig : Check existence of  in /etc/audit/audit.rules] ***
skipping: [localhost]

TASK [/stigforge/roles/rhel9_stig : Set path to /etc/audit/audit.rules] ********
skipping: [localhost]

TASK [/stigforge/roles/rhel9_stig : Declare found syscalls] ********************
skipping: [localhost]

TASK [/stigforge/roles/rhel9_stig : Declare missing syscalls] ******************
skipping: [localhost]

TASK [/stigforge/roles/rhel9_stig : Replace the audit rule in {{ audit_file }}] ***
skipping: [localhost]

TASK [/stigforge/roles/rhel9_stig : Add the audit rule to {{ audit_file }}] ****
skipping: [localhost]

TASK [/stigforge/roles/rhel9_stig : Declare list of syscalls] ******************
skipping: [localhost]

TASK [/stigforge/roles/rhel9_stig : Check existence of  in /etc/audit/rules.d/] ***
skipping: [localhost]

TASK [/stigforge/roles/rhel9_stig : Reset syscalls found per file] *************
skipping: [localhost]

TASK [/stigforge/roles/rhel9_stig : Declare syscalls found per file] ***********
skipping: [localhost]

TASK [/stigforge/roles/rhel9_stig : Declare files where syscalls were found] ***
skipping: [localhost]

TASK [/stigforge/roles/rhel9_stig : Count occurrences of syscalls in paths] ****
skipping: [localhost]

TASK [/stigforge/roles/rhel9_stig : Get path with most syscalls] ***************
skipping: [localhost]

TASK [/stigforge/roles/rhel9_stig : No file with syscall found, set path to /etc/audit/rules.d/privileged.rules] ***
skipping: [localhost]

TASK [/stigforge/roles/rhel9_stig : Declare found syscalls] ********************
skipping: [localhost]

TASK [/stigforge/roles/rhel9_stig : Declare missing syscalls] ******************
skipping: [localhost]

TASK [/stigforge/roles/rhel9_stig : Replace the audit rule in {{ audit_file }}] ***
skipping: [localhost]

TASK [/stigforge/roles/rhel9_stig : Add the audit rule to {{ audit_file }}] ****
skipping: [localhost]

TASK [/stigforge/roles/rhel9_stig : Declare list of syscalls] ******************
skipping: [localhost]

TASK [/stigforge/roles/rhel9_stig : Check existence of  in /etc/audit/audit.rules] ***
skipping: [localhost]

TASK [/stigforge/roles/rhel9_stig : Set path to /etc/audit/audit.rules] ********
skipping: [localhost]

TASK [/stigforge/roles/rhel9_stig : Declare found syscalls] ********************
skipping: [localhost]

TASK [/stigforge/roles/rhel9_stig : Declare missing syscalls] ******************
skipping: [localhost]

TASK [/stigforge/roles/rhel9_stig : Replace the audit rule in {{ audit_file }}] ***
skipping: [localhost]

TASK [/stigforge/roles/rhel9_stig : Add the audit rule to {{ audit_file }}] ****
skipping: [localhost]

TASK [/stigforge/roles/rhel9_stig : Declare list of syscalls] ******************
skipping: [localhost]

TASK [/stigforge/roles/rhel9_stig : Check existence of  in /etc/audit/rules.d/] ***
skipping: [localhost]

TASK [/stigforge/roles/rhel9_stig : Reset syscalls found per file] *************
skipping: [localhost]

TASK [/stigforge/roles/rhel9_stig : Declare syscalls found per file] ***********
skipping: [localhost]

TASK [/stigforge/roles/rhel9_stig : Declare files where syscalls were found] ***
skipping: [localhost]

TASK [/stigforge/roles/rhel9_stig : Count occurrences of syscalls in paths] ****
skipping: [localhost]

TASK [/stigforge/roles/rhel9_stig : Get path with most syscalls] ***************
skipping: [localhost]

TASK [/stigforge/roles/rhel9_stig : No file with syscall found, set path to /etc/audit/rules.d/privileged.rules] ***
skipping: [localhost]

TASK [/stigforge/roles/rhel9_stig : Declare found syscalls] ********************
skipping: [localhost]

TASK [/stigforge/roles/rhel9_stig : Declare missing syscalls] ******************
skipping: [localhost]

TASK [/stigforge/roles/rhel9_stig : Replace the audit rule in {{ audit_file }}] ***
skipping: [localhost]

TASK [/stigforge/roles/rhel9_stig : Add the audit rule to {{ audit_file }}] ****
skipping: [localhost]

TASK [/stigforge/roles/rhel9_stig : Declare list of syscalls] ******************
skipping: [localhost]

TASK [/stigforge/roles/rhel9_stig : Check existence of  in /etc/audit/audit.rules] ***
skipping: [localhost]

TASK [/stigforge/roles/rhel9_stig : Set path to /etc/audit/audit.rules] ********
skipping: [localhost]

TASK [/stigforge/roles/rhel9_stig : Declare found syscalls] ********************
skipping: [localhost]

TASK [/stigforge/roles/rhel9_stig : Declare missing syscalls] ******************
skipping: [localhost]

TASK [/stigforge/roles/rhel9_stig : Replace the audit rule in {{ audit_file }}] ***
skipping: [localhost]

TASK [/stigforge/roles/rhel9_stig : Add the audit rule to {{ audit_file }}] ****
skipping: [localhost]

TASK [/stigforge/roles/rhel9_stig : Declare list of syscalls] ******************
skipping: [localhost]

TASK [/stigforge/roles/rhel9_stig : Check existence of  in /etc/audit/rules.d/] ***
skipping: [localhost]

TASK [/stigforge/roles/rhel9_stig : Reset syscalls found per file] *************
skipping: [localhost]

TASK [/stigforge/roles/rhel9_stig : Declare syscalls found per file] ***********
skipping: [localhost]

TASK [/stigforge/roles/rhel9_stig : Declare files where syscalls were found] ***
skipping: [localhost]

TASK [/stigforge/roles/rhel9_stig : Count occurrences of syscalls in paths] ****
skipping: [localhost]

TASK [/stigforge/roles/rhel9_stig : Get path with most syscalls] ***************
skipping: [localhost]

TASK [/stigforge/roles/rhel9_stig : No file with syscall found, set path to /etc/audit/rules.d/privileged.rules] ***
skipping: [localhost]

TASK [/stigforge/roles/rhel9_stig : Declare found syscalls] ********************
skipping: [localhost]

TASK [/stigforge/roles/rhel9_stig : Declare missing syscalls] ******************
skipping: [localhost]

TASK [/stigforge/roles/rhel9_stig : Replace the audit rule in {{ audit_file }}] ***
skipping: [localhost]

TASK [/stigforge/roles/rhel9_stig : Add the audit rule to {{ audit_file }}] ****
skipping: [localhost]

TASK [/stigforge/roles/rhel9_stig : Declare list of syscalls] ******************
skipping: [localhost]

TASK [/stigforge/roles/rhel9_stig : Check existence of  in /etc/audit/audit.rules] ***
skipping: [localhost]

TASK [/stigforge/roles/rhel9_stig : Set path to /etc/audit/audit.rules] ********
skipping: [localhost]

TASK [/stigforge/roles/rhel9_stig : Declare found syscalls] ********************
skipping: [localhost]

TASK [/stigforge/roles/rhel9_stig : Declare missing syscalls] ******************
skipping: [localhost]

TASK [/stigforge/roles/rhel9_stig : Replace the audit rule in {{ audit_file }}] ***
skipping: [localhost]

TASK [/stigforge/roles/rhel9_stig : Add the audit rule to {{ audit_file }}] ****
skipping: [localhost]

TASK [/stigforge/roles/rhel9_stig : Declare list of syscalls] ******************
skipping: [localhost]

TASK [/stigforge/roles/rhel9_stig : Check existence of  in /etc/audit/rules.d/] ***
skipping: [localhost]

TASK [/stigforge/roles/rhel9_stig : Reset syscalls found per file] *************
skipping: [localhost]

TASK [/stigforge/roles/rhel9_stig : Declare syscalls found per file] ***********
skipping: [localhost]

TASK [/stigforge/roles/rhel9_stig : Declare files where syscalls were found] ***
skipping: [localhost]

TASK [/stigforge/roles/rhel9_stig : Count occurrences of syscalls in paths] ****
skipping: [localhost]

TASK [/stigforge/roles/rhel9_stig : Get path with most syscalls] ***************
skipping: [localhost]

TASK [/stigforge/roles/rhel9_stig : No file with syscall found, set path to /etc/audit/rules.d/privileged.rules] ***
skipping: [localhost]

TASK [/stigforge/roles/rhel9_stig : Declare found syscalls] ********************
skipping: [localhost]

TASK [/stigforge/roles/rhel9_stig : Declare missing syscalls] ******************
skipping: [localhost]

TASK [/stigforge/roles/rhel9_stig : Replace the audit rule in {{ audit_file }}] ***
skipping: [localhost]

TASK [/stigforge/roles/rhel9_stig : Add the audit rule to {{ audit_file }}] ****
skipping: [localhost]

TASK [/stigforge/roles/rhel9_stig : Declare list of syscalls] ******************
skipping: [localhost]

TASK [/stigforge/roles/rhel9_stig : Check existence of  in /etc/audit/audit.rules] ***
skipping: [localhost]

TASK [/stigforge/roles/rhel9_stig : Set path to /etc/audit/audit.rules] ********
skipping: [localhost]

TASK [/stigforge/roles/rhel9_stig : Declare found syscalls] ********************
skipping: [localhost]

TASK [/stigforge/roles/rhel9_stig : Declare missing syscalls] ******************
skipping: [localhost]

TASK [/stigforge/roles/rhel9_stig : Replace the audit rule in {{ audit_file }}] ***
skipping: [localhost]

TASK [/stigforge/roles/rhel9_stig : Add the audit rule to {{ audit_file }}] ****
skipping: [localhost]

TASK [/stigforge/roles/rhel9_stig : Declare list of syscalls] ******************
skipping: [localhost]

TASK [/stigforge/roles/rhel9_stig : Check existence of  in /etc/audit/rules.d/] ***
skipping: [localhost]

TASK [/stigforge/roles/rhel9_stig : Reset syscalls found per file] *************
skipping: [localhost]

TASK [/stigforge/roles/rhel9_stig : Declare syscalls found per file] ***********
skipping: [localhost]

TASK [/stigforge/roles/rhel9_stig : Declare files where syscalls were found] ***
skipping: [localhost]

TASK [/stigforge/roles/rhel9_stig : Count occurrences of syscalls in paths] ****
skipping: [localhost]

TASK [/stigforge/roles/rhel9_stig : Get path with most syscalls] ***************
skipping: [localhost]

TASK [/stigforge/roles/rhel9_stig : No file with syscall found, set path to /etc/audit/rules.d/privileged.rules] ***
skipping: [localhost]

TASK [/stigforge/roles/rhel9_stig : Declare found syscalls] ********************
skipping: [localhost]

TASK [/stigforge/roles/rhel9_stig : Declare missing syscalls] ******************
skipping: [localhost]

TASK [/stigforge/roles/rhel9_stig : Replace the audit rule in {{ audit_file }}] ***
skipping: [localhost]

TASK [/stigforge/roles/rhel9_stig : Add the audit rule to {{ audit_file }}] ****
skipping: [localhost]

TASK [/stigforge/roles/rhel9_stig : Declare list of syscalls] ******************
skipping: [localhost]

TASK [/stigforge/roles/rhel9_stig : Check existence of  in /etc/audit/audit.rules] ***
skipping: [localhost]

TASK [/stigforge/roles/rhel9_stig : Set path to /etc/audit/audit.rules] ********
skipping: [localhost]

TASK [/stigforge/roles/rhel9_stig : Declare found syscalls] ********************
skipping: [localhost]

TASK [/stigforge/roles/rhel9_stig : Declare missing syscalls] ******************
skipping: [localhost]

TASK [/stigforge/roles/rhel9_stig : Replace the audit rule in {{ audit_file }}] ***
skipping: [localhost]

TASK [/stigforge/roles/rhel9_stig : Add the audit rule to {{ audit_file }}] ****
skipping: [localhost]

TASK [/stigforge/roles/rhel9_stig : Declare list of syscalls] ******************
skipping: [localhost]

TASK [/stigforge/roles/rhel9_stig : Check existence of  in /etc/audit/rules.d/] ***
skipping: [localhost]

TASK [/stigforge/roles/rhel9_stig : Reset syscalls found per file] *************
skipping: [localhost]

TASK [/stigforge/roles/rhel9_stig : Declare syscalls found per file] ***********
skipping: [localhost]

TASK [/stigforge/roles/rhel9_stig : Declare files where syscalls were found] ***
skipping: [localhost]

TASK [/stigforge/roles/rhel9_stig : Count occurrences of syscalls in paths] ****
skipping: [localhost]

TASK [/stigforge/roles/rhel9_stig : Get path with most syscalls] ***************
skipping: [localhost]

TASK [/stigforge/roles/rhel9_stig : No file with syscall found, set path to /etc/audit/rules.d/privileged.rules] ***
skipping: [localhost]

TASK [/stigforge/roles/rhel9_stig : Declare found syscalls] ********************
skipping: [localhost]

TASK [/stigforge/roles/rhel9_stig : Declare missing syscalls] ******************
skipping: [localhost]

TASK [/stigforge/roles/rhel9_stig : Replace the audit rule in {{ audit_file }}] ***
skipping: [localhost]

TASK [/stigforge/roles/rhel9_stig : Add the audit rule to {{ audit_file }}] ****
skipping: [localhost]

TASK [/stigforge/roles/rhel9_stig : Declare list of syscalls] ******************
skipping: [localhost]

TASK [/stigforge/roles/rhel9_stig : Check existence of  in /etc/audit/audit.rules] ***
skipping: [localhost]

TASK [/stigforge/roles/rhel9_stig : Set path to /etc/audit/audit.rules] ********
skipping: [localhost]

TASK [/stigforge/roles/rhel9_stig : Declare found syscalls] ********************
skipping: [localhost]

TASK [/stigforge/roles/rhel9_stig : Declare missing syscalls] ******************
skipping: [localhost]

TASK [/stigforge/roles/rhel9_stig : Replace the audit rule in {{ audit_file }}] ***
skipping: [localhost]

TASK [/stigforge/roles/rhel9_stig : Add the audit rule to {{ audit_file }}] ****
skipping: [localhost]

TASK [/stigforge/roles/rhel9_stig : Configure auditd Disk Error Action on Disk Error] ***
skipping: [localhost]

TASK [/stigforge/roles/rhel9_stig : Configure auditd Disk Full Action when Disk Space Is Full] ***
skipping: [localhost]

TASK [/stigforge/roles/rhel9_stig : Configure auditd mail_acct Action on Low Disk Space - Configure auditd mail_acct Action on Low Disk Space] ***
skipping: [localhost]

TASK [/stigforge/roles/rhel9_stig : Configure auditd admin_space_left Action on Low Disk Space] ***
skipping: [localhost]

TASK [/stigforge/roles/rhel9_stig : Configure auditd admin_space_left on Low Disk Space] ***
skipping: [localhost]

TASK [/stigforge/roles/rhel9_stig : Configure auditd max_log_file_action Upon Reaching Maximum Log Size] ***
skipping: [localhost]

TASK [/stigforge/roles/rhel9_stig : Configure auditd space_left Action on Low Disk Space] ***
skipping: [localhost]

TASK [/stigforge/roles/rhel9_stig : Configure auditd space_left on Low Disk Space] ***
skipping: [localhost]

TASK [/stigforge/roles/rhel9_stig : Check for duplicate values] ****************
skipping: [localhost]

TASK [/stigforge/roles/rhel9_stig : Deduplicate values from /etc/audit/auditd.conf] ***
skipping: [localhost]

TASK [/stigforge/roles/rhel9_stig : Insert correct line to /etc/audit/auditd.conf] ***
skipping: [localhost]

TASK [/stigforge/roles/rhel9_stig : Check for duplicate values] ****************
skipping: [localhost]

TASK [/stigforge/roles/rhel9_stig : Deduplicate values from /etc/audit/auditd.conf] ***
skipping: [localhost]

TASK [/stigforge/roles/rhel9_stig : Insert correct line to /etc/audit/auditd.conf] ***
skipping: [localhost]

TASK [/stigforge/roles/rhel9_stig : Check for duplicate values] ****************
skipping: [localhost]

TASK [/stigforge/roles/rhel9_stig : Deduplicate values from /etc/audit/auditd.conf] ***
skipping: [localhost]

TASK [/stigforge/roles/rhel9_stig : Insert correct line to /etc/audit/auditd.conf] ***
skipping: [localhost]

TASK [/stigforge/roles/rhel9_stig : Set type of computer node name logging in audit logs - Define Value to Be Used in the Remediation] ***
skipping: [localhost]

TASK [/stigforge/roles/rhel9_stig : Check for duplicate values] ****************
skipping: [localhost]

TASK [/stigforge/roles/rhel9_stig : Deduplicate values from /etc/audit/auditd.conf] ***
skipping: [localhost]

TASK [/stigforge/roles/rhel9_stig : Insert correct line to /etc/audit/auditd.conf] ***
skipping: [localhost]

TASK [/stigforge/roles/rhel9_stig : Check for duplicate values] ****************
skipping: [localhost]

TASK [/stigforge/roles/rhel9_stig : Deduplicate values from /etc/audit/auditd.conf] ***
skipping: [localhost]

TASK [/stigforge/roles/rhel9_stig : Insert correct line to /etc/audit/auditd.conf] ***
skipping: [localhost]

TASK [/stigforge/roles/rhel9_stig : Check for duplicate values] ****************
skipping: [localhost]

TASK [/stigforge/roles/rhel9_stig : Deduplicate values from /etc/audit/auditd.conf] ***
skipping: [localhost]

TASK [/stigforge/roles/rhel9_stig : Insert correct line to /etc/audit/auditd.conf] ***
skipping: [localhost]

TASK [/stigforge/roles/rhel9_stig : Test for existence /etc/audit/auditd.conf] ***
skipping: [localhost]

TASK [/stigforge/roles/rhel9_stig : Ensure permission u-xs,g-xws,o-xwrt on /etc/audit/auditd.conf] ***
skipping: [localhost]

PLAY RECAP *********************************************************************
localhost                  : ok=457  changed=63   unreachable=0    failed=0    skipped=3282 rescued=0    ignored=0   

